solid ASCII
  facet normal -9.945219e-01 1.045285e-01 0.000000e+00
    outer loop
      vertex   1.632080e+01 2.078270e+01 3.095164e+01
      vertex   1.632080e+01 2.078270e+01 3.495164e+01
      vertex   1.639619e+01 2.150000e+01 3.095164e+01
    endloop
  endfacet
  facet normal -9.945219e-01 1.045285e-01 0.000000e+00
    outer loop
      vertex   1.639619e+01 2.150000e+01 3.095164e+01
      vertex   1.632080e+01 2.078270e+01 3.495164e+01
      vertex   1.639619e+01 2.150000e+01 3.495164e+01
    endloop
  endfacet
  facet normal -9.945219e-01 -1.045285e-01 0.000000e+00
    outer loop
      vertex   1.639619e+01 2.150000e+01 3.095164e+01
      vertex   1.639619e+01 2.150000e+01 3.495164e+01
      vertex   1.632080e+01 2.221730e+01 3.095164e+01
    endloop
  endfacet
  facet normal -9.945219e-01 -1.045285e-01 0.000000e+00
    outer loop
      vertex   1.632080e+01 2.221730e+01 3.095164e+01
      vertex   1.639619e+01 2.150000e+01 3.495164e+01
      vertex   1.632080e+01 2.221730e+01 3.495164e+01
    endloop
  endfacet
  facet normal -9.510565e-01 -3.090170e-01 0.000000e+00
    outer loop
      vertex   1.632080e+01 2.221730e+01 3.095164e+01
      vertex   1.632080e+01 2.221730e+01 3.495164e+01
      vertex   1.609793e+01 2.290324e+01 3.095164e+01
    endloop
  endfacet
  facet normal -9.510565e-01 -3.090170e-01 0.000000e+00
    outer loop
      vertex   1.609793e+01 2.290324e+01 3.095164e+01
      vertex   1.632080e+01 2.221730e+01 3.495164e+01
      vertex   1.609793e+01 2.290324e+01 3.495164e+01
    endloop
  endfacet
  facet normal -8.660254e-01 -5.000000e-01 0.000000e+00
    outer loop
      vertex   1.609793e+01 2.290324e+01 3.095164e+01
      vertex   1.609793e+01 2.290324e+01 3.495164e+01
      vertex   1.573730e+01 2.352786e+01 3.095164e+01
    endloop
  endfacet
  facet normal -8.660254e-01 -5.000000e-01 0.000000e+00
    outer loop
      vertex   1.573730e+01 2.352786e+01 3.095164e+01
      vertex   1.609793e+01 2.290324e+01 3.495164e+01
      vertex   1.573730e+01 2.352786e+01 3.495164e+01
    endloop
  endfacet
  facet normal -7.431448e-01 -6.691306e-01 0.000000e+00
    outer loop
      vertex   1.573730e+01 2.352786e+01 3.095164e+01
      vertex   1.573730e+01 2.352786e+01 3.495164e+01
      vertex   1.525469e+01 2.406385e+01 3.095164e+01
    endloop
  endfacet
  facet normal -7.431448e-01 -6.691306e-01 0.000000e+00
    outer loop
      vertex   1.525469e+01 2.406385e+01 3.095164e+01
      vertex   1.573730e+01 2.352786e+01 3.495164e+01
      vertex   1.525469e+01 2.406385e+01 3.495164e+01
    endloop
  endfacet
  facet normal -5.877853e-01 -8.090170e-01 0.000000e+00
    outer loop
      vertex   1.525469e+01 2.406385e+01 3.095164e+01
      vertex   1.525469e+01 2.406385e+01 3.495164e+01
      vertex   1.467119e+01 2.448779e+01 3.095164e+01
    endloop
  endfacet
  facet normal -5.877853e-01 -8.090170e-01 0.000000e+00
    outer loop
      vertex   1.467119e+01 2.448779e+01 3.095164e+01
      vertex   1.525469e+01 2.406385e+01 3.495164e+01
      vertex   1.467119e+01 2.448779e+01 3.495164e+01
    endloop
  endfacet
  facet normal -4.067366e-01 -9.135455e-01 0.000000e+00
    outer loop
      vertex   1.467119e+01 2.448779e+01 3.095164e+01
      vertex   1.467119e+01 2.448779e+01 3.495164e+01
      vertex   1.401230e+01 2.478114e+01 3.095164e+01
    endloop
  endfacet
  facet normal -4.067366e-01 -9.135455e-01 0.000000e+00
    outer loop
      vertex   1.401230e+01 2.478114e+01 3.095164e+01
      vertex   1.467119e+01 2.448779e+01 3.495164e+01
      vertex   1.401230e+01 2.478114e+01 3.495164e+01
    endloop
  endfacet
  facet normal -2.079117e-01 -9.781476e-01 0.000000e+00
    outer loop
      vertex   1.401230e+01 2.478114e+01 3.095164e+01
      vertex   1.401230e+01 2.478114e+01 3.495164e+01
      vertex   1.330682e+01 2.493110e+01 3.095164e+01
    endloop
  endfacet
  facet normal -2.079117e-01 -9.781476e-01 0.000000e+00
    outer loop
      vertex   1.330682e+01 2.493110e+01 3.095164e+01
      vertex   1.401230e+01 2.478114e+01 3.495164e+01
      vertex   1.330682e+01 2.493110e+01 3.495164e+01
    endloop
  endfacet
  facet normal 0.000000e+00 -1.000000e+00 0.000000e+00
    outer loop
      vertex   1.330682e+01 2.493110e+01 3.095164e+01
      vertex   1.330682e+01 2.493110e+01 3.495164e+01
      vertex   1.258557e+01 2.493110e+01 3.095164e+01
    endloop
  endfacet
  facet normal 0.000000e+00 -1.000000e+00 0.000000e+00
    outer loop
      vertex   1.258557e+01 2.493110e+01 3.095164e+01
      vertex   1.330682e+01 2.493110e+01 3.495164e+01
      vertex   1.258557e+01 2.493110e+01 3.495164e+01
    endloop
  endfacet
  facet normal 2.079117e-01 -9.781476e-01 0.000000e+00
    outer loop
      vertex   1.258557e+01 2.493110e+01 3.095164e+01
      vertex   1.258557e+01 2.493110e+01 3.495164e+01
      vertex   1.188008e+01 2.478114e+01 3.095164e+01
    endloop
  endfacet
  facet normal 2.079117e-01 -9.781476e-01 0.000000e+00
    outer loop
      vertex   1.188008e+01 2.478114e+01 3.095164e+01
      vertex   1.258557e+01 2.493110e+01 3.495164e+01
      vertex   1.188008e+01 2.478114e+01 3.495164e+01
    endloop
  endfacet
  facet normal 4.067366e-01 -9.135455e-01 0.000000e+00
    outer loop
      vertex   1.188008e+01 2.478114e+01 3.095164e+01
      vertex   1.188008e+01 2.478114e+01 3.495164e+01
      vertex   1.122119e+01 2.448779e+01 3.095164e+01
    endloop
  endfacet
  facet normal 4.067366e-01 -9.135455e-01 0.000000e+00
    outer loop
      vertex   1.122119e+01 2.448779e+01 3.095164e+01
      vertex   1.188008e+01 2.478114e+01 3.495164e+01
      vertex   1.122119e+01 2.448779e+01 3.495164e+01
    endloop
  endfacet
  facet normal 5.877853e-01 -8.090170e-01 0.000000e+00
    outer loop
      vertex   1.122119e+01 2.448779e+01 3.095164e+01
      vertex   1.122119e+01 2.448779e+01 3.495164e+01
      vertex   1.063769e+01 2.406385e+01 3.095164e+01
    endloop
  endfacet
  facet normal 5.877853e-01 -8.090170e-01 0.000000e+00
    outer loop
      vertex   1.063769e+01 2.406385e+01 3.095164e+01
      vertex   1.122119e+01 2.448779e+01 3.495164e+01
      vertex   1.063769e+01 2.406385e+01 3.495164e+01
    endloop
  endfacet
  facet normal 7.431448e-01 -6.691306e-01 0.000000e+00
    outer loop
      vertex   1.063769e+01 2.406385e+01 3.095164e+01
      vertex   1.063769e+01 2.406385e+01 3.495164e+01
      vertex   1.015508e+01 2.352786e+01 3.095164e+01
    endloop
  endfacet
  facet normal 7.431448e-01 -6.691306e-01 0.000000e+00
    outer loop
      vertex   1.015508e+01 2.352786e+01 3.095164e+01
      vertex   1.063769e+01 2.406385e+01 3.495164e+01
      vertex   1.015508e+01 2.352786e+01 3.495164e+01
    endloop
  endfacet
  facet normal 8.660254e-01 -5.000000e-01 0.000000e+00
    outer loop
      vertex   1.015508e+01 2.352786e+01 3.095164e+01
      vertex   1.015508e+01 2.352786e+01 3.495164e+01
      vertex   9.794461e+00 2.290324e+01 3.095164e+01
    endloop
  endfacet
  facet normal 8.660254e-01 -5.000000e-01 0.000000e+00
    outer loop
      vertex   9.794461e+00 2.290324e+01 3.095164e+01
      vertex   1.015508e+01 2.352786e+01 3.495164e+01
      vertex   9.794461e+00 2.290324e+01 3.495164e+01
    endloop
  endfacet
  facet normal 9.510565e-01 -3.090170e-01 0.000000e+00
    outer loop
      vertex   9.794461e+00 2.290324e+01 3.095164e+01
      vertex   9.794461e+00 2.290324e+01 3.495164e+01
      vertex   9.571584e+00 2.221730e+01 3.095164e+01
    endloop
  endfacet
  facet normal 9.510565e-01 -3.090170e-01 0.000000e+00
    outer loop
      vertex   9.571584e+00 2.221730e+01 3.095164e+01
      vertex   9.794461e+00 2.290324e+01 3.495164e+01
      vertex   9.571584e+00 2.221730e+01 3.495164e+01
    endloop
  endfacet
  facet normal 9.945219e-01 -1.045285e-01 0.000000e+00
    outer loop
      vertex   9.571584e+00 2.221730e+01 3.095164e+01
      vertex   9.571584e+00 2.221730e+01 3.495164e+01
      vertex   9.496193e+00 2.150000e+01 3.095164e+01
    endloop
  endfacet
  facet normal 9.945219e-01 -1.045285e-01 0.000000e+00
    outer loop
      vertex   9.496193e+00 2.150000e+01 3.095164e+01
      vertex   9.571584e+00 2.221730e+01 3.495164e+01
      vertex   9.496193e+00 2.150000e+01 3.495164e+01
    endloop
  endfacet
  facet normal 9.945219e-01 1.045285e-01 -0.000000e+00
    outer loop
      vertex   9.496193e+00 2.150000e+01 3.095164e+01
      vertex   9.496193e+00 2.150000e+01 3.495164e+01
      vertex   9.571584e+00 2.078270e+01 3.095164e+01
    endloop
  endfacet
  facet normal 9.945219e-01 1.045285e-01 -0.000000e+00
    outer loop
      vertex   9.571584e+00 2.078270e+01 3.095164e+01
      vertex   9.496193e+00 2.150000e+01 3.495164e+01
      vertex   9.571584e+00 2.078270e+01 3.495164e+01
    endloop
  endfacet
  facet normal 9.510565e-01 3.090170e-01 -0.000000e+00
    outer loop
      vertex   9.571584e+00 2.078270e+01 3.095164e+01
      vertex   9.571584e+00 2.078270e+01 3.495164e+01
      vertex   9.794461e+00 2.009676e+01 3.095164e+01
    endloop
  endfacet
  facet normal 9.510565e-01 3.090170e-01 -0.000000e+00
    outer loop
      vertex   9.794461e+00 2.009676e+01 3.095164e+01
      vertex   9.571584e+00 2.078270e+01 3.495164e+01
      vertex   9.794461e+00 2.009676e+01 3.495164e+01
    endloop
  endfacet
  facet normal 8.660254e-01 5.000000e-01 -0.000000e+00
    outer loop
      vertex   9.794461e+00 2.009676e+01 3.095164e+01
      vertex   9.794461e+00 2.009676e+01 3.495164e+01
      vertex   1.015508e+01 1.947214e+01 3.095164e+01
    endloop
  endfacet
  facet normal 8.660254e-01 5.000000e-01 -0.000000e+00
    outer loop
      vertex   1.015508e+01 1.947214e+01 3.095164e+01
      vertex   9.794461e+00 2.009676e+01 3.495164e+01
      vertex   1.015508e+01 1.947214e+01 3.495164e+01
    endloop
  endfacet
  facet normal 7.431448e-01 6.691306e-01 -0.000000e+00
    outer loop
      vertex   1.015508e+01 1.947214e+01 3.095164e+01
      vertex   1.015508e+01 1.947214e+01 3.495164e+01
      vertex   1.063769e+01 1.893615e+01 3.095164e+01
    endloop
  endfacet
  facet normal 7.431448e-01 6.691306e-01 -0.000000e+00
    outer loop
      vertex   1.063769e+01 1.893615e+01 3.095164e+01
      vertex   1.015508e+01 1.947214e+01 3.495164e+01
      vertex   1.063769e+01 1.893615e+01 3.495164e+01
    endloop
  endfacet
  facet normal 5.877853e-01 8.090170e-01 -0.000000e+00
    outer loop
      vertex   1.063769e+01 1.893615e+01 3.095164e+01
      vertex   1.063769e+01 1.893615e+01 3.495164e+01
      vertex   1.122119e+01 1.851221e+01 3.095164e+01
    endloop
  endfacet
  facet normal 5.877853e-01 8.090170e-01 -0.000000e+00
    outer loop
      vertex   1.122119e+01 1.851221e+01 3.095164e+01
      vertex   1.063769e+01 1.893615e+01 3.495164e+01
      vertex   1.122119e+01 1.851221e+01 3.495164e+01
    endloop
  endfacet
  facet normal 4.067366e-01 9.135455e-01 -0.000000e+00
    outer loop
      vertex   1.122119e+01 1.851221e+01 3.095164e+01
      vertex   1.122119e+01 1.851221e+01 3.495164e+01
      vertex   1.188008e+01 1.821886e+01 3.095164e+01
    endloop
  endfacet
  facet normal 4.067366e-01 9.135455e-01 -0.000000e+00
    outer loop
      vertex   1.188008e+01 1.821886e+01 3.095164e+01
      vertex   1.122119e+01 1.851221e+01 3.495164e+01
      vertex   1.188008e+01 1.821886e+01 3.495164e+01
    endloop
  endfacet
  facet normal 2.079117e-01 9.781476e-01 -0.000000e+00
    outer loop
      vertex   1.188008e+01 1.821886e+01 3.095164e+01
      vertex   1.188008e+01 1.821886e+01 3.495164e+01
      vertex   1.258557e+01 1.806890e+01 3.095164e+01
    endloop
  endfacet
  facet normal 2.079117e-01 9.781476e-01 -0.000000e+00
    outer loop
      vertex   1.258557e+01 1.806890e+01 3.095164e+01
      vertex   1.188008e+01 1.821886e+01 3.495164e+01
      vertex   1.258557e+01 1.806890e+01 3.495164e+01
    endloop
  endfacet
  facet normal 0.000000e+00 1.000000e+00 0.000000e+00
    outer loop
      vertex   1.258557e+01 1.806890e+01 3.095164e+01
      vertex   1.258557e+01 1.806890e+01 3.495164e+01
      vertex   1.330682e+01 1.806890e+01 3.095164e+01
    endloop
  endfacet
  facet normal 0.000000e+00 1.000000e+00 -0.000000e+00
    outer loop
      vertex   1.330682e+01 1.806890e+01 3.095164e+01
      vertex   1.258557e+01 1.806890e+01 3.495164e+01
      vertex   1.330682e+01 1.806890e+01 3.495164e+01
    endloop
  endfacet
  facet normal -2.079117e-01 9.781476e-01 0.000000e+00
    outer loop
      vertex   1.330682e+01 1.806890e+01 3.095164e+01
      vertex   1.330682e+01 1.806890e+01 3.495164e+01
      vertex   1.401230e+01 1.821886e+01 3.095164e+01
    endloop
  endfacet
  facet normal -2.079117e-01 9.781476e-01 0.000000e+00
    outer loop
      vertex   1.401230e+01 1.821886e+01 3.095164e+01
      vertex   1.330682e+01 1.806890e+01 3.495164e+01
      vertex   1.401230e+01 1.821886e+01 3.495164e+01
    endloop
  endfacet
  facet normal -4.067366e-01 9.135455e-01 0.000000e+00
    outer loop
      vertex   1.401230e+01 1.821886e+01 3.095164e+01
      vertex   1.401230e+01 1.821886e+01 3.495164e+01
      vertex   1.467119e+01 1.851221e+01 3.095164e+01
    endloop
  endfacet
  facet normal -4.067366e-01 9.135455e-01 0.000000e+00
    outer loop
      vertex   1.467119e+01 1.851221e+01 3.095164e+01
      vertex   1.401230e+01 1.821886e+01 3.495164e+01
      vertex   1.467119e+01 1.851221e+01 3.495164e+01
    endloop
  endfacet
  facet normal -5.877853e-01 8.090170e-01 0.000000e+00
    outer loop
      vertex   1.467119e+01 1.851221e+01 3.095164e+01
      vertex   1.467119e+01 1.851221e+01 3.495164e+01
      vertex   1.525469e+01 1.893615e+01 3.095164e+01
    endloop
  endfacet
  facet normal -5.877853e-01 8.090170e-01 0.000000e+00
    outer loop
      vertex   1.525469e+01 1.893615e+01 3.095164e+01
      vertex   1.467119e+01 1.851221e+01 3.495164e+01
      vertex   1.525469e+01 1.893615e+01 3.495164e+01
    endloop
  endfacet
  facet normal -7.431448e-01 6.691306e-01 0.000000e+00
    outer loop
      vertex   1.525469e+01 1.893615e+01 3.095164e+01
      vertex   1.525469e+01 1.893615e+01 3.495164e+01
      vertex   1.573730e+01 1.947214e+01 3.095164e+01
    endloop
  endfacet
  facet normal -7.431448e-01 6.691306e-01 0.000000e+00
    outer loop
      vertex   1.573730e+01 1.947214e+01 3.095164e+01
      vertex   1.525469e+01 1.893615e+01 3.495164e+01
      vertex   1.573730e+01 1.947214e+01 3.495164e+01
    endloop
  endfacet
  facet normal -8.660254e-01 5.000000e-01 0.000000e+00
    outer loop
      vertex   1.573730e+01 1.947214e+01 3.095164e+01
      vertex   1.573730e+01 1.947214e+01 3.495164e+01
      vertex   1.609793e+01 2.009676e+01 3.095164e+01
    endloop
  endfacet
  facet normal -8.660254e-01 5.000000e-01 0.000000e+00
    outer loop
      vertex   1.609793e+01 2.009676e+01 3.095164e+01
      vertex   1.573730e+01 1.947214e+01 3.495164e+01
      vertex   1.609793e+01 2.009676e+01 3.495164e+01
    endloop
  endfacet
  facet normal -9.510565e-01 3.090170e-01 0.000000e+00
    outer loop
      vertex   1.609793e+01 2.009676e+01 3.095164e+01
      vertex   1.609793e+01 2.009676e+01 3.495164e+01
      vertex   1.632080e+01 2.078270e+01 3.095164e+01
    endloop
  endfacet
  facet normal -9.510565e-01 3.090170e-01 0.000000e+00
    outer loop
      vertex   1.632080e+01 2.078270e+01 3.095164e+01
      vertex   1.609793e+01 2.009676e+01 3.495164e+01
      vertex   1.632080e+01 2.078270e+01 3.495164e+01
    endloop
  endfacet
  facet normal -0.000000e+00 0.000000e+00 1.000000e+00
    outer loop
      vertex   1.439508e+01 2.111177e+01 3.095164e+01
      vertex   1.632080e+01 2.078270e+01 3.095164e+01
      vertex   1.444619e+01 2.150000e+01 3.095164e+01
    endloop
  endfacet
  facet normal -0.000000e+00 0.000000e+00 1.000000e+00
    outer loop
      vertex   1.444619e+01 2.150000e+01 3.095164e+01
      vertex   1.632080e+01 2.078270e+01 3.095164e+01
      vertex   1.639619e+01 2.150000e+01 3.095164e+01
    endloop
  endfacet
  facet normal 0.000000e+00 0.000000e+00 1.000000e+00
    outer loop
      vertex   1.444619e+01 2.150000e+01 3.095164e+01
      vertex   1.639619e+01 2.150000e+01 3.095164e+01
      vertex   1.632080e+01 2.221730e+01 3.095164e+01
    endloop
  endfacet
  facet normal 0.000000e+00 0.000000e+00 1.000000e+00
    outer loop
      vertex   1.632080e+01 2.078270e+01 3.095164e+01
      vertex   1.439508e+01 2.111177e+01 3.095164e+01
      vertex   1.609793e+01 2.009676e+01 3.095164e+01
    endloop
  endfacet
  facet normal 0.000000e+00 0.000000e+00 1.000000e+00
    outer loop
      vertex   1.609793e+01 2.009676e+01 3.095164e+01
      vertex   1.439508e+01 2.111177e+01 3.095164e+01
      vertex   1.424523e+01 2.075000e+01 3.095164e+01
    endloop
  endfacet
  facet normal 0.000000e+00 0.000000e+00 1.000000e+00
    outer loop
      vertex   1.609793e+01 2.009676e+01 3.095164e+01
      vertex   1.424523e+01 2.075000e+01 3.095164e+01
      vertex   1.573730e+01 1.947214e+01 3.095164e+01
    endloop
  endfacet
  facet normal 0.000000e+00 0.000000e+00 1.000000e+00
    outer loop
      vertex   1.573730e+01 1.947214e+01 3.095164e+01
      vertex   1.424523e+01 2.075000e+01 3.095164e+01
      vertex   1.400685e+01 2.043934e+01 3.095164e+01
    endloop
  endfacet
  facet normal 0.000000e+00 0.000000e+00 1.000000e+00
    outer loop
      vertex   1.573730e+01 1.947214e+01 3.095164e+01
      vertex   1.400685e+01 2.043934e+01 3.095164e+01
      vertex   1.525469e+01 1.893615e+01 3.095164e+01
    endloop
  endfacet
  facet normal 0.000000e+00 0.000000e+00 1.000000e+00
    outer loop
      vertex   1.525469e+01 1.893615e+01 3.095164e+01
      vertex   1.400685e+01 2.043934e+01 3.095164e+01
      vertex   1.369619e+01 2.020096e+01 3.095164e+01
    endloop
  endfacet
  facet normal 0.000000e+00 0.000000e+00 1.000000e+00
    outer loop
      vertex   1.525469e+01 1.893615e+01 3.095164e+01
      vertex   1.369619e+01 2.020096e+01 3.095164e+01
      vertex   1.467119e+01 1.851221e+01 3.095164e+01
    endloop
  endfacet
  facet normal 0.000000e+00 0.000000e+00 1.000000e+00
    outer loop
      vertex   1.467119e+01 1.851221e+01 3.095164e+01
      vertex   1.369619e+01 2.020096e+01 3.095164e+01
      vertex   1.401230e+01 1.821886e+01 3.095164e+01
    endloop
  endfacet
  facet normal 0.000000e+00 0.000000e+00 1.000000e+00
    outer loop
      vertex   1.401230e+01 1.821886e+01 3.095164e+01
      vertex   1.369619e+01 2.020096e+01 3.095164e+01
      vertex   1.333442e+01 2.005111e+01 3.095164e+01
    endloop
  endfacet
  facet normal 0.000000e+00 0.000000e+00 1.000000e+00
    outer loop
      vertex   1.401230e+01 1.821886e+01 3.095164e+01
      vertex   1.333442e+01 2.005111e+01 3.095164e+01
      vertex   1.330682e+01 1.806890e+01 3.095164e+01
    endloop
  endfacet
  facet normal 0.000000e+00 -0.000000e+00 1.000000e+00
    outer loop
      vertex   1.330682e+01 1.806890e+01 3.095164e+01
      vertex   1.333442e+01 2.005111e+01 3.095164e+01
      vertex   1.294619e+01 2.000000e+01 3.095164e+01
    endloop
  endfacet
  facet normal 0.000000e+00 0.000000e+00 1.000000e+00
    outer loop
      vertex   1.330682e+01 1.806890e+01 3.095164e+01
      vertex   1.294619e+01 2.000000e+01 3.095164e+01
      vertex   1.258557e+01 1.806890e+01 3.095164e+01
    endloop
  endfacet
  facet normal 0.000000e+00 -0.000000e+00 1.000000e+00
    outer loop
      vertex   1.258557e+01 1.806890e+01 3.095164e+01
      vertex   1.294619e+01 2.000000e+01 3.095164e+01
      vertex   1.255796e+01 2.005111e+01 3.095164e+01
    endloop
  endfacet
  facet normal 0.000000e+00 0.000000e+00 1.000000e+00
    outer loop
      vertex   1.258557e+01 1.806890e+01 3.095164e+01
      vertex   1.255796e+01 2.005111e+01 3.095164e+01
      vertex   1.188008e+01 1.821886e+01 3.095164e+01
    endloop
  endfacet
  facet normal 0.000000e+00 0.000000e+00 1.000000e+00
    outer loop
      vertex   1.188008e+01 1.821886e+01 3.095164e+01
      vertex   1.255796e+01 2.005111e+01 3.095164e+01
      vertex   1.219619e+01 2.020096e+01 3.095164e+01
    endloop
  endfacet
  facet normal 0.000000e+00 -0.000000e+00 1.000000e+00
    outer loop
      vertex   1.188008e+01 1.821886e+01 3.095164e+01
      vertex   1.219619e+01 2.020096e+01 3.095164e+01
      vertex   1.122119e+01 1.851221e+01 3.095164e+01
    endloop
  endfacet
  facet normal 0.000000e+00 -0.000000e+00 1.000000e+00
    outer loop
      vertex   1.122119e+01 1.851221e+01 3.095164e+01
      vertex   1.219619e+01 2.020096e+01 3.095164e+01
      vertex   1.063769e+01 1.893615e+01 3.095164e+01
    endloop
  endfacet
  facet normal 0.000000e+00 0.000000e+00 1.000000e+00
    outer loop
      vertex   1.063769e+01 1.893615e+01 3.095164e+01
      vertex   1.219619e+01 2.020096e+01 3.095164e+01
      vertex   1.188553e+01 2.043934e+01 3.095164e+01
    endloop
  endfacet
  facet normal 0.000000e+00 -0.000000e+00 1.000000e+00
    outer loop
      vertex   1.063769e+01 1.893615e+01 3.095164e+01
      vertex   1.188553e+01 2.043934e+01 3.095164e+01
      vertex   1.015508e+01 1.947214e+01 3.095164e+01
    endloop
  endfacet
  facet normal 0.000000e+00 0.000000e+00 1.000000e+00
    outer loop
      vertex   1.015508e+01 1.947214e+01 3.095164e+01
      vertex   1.188553e+01 2.043934e+01 3.095164e+01
      vertex   1.164716e+01 2.075000e+01 3.095164e+01
    endloop
  endfacet
  facet normal 0.000000e+00 -0.000000e+00 1.000000e+00
    outer loop
      vertex   1.015508e+01 1.947214e+01 3.095164e+01
      vertex   1.164716e+01 2.075000e+01 3.095164e+01
      vertex   9.794461e+00 2.009676e+01 3.095164e+01
    endloop
  endfacet
  facet normal 0.000000e+00 0.000000e+00 1.000000e+00
    outer loop
      vertex   9.794461e+00 2.009676e+01 3.095164e+01
      vertex   1.164716e+01 2.075000e+01 3.095164e+01
      vertex   1.149730e+01 2.111177e+01 3.095164e+01
    endloop
  endfacet
  facet normal 0.000000e+00 -0.000000e+00 1.000000e+00
    outer loop
      vertex   9.794461e+00 2.009676e+01 3.095164e+01
      vertex   1.149730e+01 2.111177e+01 3.095164e+01
      vertex   9.571584e+00 2.078270e+01 3.095164e+01
    endloop
  endfacet
  facet normal 0.000000e+00 0.000000e+00 1.000000e+00
    outer loop
      vertex   9.571584e+00 2.078270e+01 3.095164e+01
      vertex   1.149730e+01 2.111177e+01 3.095164e+01
      vertex   1.144619e+01 2.150000e+01 3.095164e+01
    endloop
  endfacet
  facet normal 0.000000e+00 -0.000000e+00 1.000000e+00
    outer loop
      vertex   9.571584e+00 2.078270e+01 3.095164e+01
      vertex   1.144619e+01 2.150000e+01 3.095164e+01
      vertex   9.496193e+00 2.150000e+01 3.095164e+01
    endloop
  endfacet
  facet normal 0.000000e+00 0.000000e+00 1.000000e+00
    outer loop
      vertex   9.496193e+00 2.150000e+01 3.095164e+01
      vertex   1.144619e+01 2.150000e+01 3.095164e+01
      vertex   9.571584e+00 2.221730e+01 3.095164e+01
    endloop
  endfacet
  facet normal 0.000000e+00 0.000000e+00 1.000000e+00
    outer loop
      vertex   9.571584e+00 2.221730e+01 3.095164e+01
      vertex   1.144619e+01 2.150000e+01 3.095164e+01
      vertex   1.149730e+01 2.188823e+01 3.095164e+01
    endloop
  endfacet
  facet normal -0.000000e+00 0.000000e+00 1.000000e+00
    outer loop
      vertex   9.571584e+00 2.221730e+01 3.095164e+01
      vertex   1.149730e+01 2.188823e+01 3.095164e+01
      vertex   9.794461e+00 2.290324e+01 3.095164e+01
    endloop
  endfacet
  facet normal 0.000000e+00 0.000000e+00 1.000000e+00
    outer loop
      vertex   9.794461e+00 2.290324e+01 3.095164e+01
      vertex   1.149730e+01 2.188823e+01 3.095164e+01
      vertex   1.164716e+01 2.225000e+01 3.095164e+01
    endloop
  endfacet
  facet normal -0.000000e+00 0.000000e+00 1.000000e+00
    outer loop
      vertex   9.794461e+00 2.290324e+01 3.095164e+01
      vertex   1.164716e+01 2.225000e+01 3.095164e+01
      vertex   1.015508e+01 2.352786e+01 3.095164e+01
    endloop
  endfacet
  facet normal 0.000000e+00 0.000000e+00 1.000000e+00
    outer loop
      vertex   1.015508e+01 2.352786e+01 3.095164e+01
      vertex   1.164716e+01 2.225000e+01 3.095164e+01
      vertex   1.188553e+01 2.256066e+01 3.095164e+01
    endloop
  endfacet
  facet normal -0.000000e+00 0.000000e+00 1.000000e+00
    outer loop
      vertex   1.015508e+01 2.352786e+01 3.095164e+01
      vertex   1.188553e+01 2.256066e+01 3.095164e+01
      vertex   1.063769e+01 2.406385e+01 3.095164e+01
    endloop
  endfacet
  facet normal 0.000000e+00 0.000000e+00 1.000000e+00
    outer loop
      vertex   1.063769e+01 2.406385e+01 3.095164e+01
      vertex   1.188553e+01 2.256066e+01 3.095164e+01
      vertex   1.219619e+01 2.279904e+01 3.095164e+01
    endloop
  endfacet
  facet normal -0.000000e+00 0.000000e+00 1.000000e+00
    outer loop
      vertex   1.063769e+01 2.406385e+01 3.095164e+01
      vertex   1.219619e+01 2.279904e+01 3.095164e+01
      vertex   1.122119e+01 2.448779e+01 3.095164e+01
    endloop
  endfacet
  facet normal -0.000000e+00 0.000000e+00 1.000000e+00
    outer loop
      vertex   1.122119e+01 2.448779e+01 3.095164e+01
      vertex   1.219619e+01 2.279904e+01 3.095164e+01
      vertex   1.188008e+01 2.478114e+01 3.095164e+01
    endloop
  endfacet
  facet normal 0.000000e+00 0.000000e+00 1.000000e+00
    outer loop
      vertex   1.188008e+01 2.478114e+01 3.095164e+01
      vertex   1.219619e+01 2.279904e+01 3.095164e+01
      vertex   1.255796e+01 2.294889e+01 3.095164e+01
    endloop
  endfacet
  facet normal -0.000000e+00 0.000000e+00 1.000000e+00
    outer loop
      vertex   1.188008e+01 2.478114e+01 3.095164e+01
      vertex   1.255796e+01 2.294889e+01 3.095164e+01
      vertex   1.258557e+01 2.493110e+01 3.095164e+01
    endloop
  endfacet
  facet normal 0.000000e+00 0.000000e+00 1.000000e+00
    outer loop
      vertex   1.258557e+01 2.493110e+01 3.095164e+01
      vertex   1.255796e+01 2.294889e+01 3.095164e+01
      vertex   1.294619e+01 2.300000e+01 3.095164e+01
    endloop
  endfacet
  facet normal -0.000000e+00 0.000000e+00 1.000000e+00
    outer loop
      vertex   1.258557e+01 2.493110e+01 3.095164e+01
      vertex   1.294619e+01 2.300000e+01 3.095164e+01
      vertex   1.330682e+01 2.493110e+01 3.095164e+01
    endloop
  endfacet
  facet normal 0.000000e+00 0.000000e+00 1.000000e+00
    outer loop
      vertex   1.330682e+01 2.493110e+01 3.095164e+01
      vertex   1.294619e+01 2.300000e+01 3.095164e+01
      vertex   1.333442e+01 2.294889e+01 3.095164e+01
    endloop
  endfacet
  facet normal 0.000000e+00 0.000000e+00 1.000000e+00
    outer loop
      vertex   1.330682e+01 2.493110e+01 3.095164e+01
      vertex   1.333442e+01 2.294889e+01 3.095164e+01
      vertex   1.401230e+01 2.478114e+01 3.095164e+01
    endloop
  endfacet
  facet normal 0.000000e+00 0.000000e+00 1.000000e+00
    outer loop
      vertex   1.401230e+01 2.478114e+01 3.095164e+01
      vertex   1.333442e+01 2.294889e+01 3.095164e+01
      vertex   1.369619e+01 2.279904e+01 3.095164e+01
    endloop
  endfacet
  facet normal 0.000000e+00 0.000000e+00 1.000000e+00
    outer loop
      vertex   1.401230e+01 2.478114e+01 3.095164e+01
      vertex   1.369619e+01 2.279904e+01 3.095164e+01
      vertex   1.467119e+01 2.448779e+01 3.095164e+01
    endloop
  endfacet
  facet normal 0.000000e+00 0.000000e+00 1.000000e+00
    outer loop
      vertex   1.467119e+01 2.448779e+01 3.095164e+01
      vertex   1.369619e+01 2.279904e+01 3.095164e+01
      vertex   1.525469e+01 2.406385e+01 3.095164e+01
    endloop
  endfacet
  facet normal 0.000000e+00 0.000000e+00 1.000000e+00
    outer loop
      vertex   1.525469e+01 2.406385e+01 3.095164e+01
      vertex   1.369619e+01 2.279904e+01 3.095164e+01
      vertex   1.400685e+01 2.256066e+01 3.095164e+01
    endloop
  endfacet
  facet normal 0.000000e+00 0.000000e+00 1.000000e+00
    outer loop
      vertex   1.525469e+01 2.406385e+01 3.095164e+01
      vertex   1.400685e+01 2.256066e+01 3.095164e+01
      vertex   1.573730e+01 2.352786e+01 3.095164e+01
    endloop
  endfacet
  facet normal 0.000000e+00 0.000000e+00 1.000000e+00
    outer loop
      vertex   1.573730e+01 2.352786e+01 3.095164e+01
      vertex   1.400685e+01 2.256066e+01 3.095164e+01
      vertex   1.424523e+01 2.225000e+01 3.095164e+01
    endloop
  endfacet
  facet normal 0.000000e+00 0.000000e+00 1.000000e+00
    outer loop
      vertex   1.573730e+01 2.352786e+01 3.095164e+01
      vertex   1.424523e+01 2.225000e+01 3.095164e+01
      vertex   1.609793e+01 2.290324e+01 3.095164e+01
    endloop
  endfacet
  facet normal 0.000000e+00 0.000000e+00 1.000000e+00
    outer loop
      vertex   1.609793e+01 2.290324e+01 3.095164e+01
      vertex   1.424523e+01 2.225000e+01 3.095164e+01
      vertex   1.439508e+01 2.188823e+01 3.095164e+01
    endloop
  endfacet
  facet normal 0.000000e+00 0.000000e+00 1.000000e+00
    outer loop
      vertex   1.609793e+01 2.290324e+01 3.095164e+01
      vertex   1.439508e+01 2.188823e+01 3.095164e+01
      vertex   1.632080e+01 2.221730e+01 3.095164e+01
    endloop
  endfacet
  facet normal 0.000000e+00 0.000000e+00 1.000000e+00
    outer loop
      vertex   1.632080e+01 2.221730e+01 3.095164e+01
      vertex   1.439508e+01 2.188823e+01 3.095164e+01
      vertex   1.444619e+01 2.150000e+01 3.095164e+01
    endloop
  endfacet
  facet normal -9.914449e-01 -1.305262e-01 -0.000000e+00
    outer loop
      vertex   1.439508e+01 2.188823e+01 3.095164e+01
      vertex   1.439508e+01 2.188823e+01 2.895164e+01
      vertex   1.444619e+01 2.150000e+01 3.095164e+01
    endloop
  endfacet
  facet normal -9.914449e-01 -1.305262e-01 -0.000000e+00
    outer loop
      vertex   1.444619e+01 2.150000e+01 3.095164e+01
      vertex   1.439508e+01 2.188823e+01 2.895164e+01
      vertex   1.444619e+01 2.150000e+01 2.895164e+01
    endloop
  endfacet
  facet normal -9.914449e-01 1.305262e-01 0.000000e+00
    outer loop
      vertex   1.444619e+01 2.150000e+01 3.095164e+01
      vertex   1.444619e+01 2.150000e+01 2.895164e+01
      vertex   1.439508e+01 2.111177e+01 3.095164e+01
    endloop
  endfacet
  facet normal -9.914449e-01 1.305262e-01 0.000000e+00
    outer loop
      vertex   1.439508e+01 2.111177e+01 3.095164e+01
      vertex   1.444619e+01 2.150000e+01 2.895164e+01
      vertex   1.439508e+01 2.111177e+01 2.895164e+01
    endloop
  endfacet
  facet normal -9.238795e-01 3.826834e-01 0.000000e+00
    outer loop
      vertex   1.439508e+01 2.111177e+01 3.095164e+01
      vertex   1.439508e+01 2.111177e+01 2.895164e+01
      vertex   1.424523e+01 2.075000e+01 3.095164e+01
    endloop
  endfacet
  facet normal -9.238795e-01 3.826834e-01 0.000000e+00
    outer loop
      vertex   1.424523e+01 2.075000e+01 3.095164e+01
      vertex   1.439508e+01 2.111177e+01 2.895164e+01
      vertex   1.424523e+01 2.075000e+01 2.895164e+01
    endloop
  endfacet
  facet normal -7.933533e-01 6.087614e-01 0.000000e+00
    outer loop
      vertex   1.424523e+01 2.075000e+01 3.095164e+01
      vertex   1.424523e+01 2.075000e+01 2.895164e+01
      vertex   1.400685e+01 2.043934e+01 3.095164e+01
    endloop
  endfacet
  facet normal -7.933533e-01 6.087614e-01 0.000000e+00
    outer loop
      vertex   1.400685e+01 2.043934e+01 3.095164e+01
      vertex   1.424523e+01 2.075000e+01 2.895164e+01
      vertex   1.400685e+01 2.043934e+01 2.895164e+01
    endloop
  endfacet
  facet normal -6.087614e-01 7.933533e-01 0.000000e+00
    outer loop
      vertex   1.400685e+01 2.043934e+01 3.095164e+01
      vertex   1.400685e+01 2.043934e+01 2.895164e+01
      vertex   1.369619e+01 2.020096e+01 3.095164e+01
    endloop
  endfacet
  facet normal -6.087614e-01 7.933533e-01 0.000000e+00
    outer loop
      vertex   1.369619e+01 2.020096e+01 3.095164e+01
      vertex   1.400685e+01 2.043934e+01 2.895164e+01
      vertex   1.369619e+01 2.020096e+01 2.895164e+01
    endloop
  endfacet
  facet normal -3.826834e-01 9.238795e-01 0.000000e+00
    outer loop
      vertex   1.369619e+01 2.020096e+01 3.095164e+01
      vertex   1.369619e+01 2.020096e+01 2.895164e+01
      vertex   1.333442e+01 2.005111e+01 3.095164e+01
    endloop
  endfacet
  facet normal -3.826834e-01 9.238795e-01 0.000000e+00
    outer loop
      vertex   1.333442e+01 2.005111e+01 3.095164e+01
      vertex   1.369619e+01 2.020096e+01 2.895164e+01
      vertex   1.333442e+01 2.005111e+01 2.895164e+01
    endloop
  endfacet
  facet normal -1.305262e-01 9.914449e-01 0.000000e+00
    outer loop
      vertex   1.333442e+01 2.005111e+01 3.095164e+01
      vertex   1.333442e+01 2.005111e+01 2.895164e+01
      vertex   1.294619e+01 2.000000e+01 3.095164e+01
    endloop
  endfacet
  facet normal -1.305262e-01 9.914449e-01 0.000000e+00
    outer loop
      vertex   1.294619e+01 2.000000e+01 3.095164e+01
      vertex   1.333442e+01 2.005111e+01 2.895164e+01
      vertex   1.294619e+01 2.000000e+01 2.895164e+01
    endloop
  endfacet
  facet normal 1.305262e-01 9.914449e-01 0.000000e+00
    outer loop
      vertex   1.294619e+01 2.000000e+01 3.095164e+01
      vertex   1.294619e+01 2.000000e+01 2.895164e+01
      vertex   1.255796e+01 2.005111e+01 3.095164e+01
    endloop
  endfacet
  facet normal 1.305262e-01 9.914449e-01 0.000000e+00
    outer loop
      vertex   1.255796e+01 2.005111e+01 3.095164e+01
      vertex   1.294619e+01 2.000000e+01 2.895164e+01
      vertex   1.255796e+01 2.005111e+01 2.895164e+01
    endloop
  endfacet
  facet normal 3.826834e-01 9.238795e-01 0.000000e+00
    outer loop
      vertex   1.255796e+01 2.005111e+01 3.095164e+01
      vertex   1.255796e+01 2.005111e+01 2.895164e+01
      vertex   1.219619e+01 2.020096e+01 3.095164e+01
    endloop
  endfacet
  facet normal 3.826834e-01 9.238795e-01 0.000000e+00
    outer loop
      vertex   1.219619e+01 2.020096e+01 3.095164e+01
      vertex   1.255796e+01 2.005111e+01 2.895164e+01
      vertex   1.219619e+01 2.020096e+01 2.895164e+01
    endloop
  endfacet
  facet normal 6.087614e-01 7.933533e-01 0.000000e+00
    outer loop
      vertex   1.219619e+01 2.020096e+01 3.095164e+01
      vertex   1.219619e+01 2.020096e+01 2.895164e+01
      vertex   1.188553e+01 2.043934e+01 3.095164e+01
    endloop
  endfacet
  facet normal 6.087614e-01 7.933533e-01 0.000000e+00
    outer loop
      vertex   1.188553e+01 2.043934e+01 3.095164e+01
      vertex   1.219619e+01 2.020096e+01 2.895164e+01
      vertex   1.188553e+01 2.043934e+01 2.895164e+01
    endloop
  endfacet
  facet normal 7.933533e-01 6.087614e-01 0.000000e+00
    outer loop
      vertex   1.188553e+01 2.043934e+01 3.095164e+01
      vertex   1.188553e+01 2.043934e+01 2.895164e+01
      vertex   1.164716e+01 2.075000e+01 3.095164e+01
    endloop
  endfacet
  facet normal 7.933533e-01 6.087614e-01 0.000000e+00
    outer loop
      vertex   1.164716e+01 2.075000e+01 3.095164e+01
      vertex   1.188553e+01 2.043934e+01 2.895164e+01
      vertex   1.164716e+01 2.075000e+01 2.895164e+01
    endloop
  endfacet
  facet normal 9.238795e-01 3.826834e-01 0.000000e+00
    outer loop
      vertex   1.164716e+01 2.075000e+01 3.095164e+01
      vertex   1.164716e+01 2.075000e+01 2.895164e+01
      vertex   1.149730e+01 2.111177e+01 3.095164e+01
    endloop
  endfacet
  facet normal 9.238795e-01 3.826834e-01 0.000000e+00
    outer loop
      vertex   1.149730e+01 2.111177e+01 3.095164e+01
      vertex   1.164716e+01 2.075000e+01 2.895164e+01
      vertex   1.149730e+01 2.111177e+01 2.895164e+01
    endloop
  endfacet
  facet normal 9.914449e-01 1.305262e-01 0.000000e+00
    outer loop
      vertex   1.149730e+01 2.111177e+01 3.095164e+01
      vertex   1.149730e+01 2.111177e+01 2.895164e+01
      vertex   1.144619e+01 2.150000e+01 3.095164e+01
    endloop
  endfacet
  facet normal 9.914449e-01 1.305262e-01 0.000000e+00
    outer loop
      vertex   1.144619e+01 2.150000e+01 3.095164e+01
      vertex   1.149730e+01 2.111177e+01 2.895164e+01
      vertex   1.144619e+01 2.150000e+01 2.895164e+01
    endloop
  endfacet
  facet normal 9.914449e-01 -1.305262e-01 0.000000e+00
    outer loop
      vertex   1.144619e+01 2.150000e+01 3.095164e+01
      vertex   1.144619e+01 2.150000e+01 2.895164e+01
      vertex   1.149730e+01 2.188823e+01 3.095164e+01
    endloop
  endfacet
  facet normal 9.914449e-01 -1.305262e-01 0.000000e+00
    outer loop
      vertex   1.149730e+01 2.188823e+01 3.095164e+01
      vertex   1.144619e+01 2.150000e+01 2.895164e+01
      vertex   1.149730e+01 2.188823e+01 2.895164e+01
    endloop
  endfacet
  facet normal 9.238795e-01 -3.826834e-01 0.000000e+00
    outer loop
      vertex   1.149730e+01 2.188823e+01 3.095164e+01
      vertex   1.149730e+01 2.188823e+01 2.895164e+01
      vertex   1.164716e+01 2.225000e+01 3.095164e+01
    endloop
  endfacet
  facet normal 9.238795e-01 -3.826834e-01 0.000000e+00
    outer loop
      vertex   1.164716e+01 2.225000e+01 3.095164e+01
      vertex   1.149730e+01 2.188823e+01 2.895164e+01
      vertex   1.164716e+01 2.225000e+01 2.895164e+01
    endloop
  endfacet
  facet normal 7.933533e-01 -6.087614e-01 0.000000e+00
    outer loop
      vertex   1.164716e+01 2.225000e+01 3.095164e+01
      vertex   1.164716e+01 2.225000e+01 2.895164e+01
      vertex   1.188553e+01 2.256066e+01 3.095164e+01
    endloop
  endfacet
  facet normal 7.933533e-01 -6.087614e-01 0.000000e+00
    outer loop
      vertex   1.188553e+01 2.256066e+01 3.095164e+01
      vertex   1.164716e+01 2.225000e+01 2.895164e+01
      vertex   1.188553e+01 2.256066e+01 2.895164e+01
    endloop
  endfacet
  facet normal 6.087614e-01 -7.933533e-01 0.000000e+00
    outer loop
      vertex   1.188553e+01 2.256066e+01 3.095164e+01
      vertex   1.188553e+01 2.256066e+01 2.895164e+01
      vertex   1.219619e+01 2.279904e+01 3.095164e+01
    endloop
  endfacet
  facet normal 6.087614e-01 -7.933533e-01 0.000000e+00
    outer loop
      vertex   1.219619e+01 2.279904e+01 3.095164e+01
      vertex   1.188553e+01 2.256066e+01 2.895164e+01
      vertex   1.219619e+01 2.279904e+01 2.895164e+01
    endloop
  endfacet
  facet normal 3.826834e-01 -9.238795e-01 0.000000e+00
    outer loop
      vertex   1.219619e+01 2.279904e+01 3.095164e+01
      vertex   1.219619e+01 2.279904e+01 2.895164e+01
      vertex   1.255796e+01 2.294889e+01 3.095164e+01
    endloop
  endfacet
  facet normal 3.826834e-01 -9.238795e-01 0.000000e+00
    outer loop
      vertex   1.255796e+01 2.294889e+01 3.095164e+01
      vertex   1.219619e+01 2.279904e+01 2.895164e+01
      vertex   1.255796e+01 2.294889e+01 2.895164e+01
    endloop
  endfacet
  facet normal 1.305262e-01 -9.914449e-01 0.000000e+00
    outer loop
      vertex   1.255796e+01 2.294889e+01 3.095164e+01
      vertex   1.255796e+01 2.294889e+01 2.895164e+01
      vertex   1.294619e+01 2.300000e+01 3.095164e+01
    endloop
  endfacet
  facet normal 1.305262e-01 -9.914449e-01 0.000000e+00
    outer loop
      vertex   1.294619e+01 2.300000e+01 3.095164e+01
      vertex   1.255796e+01 2.294889e+01 2.895164e+01
      vertex   1.294619e+01 2.300000e+01 2.895164e+01
    endloop
  endfacet
  facet normal -1.305262e-01 -9.914449e-01 -0.000000e+00
    outer loop
      vertex   1.294619e+01 2.300000e+01 3.095164e+01
      vertex   1.294619e+01 2.300000e+01 2.895164e+01
      vertex   1.333442e+01 2.294889e+01 3.095164e+01
    endloop
  endfacet
  facet normal -1.305262e-01 -9.914449e-01 -0.000000e+00
    outer loop
      vertex   1.333442e+01 2.294889e+01 3.095164e+01
      vertex   1.294619e+01 2.300000e+01 2.895164e+01
      vertex   1.333442e+01 2.294889e+01 2.895164e+01
    endloop
  endfacet
  facet normal -3.826834e-01 -9.238795e-01 -0.000000e+00
    outer loop
      vertex   1.333442e+01 2.294889e+01 3.095164e+01
      vertex   1.333442e+01 2.294889e+01 2.895164e+01
      vertex   1.369619e+01 2.279904e+01 3.095164e+01
    endloop
  endfacet
  facet normal -3.826834e-01 -9.238795e-01 -0.000000e+00
    outer loop
      vertex   1.369619e+01 2.279904e+01 3.095164e+01
      vertex   1.333442e+01 2.294889e+01 2.895164e+01
      vertex   1.369619e+01 2.279904e+01 2.895164e+01
    endloop
  endfacet
  facet normal -6.087614e-01 -7.933533e-01 -0.000000e+00
    outer loop
      vertex   1.369619e+01 2.279904e+01 3.095164e+01
      vertex   1.369619e+01 2.279904e+01 2.895164e+01
      vertex   1.400685e+01 2.256066e+01 3.095164e+01
    endloop
  endfacet
  facet normal -6.087614e-01 -7.933533e-01 -0.000000e+00
    outer loop
      vertex   1.400685e+01 2.256066e+01 3.095164e+01
      vertex   1.369619e+01 2.279904e+01 2.895164e+01
      vertex   1.400685e+01 2.256066e+01 2.895164e+01
    endloop
  endfacet
  facet normal -7.933533e-01 -6.087614e-01 -0.000000e+00
    outer loop
      vertex   1.400685e+01 2.256066e+01 3.095164e+01
      vertex   1.400685e+01 2.256066e+01 2.895164e+01
      vertex   1.424523e+01 2.225000e+01 3.095164e+01
    endloop
  endfacet
  facet normal -7.933533e-01 -6.087614e-01 -0.000000e+00
    outer loop
      vertex   1.424523e+01 2.225000e+01 3.095164e+01
      vertex   1.400685e+01 2.256066e+01 2.895164e+01
      vertex   1.424523e+01 2.225000e+01 2.895164e+01
    endloop
  endfacet
  facet normal -9.238795e-01 -3.826834e-01 -0.000000e+00
    outer loop
      vertex   1.424523e+01 2.225000e+01 3.095164e+01
      vertex   1.424523e+01 2.225000e+01 2.895164e+01
      vertex   1.439508e+01 2.188823e+01 3.095164e+01
    endloop
  endfacet
  facet normal -9.238795e-01 -3.826834e-01 -0.000000e+00
    outer loop
      vertex   1.439508e+01 2.188823e+01 3.095164e+01
      vertex   1.424523e+01 2.225000e+01 2.895164e+01
      vertex   1.439508e+01 2.188823e+01 2.895164e+01
    endloop
  endfacet
  facet normal 9.961947e-01 8.715574e-02 -0.000000e+00
    outer loop
      vertex   1.803318e+01 2.244325e+01 2.895164e+01
      vertex   1.803318e+01 2.244325e+01 3.245164e+01
      vertex   1.811173e+01 2.154532e+01 2.895164e+01
    endloop
  endfacet
  facet normal 9.961947e-01 8.715574e-02 -0.000000e+00
    outer loop
      vertex   1.811173e+01 2.154532e+01 2.895164e+01
      vertex   1.803318e+01 2.244325e+01 3.245164e+01
      vertex   1.811173e+01 2.154532e+01 3.245164e+01
    endloop
  endfacet
  facet normal 9.961947e-01 -8.715574e-02 0.000000e+00
    outer loop
      vertex   1.811173e+01 2.154532e+01 2.895164e+01
      vertex   1.811173e+01 2.154532e+01 3.245164e+01
      vertex   1.803318e+01 2.064739e+01 2.895164e+01
    endloop
  endfacet
  facet normal 9.961947e-01 -8.715574e-02 0.000000e+00
    outer loop
      vertex   1.803318e+01 2.064739e+01 2.895164e+01
      vertex   1.811173e+01 2.154532e+01 3.245164e+01
      vertex   1.803318e+01 2.064739e+01 3.245164e+01
    endloop
  endfacet
  facet normal 9.659258e-01 -2.588190e-01 0.000000e+00
    outer loop
      vertex   1.803318e+01 2.064739e+01 2.895164e+01
      vertex   1.803318e+01 2.064739e+01 3.245164e+01
      vertex   1.779989e+01 1.977674e+01 2.895164e+01
    endloop
  endfacet
  facet normal 9.659258e-01 -2.588190e-01 0.000000e+00
    outer loop
      vertex   1.779989e+01 1.977674e+01 2.895164e+01
      vertex   1.803318e+01 2.064739e+01 3.245164e+01
      vertex   1.779989e+01 1.977674e+01 3.245164e+01
    endloop
  endfacet
  facet normal 9.063078e-01 -4.226183e-01 0.000000e+00
    outer loop
      vertex   1.779989e+01 1.977674e+01 2.895164e+01
      vertex   1.779989e+01 1.977674e+01 3.245164e+01
      vertex   1.741895e+01 1.895983e+01 2.895164e+01
    endloop
  endfacet
  facet normal 9.063078e-01 -4.226183e-01 4.909744e-16
    outer loop
      vertex   1.741895e+01 1.895983e+01 2.895164e+01
      vertex   1.779989e+01 1.977674e+01 3.245164e+01
      vertex   1.741895e+01 1.895983e+01 3.245164e+01
    endloop
  endfacet
  facet normal 8.191520e-01 -5.735764e-01 2.492742e-16
    outer loop
      vertex   1.741895e+01 1.895983e+01 2.895164e+01
      vertex   1.741895e+01 1.895983e+01 3.245164e+01
      vertex   1.690195e+01 1.822147e+01 2.895164e+01
    endloop
  endfacet
  facet normal 8.191520e-01 -5.735764e-01 0.000000e+00
    outer loop
      vertex   1.690195e+01 1.822147e+01 2.895164e+01
      vertex   1.741895e+01 1.895983e+01 3.245164e+01
      vertex   1.690195e+01 1.822147e+01 3.245164e+01
    endloop
  endfacet
  facet normal 7.071068e-01 -7.071068e-01 0.000000e+00
    outer loop
      vertex   1.690195e+01 1.822147e+01 2.895164e+01
      vertex   1.690195e+01 1.822147e+01 3.245164e+01
      vertex   1.626459e+01 1.758411e+01 2.895164e+01
    endloop
  endfacet
  facet normal 7.071068e-01 -7.071068e-01 0.000000e+00
    outer loop
      vertex   1.626459e+01 1.758411e+01 2.895164e+01
      vertex   1.690195e+01 1.822147e+01 3.245164e+01
      vertex   1.626459e+01 1.758411e+01 3.245164e+01
    endloop
  endfacet
  facet normal 5.735764e-01 -8.191520e-01 0.000000e+00
    outer loop
      vertex   1.626459e+01 1.758411e+01 2.895164e+01
      vertex   1.626459e+01 1.758411e+01 3.245164e+01
      vertex   1.552624e+01 1.706711e+01 2.895164e+01
    endloop
  endfacet
  facet normal 5.735764e-01 -8.191520e-01 0.000000e+00
    outer loop
      vertex   1.552624e+01 1.706711e+01 2.895164e+01
      vertex   1.626459e+01 1.758411e+01 3.245164e+01
      vertex   1.552624e+01 1.706711e+01 3.245164e+01
    endloop
  endfacet
  facet normal 4.226183e-01 -9.063078e-01 0.000000e+00
    outer loop
      vertex   1.552624e+01 1.706711e+01 2.895164e+01
      vertex   1.552624e+01 1.706711e+01 3.245164e+01
      vertex   1.470933e+01 1.668618e+01 2.895164e+01
    endloop
  endfacet
  facet normal 4.226183e-01 -9.063078e-01 2.144917e-16
    outer loop
      vertex   1.470933e+01 1.668618e+01 2.895164e+01
      vertex   1.552624e+01 1.706711e+01 3.245164e+01
      vertex   1.470933e+01 1.668618e+01 3.245164e+01
    endloop
  endfacet
  facet normal 2.588190e-01 -9.659258e-01 1.313586e-16
    outer loop
      vertex   1.470933e+01 1.668618e+01 2.895164e+01
      vertex   1.470933e+01 1.668618e+01 3.245164e+01
      vertex   1.383868e+01 1.645289e+01 2.895164e+01
    endloop
  endfacet
  facet normal 2.588190e-01 -9.659258e-01 0.000000e+00
    outer loop
      vertex   1.383868e+01 1.645289e+01 2.895164e+01
      vertex   1.470933e+01 1.668618e+01 3.245164e+01
      vertex   1.383868e+01 1.645289e+01 3.245164e+01
    endloop
  endfacet
  facet normal 8.715574e-02 -9.961947e-01 0.000000e+00
    outer loop
      vertex   1.383868e+01 1.645289e+01 2.895164e+01
      vertex   1.383868e+01 1.645289e+01 3.245164e+01
      vertex   1.294074e+01 1.637433e+01 2.895164e+01
    endloop
  endfacet
  facet normal 8.715574e-02 -9.961947e-01 0.000000e+00
    outer loop
      vertex   1.294074e+01 1.637433e+01 2.895164e+01
      vertex   1.383868e+01 1.645289e+01 3.245164e+01
      vertex   1.294074e+01 1.637433e+01 3.245164e+01
    endloop
  endfacet
  facet normal -8.715574e-02 -9.961947e-01 0.000000e+00
    outer loop
      vertex   1.294074e+01 1.637433e+01 2.895164e+01
      vertex   1.294074e+01 1.637433e+01 3.245164e+01
      vertex   1.204281e+01 1.645289e+01 2.895164e+01
    endloop
  endfacet
  facet normal -8.715574e-02 -9.961947e-01 0.000000e+00
    outer loop
      vertex   1.204281e+01 1.645289e+01 2.895164e+01
      vertex   1.294074e+01 1.637433e+01 3.245164e+01
      vertex   1.204281e+01 1.645289e+01 3.245164e+01
    endloop
  endfacet
  facet normal -2.588190e-01 -9.659258e-01 0.000000e+00
    outer loop
      vertex   1.204281e+01 1.645289e+01 2.895164e+01
      vertex   1.204281e+01 1.645289e+01 3.245164e+01
      vertex   1.117216e+01 1.668618e+01 2.895164e+01
    endloop
  endfacet
  facet normal -2.588190e-01 -9.659258e-01 8.491151e-16
    outer loop
      vertex   1.117216e+01 1.668618e+01 2.895164e+01
      vertex   1.204281e+01 1.645289e+01 3.245164e+01
      vertex   1.117216e+01 1.668618e+01 3.245164e+01
    endloop
  endfacet
  facet normal -4.226183e-01 -9.063078e-01 7.054661e-16
    outer loop
      vertex   1.117216e+01 1.668618e+01 2.895164e+01
      vertex   1.117216e+01 1.668618e+01 3.245164e+01
      vertex   1.035525e+01 1.706711e+01 2.895164e+01
    endloop
  endfacet
  facet normal -4.226183e-01 -9.063078e-01 -2.144917e-16
    outer loop
      vertex   1.035525e+01 1.706711e+01 2.895164e+01
      vertex   1.117216e+01 1.668618e+01 3.245164e+01
      vertex   1.035525e+01 1.706711e+01 3.245164e+01
    endloop
  endfacet
  facet normal -5.735764e-01 -8.191520e-01 -2.911076e-16
    outer loop
      vertex   1.035525e+01 1.706711e+01 2.895164e+01
      vertex   1.035525e+01 1.706711e+01 3.245164e+01
      vertex   9.616894e+00 1.758411e+01 2.895164e+01
    endloop
  endfacet
  facet normal -5.735764e-01 -8.191520e-01 0.000000e+00
    outer loop
      vertex   9.616894e+00 1.758411e+01 2.895164e+01
      vertex   1.035525e+01 1.706711e+01 3.245164e+01
      vertex   9.616894e+00 1.758411e+01 3.245164e+01
    endloop
  endfacet
  facet normal -7.071068e-01 -7.071068e-01 0.000000e+00
    outer loop
      vertex   9.616894e+00 1.758411e+01 2.895164e+01
      vertex   9.616894e+00 1.758411e+01 3.245164e+01
      vertex   8.979534e+00 1.822147e+01 2.895164e+01
    endloop
  endfacet
  facet normal -7.071068e-01 -7.071068e-01 0.000000e+00
    outer loop
      vertex   8.979534e+00 1.822147e+01 2.895164e+01
      vertex   9.616894e+00 1.758411e+01 3.245164e+01
      vertex   8.979534e+00 1.822147e+01 3.245164e+01
    endloop
  endfacet
  facet normal -8.191520e-01 -5.735764e-01 0.000000e+00
    outer loop
      vertex   8.979534e+00 1.822147e+01 2.895164e+01
      vertex   8.979534e+00 1.822147e+01 3.245164e+01
      vertex   8.462533e+00 1.895983e+01 2.895164e+01
    endloop
  endfacet
  facet normal -8.191520e-01 -5.735764e-01 0.000000e+00
    outer loop
      vertex   8.462533e+00 1.895983e+01 2.895164e+01
      vertex   8.979534e+00 1.822147e+01 3.245164e+01
      vertex   8.462533e+00 1.895983e+01 3.245164e+01
    endloop
  endfacet
  facet normal -9.063078e-01 -4.226183e-01 0.000000e+00
    outer loop
      vertex   8.462533e+00 1.895983e+01 2.895164e+01
      vertex   8.462533e+00 1.895983e+01 3.245164e+01
      vertex   8.081601e+00 1.977674e+01 2.895164e+01
    endloop
  endfacet
  facet normal -9.063078e-01 -4.226183e-01 0.000000e+00
    outer loop
      vertex   8.081601e+00 1.977674e+01 2.895164e+01
      vertex   8.462533e+00 1.895983e+01 3.245164e+01
      vertex   8.081601e+00 1.977674e+01 3.245164e+01
    endloop
  endfacet
  facet normal -9.659258e-01 -2.588190e-01 0.000000e+00
    outer loop
      vertex   8.081601e+00 1.977674e+01 2.895164e+01
      vertex   8.081601e+00 1.977674e+01 3.245164e+01
      vertex   7.848311e+00 2.064739e+01 2.895164e+01
    endloop
  endfacet
  facet normal -9.659258e-01 -2.588190e-01 0.000000e+00
    outer loop
      vertex   7.848311e+00 2.064739e+01 2.895164e+01
      vertex   8.081601e+00 1.977674e+01 3.245164e+01
      vertex   7.848311e+00 2.064739e+01 3.245164e+01
    endloop
  endfacet
  facet normal -9.961947e-01 -8.715574e-02 0.000000e+00
    outer loop
      vertex   7.848311e+00 2.064739e+01 2.895164e+01
      vertex   7.848311e+00 2.064739e+01 3.245164e+01
      vertex   7.769752e+00 2.154532e+01 2.895164e+01
    endloop
  endfacet
  facet normal -9.961947e-01 -8.715574e-02 0.000000e+00
    outer loop
      vertex   7.769752e+00 2.154532e+01 2.895164e+01
      vertex   7.848311e+00 2.064739e+01 3.245164e+01
      vertex   7.769752e+00 2.154532e+01 3.245164e+01
    endloop
  endfacet
  facet normal -9.961947e-01 8.715574e-02 0.000000e+00
    outer loop
      vertex   7.769752e+00 2.154532e+01 2.895164e+01
      vertex   7.769752e+00 2.154532e+01 3.245164e+01
      vertex   7.848311e+00 2.244325e+01 2.895164e+01
    endloop
  endfacet
  facet normal -9.961947e-01 8.715574e-02 0.000000e+00
    outer loop
      vertex   7.848311e+00 2.244325e+01 2.895164e+01
      vertex   7.769752e+00 2.154532e+01 3.245164e+01
      vertex   7.848311e+00 2.244325e+01 3.245164e+01
    endloop
  endfacet
  facet normal -9.659258e-01 2.588190e-01 0.000000e+00
    outer loop
      vertex   7.848311e+00 2.244325e+01 2.895164e+01
      vertex   7.848311e+00 2.244325e+01 3.245164e+01
      vertex   8.081601e+00 2.331390e+01 2.895164e+01
    endloop
  endfacet
  facet normal -9.659258e-01 2.588190e-01 0.000000e+00
    outer loop
      vertex   8.081601e+00 2.331390e+01 2.895164e+01
      vertex   7.848311e+00 2.244325e+01 3.245164e+01
      vertex   8.081601e+00 2.331390e+01 3.245164e+01
    endloop
  endfacet
  facet normal -9.063078e-01 4.226183e-01 0.000000e+00
    outer loop
      vertex   8.081601e+00 2.331390e+01 2.895164e+01
      vertex   8.081601e+00 2.331390e+01 3.245164e+01
      vertex   8.462533e+00 2.413082e+01 2.895164e+01
    endloop
  endfacet
  facet normal -9.063078e-01 4.226183e-01 0.000000e+00
    outer loop
      vertex   8.462533e+00 2.413082e+01 2.895164e+01
      vertex   8.081601e+00 2.331390e+01 3.245164e+01
      vertex   8.462533e+00 2.413082e+01 3.245164e+01
    endloop
  endfacet
  facet normal -8.191520e-01 5.735764e-01 0.000000e+00
    outer loop
      vertex   8.462533e+00 2.413082e+01 2.895164e+01
      vertex   8.462533e+00 2.413082e+01 3.245164e+01
      vertex   8.979534e+00 2.486917e+01 2.895164e+01
    endloop
  endfacet
  facet normal -8.191520e-01 5.735764e-01 0.000000e+00
    outer loop
      vertex   8.979534e+00 2.486917e+01 2.895164e+01
      vertex   8.462533e+00 2.413082e+01 3.245164e+01
      vertex   8.979534e+00 2.486917e+01 3.245164e+01
    endloop
  endfacet
  facet normal -7.071068e-01 7.071068e-01 0.000000e+00
    outer loop
      vertex   8.979534e+00 2.486917e+01 2.895164e+01
      vertex   8.979534e+00 2.486917e+01 3.245164e+01
      vertex   9.616894e+00 2.550653e+01 2.895164e+01
    endloop
  endfacet
  facet normal -7.071068e-01 7.071068e-01 0.000000e+00
    outer loop
      vertex   9.616894e+00 2.550653e+01 2.895164e+01
      vertex   8.979534e+00 2.486917e+01 3.245164e+01
      vertex   9.616894e+00 2.550653e+01 3.245164e+01
    endloop
  endfacet
  facet normal -5.735764e-01 8.191520e-01 0.000000e+00
    outer loop
      vertex   9.616894e+00 2.550653e+01 2.895164e+01
      vertex   9.616894e+00 2.550653e+01 3.245164e+01
      vertex   1.035525e+01 2.602353e+01 2.895164e+01
    endloop
  endfacet
  facet normal -5.735764e-01 8.191520e-01 2.911076e-16
    outer loop
      vertex   1.035525e+01 2.602353e+01 2.895164e+01
      vertex   9.616894e+00 2.550653e+01 3.245164e+01
      vertex   1.035525e+01 2.602353e+01 3.245164e+01
    endloop
  endfacet
  facet normal -4.226183e-01 9.063078e-01 2.144917e-16
    outer loop
      vertex   1.035525e+01 2.602353e+01 2.895164e+01
      vertex   1.035525e+01 2.602353e+01 3.245164e+01
      vertex   1.117216e+01 2.640446e+01 2.895164e+01
    endloop
  endfacet
  facet normal -4.226183e-01 9.063078e-01 2.144917e-16
    outer loop
      vertex   1.117216e+01 2.640446e+01 2.895164e+01
      vertex   1.035525e+01 2.602353e+01 3.245164e+01
      vertex   1.117216e+01 2.640446e+01 3.245164e+01
    endloop
  endfacet
  facet normal -2.588190e-01 9.659258e-01 1.313586e-16
    outer loop
      vertex   1.117216e+01 2.640446e+01 2.895164e+01
      vertex   1.117216e+01 2.640446e+01 3.245164e+01
      vertex   1.204281e+01 2.663775e+01 2.895164e+01
    endloop
  endfacet
  facet normal -2.588190e-01 9.659258e-01 0.000000e+00
    outer loop
      vertex   1.204281e+01 2.663775e+01 2.895164e+01
      vertex   1.117216e+01 2.640446e+01 3.245164e+01
      vertex   1.204281e+01 2.663775e+01 3.245164e+01
    endloop
  endfacet
  facet normal -8.715574e-02 9.961947e-01 0.000000e+00
    outer loop
      vertex   1.204281e+01 2.663775e+01 2.895164e+01
      vertex   1.204281e+01 2.663775e+01 3.245164e+01
      vertex   1.294074e+01 2.671631e+01 2.895164e+01
    endloop
  endfacet
  facet normal -8.715574e-02 9.961947e-01 0.000000e+00
    outer loop
      vertex   1.294074e+01 2.671631e+01 2.895164e+01
      vertex   1.204281e+01 2.663775e+01 3.245164e+01
      vertex   1.294074e+01 2.671631e+01 3.245164e+01
    endloop
  endfacet
  facet normal 8.715574e-02 9.961947e-01 -0.000000e+00
    outer loop
      vertex   1.294074e+01 2.671631e+01 2.895164e+01
      vertex   1.294074e+01 2.671631e+01 3.245164e+01
      vertex   1.383868e+01 2.663775e+01 2.895164e+01
    endloop
  endfacet
  facet normal 8.715574e-02 9.961947e-01 -0.000000e+00
    outer loop
      vertex   1.383868e+01 2.663775e+01 2.895164e+01
      vertex   1.294074e+01 2.671631e+01 3.245164e+01
      vertex   1.383868e+01 2.663775e+01 3.245164e+01
    endloop
  endfacet
  facet normal 2.588190e-01 9.659258e-01 -0.000000e+00
    outer loop
      vertex   1.383868e+01 2.663775e+01 2.895164e+01
      vertex   1.383868e+01 2.663775e+01 3.245164e+01
      vertex   1.470933e+01 2.640446e+01 2.895164e+01
    endloop
  endfacet
  facet normal 2.588190e-01 9.659258e-01 8.491151e-16
    outer loop
      vertex   1.470933e+01 2.640446e+01 2.895164e+01
      vertex   1.383868e+01 2.663775e+01 3.245164e+01
      vertex   1.470933e+01 2.640446e+01 3.245164e+01
    endloop
  endfacet
  facet normal 4.226183e-01 9.063078e-01 7.054661e-16
    outer loop
      vertex   1.470933e+01 2.640446e+01 2.895164e+01
      vertex   1.470933e+01 2.640446e+01 3.245164e+01
      vertex   1.552624e+01 2.602353e+01 2.895164e+01
    endloop
  endfacet
  facet normal 4.226183e-01 9.063078e-01 -0.000000e+00
    outer loop
      vertex   1.552624e+01 2.602353e+01 2.895164e+01
      vertex   1.470933e+01 2.640446e+01 3.245164e+01
      vertex   1.552624e+01 2.602353e+01 3.245164e+01
    endloop
  endfacet
  facet normal 5.735764e-01 8.191520e-01 -0.000000e+00
    outer loop
      vertex   1.552624e+01 2.602353e+01 2.895164e+01
      vertex   1.552624e+01 2.602353e+01 3.245164e+01
      vertex   1.626459e+01 2.550653e+01 2.895164e+01
    endloop
  endfacet
  facet normal 5.735764e-01 8.191520e-01 -0.000000e+00
    outer loop
      vertex   1.626459e+01 2.550653e+01 2.895164e+01
      vertex   1.552624e+01 2.602353e+01 3.245164e+01
      vertex   1.626459e+01 2.550653e+01 3.245164e+01
    endloop
  endfacet
  facet normal 7.071068e-01 7.071068e-01 -0.000000e+00
    outer loop
      vertex   1.626459e+01 2.550653e+01 2.895164e+01
      vertex   1.626459e+01 2.550653e+01 3.245164e+01
      vertex   1.690195e+01 2.486917e+01 2.895164e+01
    endloop
  endfacet
  facet normal 7.071068e-01 7.071068e-01 -0.000000e+00
    outer loop
      vertex   1.690195e+01 2.486917e+01 2.895164e+01
      vertex   1.626459e+01 2.550653e+01 3.245164e+01
      vertex   1.690195e+01 2.486917e+01 3.245164e+01
    endloop
  endfacet
  facet normal 8.191520e-01 5.735764e-01 -0.000000e+00
    outer loop
      vertex   1.690195e+01 2.486917e+01 2.895164e+01
      vertex   1.690195e+01 2.486917e+01 3.245164e+01
      vertex   1.741895e+01 2.413082e+01 2.895164e+01
    endloop
  endfacet
  facet normal 8.191520e-01 5.735764e-01 -8.314893e-16
    outer loop
      vertex   1.741895e+01 2.413082e+01 2.895164e+01
      vertex   1.690195e+01 2.486917e+01 3.245164e+01
      vertex   1.741895e+01 2.413082e+01 3.245164e+01
    endloop
  endfacet
  facet normal 9.063078e-01 4.226183e-01 -9.199577e-16
    outer loop
      vertex   1.741895e+01 2.413082e+01 2.895164e+01
      vertex   1.741895e+01 2.413082e+01 3.245164e+01
      vertex   1.779989e+01 2.331390e+01 2.895164e+01
    endloop
  endfacet
  facet normal 9.063078e-01 4.226183e-01 -0.000000e+00
    outer loop
      vertex   1.779989e+01 2.331390e+01 2.895164e+01
      vertex   1.741895e+01 2.413082e+01 3.245164e+01
      vertex   1.779989e+01 2.331390e+01 3.245164e+01
    endloop
  endfacet
  facet normal 9.659258e-01 2.588190e-01 -0.000000e+00
    outer loop
      vertex   1.779989e+01 2.331390e+01 2.895164e+01
      vertex   1.779989e+01 2.331390e+01 3.245164e+01
      vertex   1.803318e+01 2.244325e+01 2.895164e+01
    endloop
  endfacet
  facet normal 9.659258e-01 2.588190e-01 -0.000000e+00
    outer loop
      vertex   1.803318e+01 2.244325e+01 2.895164e+01
      vertex   1.779989e+01 2.331390e+01 3.245164e+01
      vertex   1.803318e+01 2.244325e+01 3.245164e+01
    endloop
  endfacet
  facet normal 0.000000e+00 0.000000e+00 -1.000000e+00
    outer loop
      vertex   1.439508e+01 2.188823e+01 2.895164e+01
      vertex   1.803318e+01 2.244325e+01 2.895164e+01
      vertex   1.444619e+01 2.150000e+01 2.895164e+01
    endloop
  endfacet
  facet normal 0.000000e+00 0.000000e+00 -1.000000e+00
    outer loop
      vertex   1.444619e+01 2.150000e+01 2.895164e+01
      vertex   1.803318e+01 2.244325e+01 2.895164e+01
      vertex   1.811173e+01 2.154532e+01 2.895164e+01
    endloop
  endfacet
  facet normal 0.000000e+00 0.000000e+00 -1.000000e+00
    outer loop
      vertex   1.444619e+01 2.150000e+01 2.895164e+01
      vertex   1.811173e+01 2.154532e+01 2.895164e+01
      vertex   1.803318e+01 2.064739e+01 2.895164e+01
    endloop
  endfacet
  facet normal -0.000000e+00 0.000000e+00 -1.000000e+00
    outer loop
      vertex   1.803318e+01 2.244325e+01 2.895164e+01
      vertex   1.439508e+01 2.188823e+01 2.895164e+01
      vertex   1.779989e+01 2.331390e+01 2.895164e+01
    endloop
  endfacet
  facet normal 0.000000e+00 0.000000e+00 -1.000000e+00
    outer loop
      vertex   1.779989e+01 2.331390e+01 2.895164e+01
      vertex   1.439508e+01 2.188823e+01 2.895164e+01
      vertex   1.424523e+01 2.225000e+01 2.895164e+01
    endloop
  endfacet
  facet normal -0.000000e+00 0.000000e+00 -1.000000e+00
    outer loop
      vertex   1.779989e+01 2.331390e+01 2.895164e+01
      vertex   1.424523e+01 2.225000e+01 2.895164e+01
      vertex   1.741895e+01 2.413082e+01 2.895164e+01
    endloop
  endfacet
  facet normal -0.000000e+00 0.000000e+00 -1.000000e+00
    outer loop
      vertex   1.741895e+01 2.413082e+01 2.895164e+01
      vertex   1.424523e+01 2.225000e+01 2.895164e+01
      vertex   1.690195e+01 2.486917e+01 2.895164e+01
    endloop
  endfacet
  facet normal 0.000000e+00 0.000000e+00 -1.000000e+00
    outer loop
      vertex   1.690195e+01 2.486917e+01 2.895164e+01
      vertex   1.424523e+01 2.225000e+01 2.895164e+01
      vertex   1.400685e+01 2.256066e+01 2.895164e+01
    endloop
  endfacet
  facet normal -0.000000e+00 0.000000e+00 -1.000000e+00
    outer loop
      vertex   1.690195e+01 2.486917e+01 2.895164e+01
      vertex   1.400685e+01 2.256066e+01 2.895164e+01
      vertex   1.626459e+01 2.550653e+01 2.895164e+01
    endloop
  endfacet
  facet normal 0.000000e+00 0.000000e+00 -1.000000e+00
    outer loop
      vertex   1.626459e+01 2.550653e+01 2.895164e+01
      vertex   1.400685e+01 2.256066e+01 2.895164e+01
      vertex   1.369619e+01 2.279904e+01 2.895164e+01
    endloop
  endfacet
  facet normal -0.000000e+00 0.000000e+00 -1.000000e+00
    outer loop
      vertex   1.626459e+01 2.550653e+01 2.895164e+01
      vertex   1.369619e+01 2.279904e+01 2.895164e+01
      vertex   1.552624e+01 2.602353e+01 2.895164e+01
    endloop
  endfacet
  facet normal -0.000000e+00 0.000000e+00 -1.000000e+00
    outer loop
      vertex   1.552624e+01 2.602353e+01 2.895164e+01
      vertex   1.369619e+01 2.279904e+01 2.895164e+01
      vertex   1.470933e+01 2.640446e+01 2.895164e+01
    endloop
  endfacet
  facet normal 0.000000e+00 0.000000e+00 -1.000000e+00
    outer loop
      vertex   1.470933e+01 2.640446e+01 2.895164e+01
      vertex   1.369619e+01 2.279904e+01 2.895164e+01
      vertex   1.333442e+01 2.294889e+01 2.895164e+01
    endloop
  endfacet
  facet normal -0.000000e+00 0.000000e+00 -1.000000e+00
    outer loop
      vertex   1.470933e+01 2.640446e+01 2.895164e+01
      vertex   1.333442e+01 2.294889e+01 2.895164e+01
      vertex   1.383868e+01 2.663775e+01 2.895164e+01
    endloop
  endfacet
  facet normal 0.000000e+00 0.000000e+00 -1.000000e+00
    outer loop
      vertex   1.383868e+01 2.663775e+01 2.895164e+01
      vertex   1.333442e+01 2.294889e+01 2.895164e+01
      vertex   1.294619e+01 2.300000e+01 2.895164e+01
    endloop
  endfacet
  facet normal -0.000000e+00 0.000000e+00 -1.000000e+00
    outer loop
      vertex   1.383868e+01 2.663775e+01 2.895164e+01
      vertex   1.294619e+01 2.300000e+01 2.895164e+01
      vertex   1.294074e+01 2.671631e+01 2.895164e+01
    endloop
  endfacet
  facet normal 0.000000e+00 -0.000000e+00 -1.000000e+00
    outer loop
      vertex   1.294074e+01 2.671631e+01 2.895164e+01
      vertex   1.294619e+01 2.300000e+01 2.895164e+01
      vertex   1.204281e+01 2.663775e+01 2.895164e+01
    endloop
  endfacet
  facet normal 0.000000e+00 0.000000e+00 -1.000000e+00
    outer loop
      vertex   1.204281e+01 2.663775e+01 2.895164e+01
      vertex   1.294619e+01 2.300000e+01 2.895164e+01
      vertex   1.255796e+01 2.294889e+01 2.895164e+01
    endloop
  endfacet
  facet normal 0.000000e+00 -0.000000e+00 -1.000000e+00
    outer loop
      vertex   1.204281e+01 2.663775e+01 2.895164e+01
      vertex   1.255796e+01 2.294889e+01 2.895164e+01
      vertex   1.117216e+01 2.640446e+01 2.895164e+01
    endloop
  endfacet
  facet normal 0.000000e+00 0.000000e+00 -1.000000e+00
    outer loop
      vertex   1.117216e+01 2.640446e+01 2.895164e+01
      vertex   1.255796e+01 2.294889e+01 2.895164e+01
      vertex   1.219619e+01 2.279904e+01 2.895164e+01
    endloop
  endfacet
  facet normal 0.000000e+00 -0.000000e+00 -1.000000e+00
    outer loop
      vertex   1.117216e+01 2.640446e+01 2.895164e+01
      vertex   1.219619e+01 2.279904e+01 2.895164e+01
      vertex   1.035525e+01 2.602353e+01 2.895164e+01
    endloop
  endfacet
  facet normal 0.000000e+00 -0.000000e+00 -1.000000e+00
    outer loop
      vertex   1.035525e+01 2.602353e+01 2.895164e+01
      vertex   1.219619e+01 2.279904e+01 2.895164e+01
      vertex   9.616894e+00 2.550653e+01 2.895164e+01
    endloop
  endfacet
  facet normal 0.000000e+00 0.000000e+00 -1.000000e+00
    outer loop
      vertex   9.616894e+00 2.550653e+01 2.895164e+01
      vertex   1.219619e+01 2.279904e+01 2.895164e+01
      vertex   1.188553e+01 2.256066e+01 2.895164e+01
    endloop
  endfacet
  facet normal 0.000000e+00 -0.000000e+00 -1.000000e+00
    outer loop
      vertex   9.616894e+00 2.550653e+01 2.895164e+01
      vertex   1.188553e+01 2.256066e+01 2.895164e+01
      vertex   8.979534e+00 2.486917e+01 2.895164e+01
    endloop
  endfacet
  facet normal 0.000000e+00 0.000000e+00 -1.000000e+00
    outer loop
      vertex   8.979534e+00 2.486917e+01 2.895164e+01
      vertex   1.188553e+01 2.256066e+01 2.895164e+01
      vertex   1.164716e+01 2.225000e+01 2.895164e+01
    endloop
  endfacet
  facet normal 0.000000e+00 -0.000000e+00 -1.000000e+00
    outer loop
      vertex   8.979534e+00 2.486917e+01 2.895164e+01
      vertex   1.164716e+01 2.225000e+01 2.895164e+01
      vertex   8.462533e+00 2.413082e+01 2.895164e+01
    endloop
  endfacet
  facet normal 0.000000e+00 -0.000000e+00 -1.000000e+00
    outer loop
      vertex   8.462533e+00 2.413082e+01 2.895164e+01
      vertex   1.164716e+01 2.225000e+01 2.895164e+01
      vertex   8.081601e+00 2.331390e+01 2.895164e+01
    endloop
  endfacet
  facet normal 0.000000e+00 0.000000e+00 -1.000000e+00
    outer loop
      vertex   8.081601e+00 2.331390e+01 2.895164e+01
      vertex   1.164716e+01 2.225000e+01 2.895164e+01
      vertex   1.149730e+01 2.188823e+01 2.895164e+01
    endloop
  endfacet
  facet normal 0.000000e+00 -0.000000e+00 -1.000000e+00
    outer loop
      vertex   8.081601e+00 2.331390e+01 2.895164e+01
      vertex   1.149730e+01 2.188823e+01 2.895164e+01
      vertex   7.848311e+00 2.244325e+01 2.895164e+01
    endloop
  endfacet
  facet normal 0.000000e+00 0.000000e+00 -1.000000e+00
    outer loop
      vertex   7.848311e+00 2.244325e+01 2.895164e+01
      vertex   1.149730e+01 2.188823e+01 2.895164e+01
      vertex   1.144619e+01 2.150000e+01 2.895164e+01
    endloop
  endfacet
  facet normal 0.000000e+00 -0.000000e+00 -1.000000e+00
    outer loop
      vertex   7.848311e+00 2.244325e+01 2.895164e+01
      vertex   1.144619e+01 2.150000e+01 2.895164e+01
      vertex   7.769752e+00 2.154532e+01 2.895164e+01
    endloop
  endfacet
  facet normal 0.000000e+00 0.000000e+00 -1.000000e+00
    outer loop
      vertex   7.769752e+00 2.154532e+01 2.895164e+01
      vertex   1.144619e+01 2.150000e+01 2.895164e+01
      vertex   7.848311e+00 2.064739e+01 2.895164e+01
    endloop
  endfacet
  facet normal 0.000000e+00 0.000000e+00 -1.000000e+00
    outer loop
      vertex   7.848311e+00 2.064739e+01 2.895164e+01
      vertex   1.144619e+01 2.150000e+01 2.895164e+01
      vertex   1.149730e+01 2.111177e+01 2.895164e+01
    endloop
  endfacet
  facet normal 0.000000e+00 0.000000e+00 -1.000000e+00
    outer loop
      vertex   7.848311e+00 2.064739e+01 2.895164e+01
      vertex   1.149730e+01 2.111177e+01 2.895164e+01
      vertex   8.081601e+00 1.977674e+01 2.895164e+01
    endloop
  endfacet
  facet normal 0.000000e+00 0.000000e+00 -1.000000e+00
    outer loop
      vertex   8.081601e+00 1.977674e+01 2.895164e+01
      vertex   1.149730e+01 2.111177e+01 2.895164e+01
      vertex   1.164716e+01 2.075000e+01 2.895164e+01
    endloop
  endfacet
  facet normal 0.000000e+00 0.000000e+00 -1.000000e+00
    outer loop
      vertex   8.081601e+00 1.977674e+01 2.895164e+01
      vertex   1.164716e+01 2.075000e+01 2.895164e+01
      vertex   8.462533e+00 1.895983e+01 2.895164e+01
    endloop
  endfacet
  facet normal 0.000000e+00 0.000000e+00 -1.000000e+00
    outer loop
      vertex   8.462533e+00 1.895983e+01 2.895164e+01
      vertex   1.164716e+01 2.075000e+01 2.895164e+01
      vertex   8.979534e+00 1.822147e+01 2.895164e+01
    endloop
  endfacet
  facet normal 0.000000e+00 0.000000e+00 -1.000000e+00
    outer loop
      vertex   8.979534e+00 1.822147e+01 2.895164e+01
      vertex   1.164716e+01 2.075000e+01 2.895164e+01
      vertex   1.188553e+01 2.043934e+01 2.895164e+01
    endloop
  endfacet
  facet normal 0.000000e+00 0.000000e+00 -1.000000e+00
    outer loop
      vertex   8.979534e+00 1.822147e+01 2.895164e+01
      vertex   1.188553e+01 2.043934e+01 2.895164e+01
      vertex   9.616894e+00 1.758411e+01 2.895164e+01
    endloop
  endfacet
  facet normal 0.000000e+00 0.000000e+00 -1.000000e+00
    outer loop
      vertex   9.616894e+00 1.758411e+01 2.895164e+01
      vertex   1.188553e+01 2.043934e+01 2.895164e+01
      vertex   1.219619e+01 2.020096e+01 2.895164e+01
    endloop
  endfacet
  facet normal 0.000000e+00 0.000000e+00 -1.000000e+00
    outer loop
      vertex   9.616894e+00 1.758411e+01 2.895164e+01
      vertex   1.219619e+01 2.020096e+01 2.895164e+01
      vertex   1.035525e+01 1.706711e+01 2.895164e+01
    endloop
  endfacet
  facet normal 0.000000e+00 0.000000e+00 -1.000000e+00
    outer loop
      vertex   1.035525e+01 1.706711e+01 2.895164e+01
      vertex   1.219619e+01 2.020096e+01 2.895164e+01
      vertex   1.117216e+01 1.668618e+01 2.895164e+01
    endloop
  endfacet
  facet normal 0.000000e+00 0.000000e+00 -1.000000e+00
    outer loop
      vertex   1.117216e+01 1.668618e+01 2.895164e+01
      vertex   1.219619e+01 2.020096e+01 2.895164e+01
      vertex   1.255796e+01 2.005111e+01 2.895164e+01
    endloop
  endfacet
  facet normal 0.000000e+00 0.000000e+00 -1.000000e+00
    outer loop
      vertex   1.117216e+01 1.668618e+01 2.895164e+01
      vertex   1.255796e+01 2.005111e+01 2.895164e+01
      vertex   1.204281e+01 1.645289e+01 2.895164e+01
    endloop
  endfacet
  facet normal 0.000000e+00 0.000000e+00 -1.000000e+00
    outer loop
      vertex   1.204281e+01 1.645289e+01 2.895164e+01
      vertex   1.255796e+01 2.005111e+01 2.895164e+01
      vertex   1.294619e+01 2.000000e+01 2.895164e+01
    endloop
  endfacet
  facet normal 0.000000e+00 0.000000e+00 -1.000000e+00
    outer loop
      vertex   1.204281e+01 1.645289e+01 2.895164e+01
      vertex   1.294619e+01 2.000000e+01 2.895164e+01
      vertex   1.294074e+01 1.637433e+01 2.895164e+01
    endloop
  endfacet
  facet normal 0.000000e+00 0.000000e+00 -1.000000e+00
    outer loop
      vertex   1.294074e+01 1.637433e+01 2.895164e+01
      vertex   1.294619e+01 2.000000e+01 2.895164e+01
      vertex   1.383868e+01 1.645289e+01 2.895164e+01
    endloop
  endfacet
  facet normal 0.000000e+00 0.000000e+00 -1.000000e+00
    outer loop
      vertex   1.383868e+01 1.645289e+01 2.895164e+01
      vertex   1.294619e+01 2.000000e+01 2.895164e+01
      vertex   1.333442e+01 2.005111e+01 2.895164e+01
    endloop
  endfacet
  facet normal 0.000000e+00 0.000000e+00 -1.000000e+00
    outer loop
      vertex   1.383868e+01 1.645289e+01 2.895164e+01
      vertex   1.333442e+01 2.005111e+01 2.895164e+01
      vertex   1.470933e+01 1.668618e+01 2.895164e+01
    endloop
  endfacet
  facet normal 0.000000e+00 0.000000e+00 -1.000000e+00
    outer loop
      vertex   1.470933e+01 1.668618e+01 2.895164e+01
      vertex   1.333442e+01 2.005111e+01 2.895164e+01
      vertex   1.369619e+01 2.020096e+01 2.895164e+01
    endloop
  endfacet
  facet normal 0.000000e+00 0.000000e+00 -1.000000e+00
    outer loop
      vertex   1.470933e+01 1.668618e+01 2.895164e+01
      vertex   1.369619e+01 2.020096e+01 2.895164e+01
      vertex   1.552624e+01 1.706711e+01 2.895164e+01
    endloop
  endfacet
  facet normal 0.000000e+00 0.000000e+00 -1.000000e+00
    outer loop
      vertex   1.552624e+01 1.706711e+01 2.895164e+01
      vertex   1.369619e+01 2.020096e+01 2.895164e+01
      vertex   1.626459e+01 1.758411e+01 2.895164e+01
    endloop
  endfacet
  facet normal 0.000000e+00 0.000000e+00 -1.000000e+00
    outer loop
      vertex   1.626459e+01 1.758411e+01 2.895164e+01
      vertex   1.369619e+01 2.020096e+01 2.895164e+01
      vertex   1.400685e+01 2.043934e+01 2.895164e+01
    endloop
  endfacet
  facet normal 0.000000e+00 0.000000e+00 -1.000000e+00
    outer loop
      vertex   1.626459e+01 1.758411e+01 2.895164e+01
      vertex   1.400685e+01 2.043934e+01 2.895164e+01
      vertex   1.690195e+01 1.822147e+01 2.895164e+01
    endloop
  endfacet
  facet normal 0.000000e+00 0.000000e+00 -1.000000e+00
    outer loop
      vertex   1.690195e+01 1.822147e+01 2.895164e+01
      vertex   1.400685e+01 2.043934e+01 2.895164e+01
      vertex   1.424523e+01 2.075000e+01 2.895164e+01
    endloop
  endfacet
  facet normal 0.000000e+00 0.000000e+00 -1.000000e+00
    outer loop
      vertex   1.690195e+01 1.822147e+01 2.895164e+01
      vertex   1.424523e+01 2.075000e+01 2.895164e+01
      vertex   1.741895e+01 1.895983e+01 2.895164e+01
    endloop
  endfacet
  facet normal 0.000000e+00 0.000000e+00 -1.000000e+00
    outer loop
      vertex   1.741895e+01 1.895983e+01 2.895164e+01
      vertex   1.424523e+01 2.075000e+01 2.895164e+01
      vertex   1.779989e+01 1.977674e+01 2.895164e+01
    endloop
  endfacet
  facet normal 0.000000e+00 0.000000e+00 -1.000000e+00
    outer loop
      vertex   1.779989e+01 1.977674e+01 2.895164e+01
      vertex   1.424523e+01 2.075000e+01 2.895164e+01
      vertex   1.439508e+01 2.111177e+01 2.895164e+01
    endloop
  endfacet
  facet normal 0.000000e+00 0.000000e+00 -1.000000e+00
    outer loop
      vertex   1.779989e+01 1.977674e+01 2.895164e+01
      vertex   1.439508e+01 2.111177e+01 2.895164e+01
      vertex   1.803318e+01 2.064739e+01 2.895164e+01
    endloop
  endfacet
  facet normal 0.000000e+00 0.000000e+00 -1.000000e+00
    outer loop
      vertex   1.803318e+01 2.064739e+01 2.895164e+01
      vertex   1.439508e+01 2.111177e+01 2.895164e+01
      vertex   1.444619e+01 2.150000e+01 2.895164e+01
    endloop
  endfacet
  facet normal 9.949883e-01 -8.045223e-17 9.999191e-02
    outer loop
      vertex   3.550000e+01 -2.450000e+01 3.245164e+01
      vertex   3.550000e+01 6.337596e+01 3.245164e+01
      vertex   3.545001e+01 -2.448568e+01 3.294906e+01
    endloop
  endfacet
  facet normal 9.906818e-01 2.074183e-04 1.361966e-01
    outer loop
      vertex   3.545001e+01 -2.448568e+01 3.294906e+01
      vertex   3.550000e+01 6.337596e+01 3.245164e+01
      vertex   3.543732e+01 -2.531010e+00 3.300795e+01
    endloop
  endfacet
  facet normal 9.775506e-01 6.323293e-16 2.107007e-01
    outer loop
      vertex   3.545001e+01 -2.448568e+01 3.294906e+01
      vertex   3.543732e+01 -2.531010e+00 3.300795e+01
      vertex   3.543732e+01 -1.351551e+01 3.300795e+01
    endloop
  endfacet
  facet normal 9.438833e-01 6.105601e-16 3.302791e-01
    outer loop
      vertex   3.543732e+01 -1.351551e+01 3.300795e+01
      vertex   3.543732e+01 -2.531010e+00 3.300795e+01
      vertex   3.525242e+01 -1.351551e+01 3.353635e+01
    endloop
  endfacet
  facet normal 9.438829e-01 9.770060e-04 3.302789e-01
    outer loop
      vertex   3.543732e+01 -1.351551e+01 3.300795e+01
      vertex   3.525242e+01 -1.351551e+01 3.353635e+01
      vertex   3.530253e+01 -2.444308e+01 3.342549e+01
    endloop
  endfacet
  facet normal 8.778333e-01 -8.343168e-04 4.789656e-01
    outer loop
      vertex   3.530253e+01 -2.444308e+01 3.342549e+01
      vertex   3.525242e+01 -1.351551e+01 3.353635e+01
      vertex   3.506533e+01 -2.437374e+01 3.386034e+01
    endloop
  endfacet
  facet normal 8.467235e-01 1.285074e-03 5.320316e-01
    outer loop
      vertex   3.506533e+01 -2.437374e+01 3.386034e+01
      vertex   3.525242e+01 -1.351551e+01 3.353635e+01
      vertex   3.495458e+01 -1.351551e+01 3.401037e+01
    endloop
  endfacet
  facet normal 7.665141e-01 -1.055655e-03 6.422266e-01
    outer loop
      vertex   3.506533e+01 -2.437374e+01 3.386034e+01
      vertex   3.495458e+01 -1.351551e+01 3.401037e+01
      vertex   3.474926e+01 -2.427957e+01 3.423773e+01
    endloop
  endfacet
  facet normal 7.071060e-01 1.447920e-03 7.071060e-01
    outer loop
      vertex   3.474926e+01 -2.427957e+01 3.423773e+01
      vertex   3.495458e+01 -1.351551e+01 3.401037e+01
      vertex   3.455872e+01 -1.351551e+01 3.440622e+01
    endloop
  endfacet
  facet normal 6.265737e-01 -1.108622e-03 7.793614e-01
    outer loop
      vertex   3.474926e+01 -2.427957e+01 3.423773e+01
      vertex   3.455872e+01 -1.351551e+01 3.440622e+01
      vertex   3.436972e+01 -2.416370e+01 3.454303e+01
    endloop
  endfacet
  facet normal 5.320315e-01 1.434902e-03 8.467233e-01
    outer loop
      vertex   3.436972e+01 -2.416370e+01 3.454303e+01
      vertex   3.455872e+01 -1.351551e+01 3.440622e+01
      vertex   3.408471e+01 -1.351551e+01 3.470407e+01
    endloop
  endfacet
  facet normal 4.641793e-01 -9.713435e-04 8.857407e-01
    outer loop
      vertex   3.436972e+01 -2.416370e+01 3.454303e+01
      vertex   3.408471e+01 -1.351551e+01 3.470407e+01
      vertex   3.394152e+01 -2.402896e+01 3.476758e+01
    endloop
  endfacet
  facet normal 3.302788e-01 1.203552e-03 9.438826e-01
    outer loop
      vertex   3.394152e+01 -2.402896e+01 3.476758e+01
      vertex   3.408471e+01 -1.351551e+01 3.470407e+01
      vertex   3.355630e+01 -1.351551e+01 3.488896e+01
    endloop
  endfacet
  facet normal 2.857928e-01 -5.927972e-04 9.582913e-01
    outer loop
      vertex   3.394152e+01 -2.402896e+01 3.476758e+01
      vertex   3.355630e+01 -1.351551e+01 3.488896e+01
      vertex   3.348173e+01 -2.387909e+01 3.490479e+01
    endloop
  endfacet
  facet normal 9.860124e-02 8.103447e-04 9.951267e-01
    outer loop
      vertex   3.348173e+01 -2.387909e+01 3.490479e+01
      vertex   3.355630e+01 -1.351551e+01 3.488896e+01
      vertex   3.300768e+01 -2.371824e+01 3.495163e+01
    endloop
  endfacet
  facet normal 1.134898e-01 0.000000e+00 9.935392e-01
    outer loop
      vertex   3.300768e+01 -2.371824e+01 3.495163e+01
      vertex   3.355630e+01 -1.351551e+01 3.488896e+01
      vertex   3.355630e+01 -2.531010e+00 3.488896e+01
    endloop
  endfacet
  facet normal 1.134898e-01 0.000000e+00 9.935392e-01
    outer loop
      vertex   3.300768e+01 -2.371824e+01 3.495163e+01
      vertex   3.355630e+01 -2.531010e+00 3.488896e+01
      vertex   3.355630e+01 8.453486e+00 3.488896e+01
    endloop
  endfacet
  facet normal 3.302791e-01 0.000000e+00 9.438833e-01
    outer loop
      vertex   3.355630e+01 8.453486e+00 3.488896e+01
      vertex   3.355630e+01 -2.531010e+00 3.488896e+01
      vertex   3.408471e+01 8.453486e+00 3.470407e+01
    endloop
  endfacet
  facet normal 3.302791e-01 0.000000e+00 9.438833e-01
    outer loop
      vertex   3.355630e+01 8.453486e+00 3.488896e+01
      vertex   3.408471e+01 8.453486e+00 3.470407e+01
      vertex   3.408471e+01 1.943798e+01 3.470407e+01
    endloop
  endfacet
  facet normal 5.320321e-01 0.000000e+00 8.467242e-01
    outer loop
      vertex   3.408471e+01 1.943798e+01 3.470407e+01
      vertex   3.408471e+01 8.453486e+00 3.470407e+01
      vertex   3.455872e+01 1.943798e+01 3.440622e+01
    endloop
  endfacet
  facet normal 5.320321e-01 0.000000e+00 8.467242e-01
    outer loop
      vertex   3.408471e+01 1.943798e+01 3.470407e+01
      vertex   3.455872e+01 1.943798e+01 3.440622e+01
      vertex   3.455872e+01 3.042248e+01 3.440622e+01
    endloop
  endfacet
  facet normal 7.071068e-01 0.000000e+00 7.071068e-01
    outer loop
      vertex   3.455872e+01 3.042248e+01 3.440622e+01
      vertex   3.455872e+01 1.943798e+01 3.440622e+01
      vertex   3.495458e+01 3.042248e+01 3.401037e+01
    endloop
  endfacet
  facet normal 7.071068e-01 0.000000e+00 7.071068e-01
    outer loop
      vertex   3.455872e+01 3.042248e+01 3.440622e+01
      vertex   3.495458e+01 3.042248e+01 3.401037e+01
      vertex   3.495458e+01 4.140697e+01 3.401037e+01
    endloop
  endfacet
  facet normal 8.467242e-01 0.000000e+00 5.320321e-01
    outer loop
      vertex   3.495458e+01 4.140697e+01 3.401037e+01
      vertex   3.495458e+01 3.042248e+01 3.401037e+01
      vertex   3.525242e+01 4.140697e+01 3.353635e+01
    endloop
  endfacet
  facet normal 8.467242e-01 0.000000e+00 5.320321e-01
    outer loop
      vertex   3.495458e+01 4.140697e+01 3.401037e+01
      vertex   3.525242e+01 4.140697e+01 3.353635e+01
      vertex   3.525242e+01 5.239147e+01 3.353635e+01
    endloop
  endfacet
  facet normal 9.438833e-01 0.000000e+00 3.302791e-01
    outer loop
      vertex   3.525242e+01 5.239147e+01 3.353635e+01
      vertex   3.525242e+01 4.140697e+01 3.353635e+01
      vertex   3.543732e+01 5.239147e+01 3.300795e+01
    endloop
  endfacet
  facet normal 9.438833e-01 -6.115883e-16 3.302791e-01
    outer loop
      vertex   3.525242e+01 5.239147e+01 3.353635e+01
      vertex   3.543732e+01 5.239147e+01 3.300795e+01
      vertex   3.543732e+01 6.337596e+01 3.300795e+01
    endloop
  endfacet
  facet normal 9.937122e-01 -6.427924e-16 1.119645e-01
    outer loop
      vertex   3.543732e+01 6.337596e+01 3.300795e+01
      vertex   3.543732e+01 5.239147e+01 3.300795e+01
      vertex   3.550000e+01 6.337596e+01 3.245164e+01
    endloop
  endfacet
  facet normal 9.937122e-01 0.000000e+00 1.119645e-01
    outer loop
      vertex   3.550000e+01 6.337596e+01 3.245164e+01
      vertex   3.543732e+01 5.239147e+01 3.300795e+01
      vertex   3.543732e+01 4.140697e+01 3.300795e+01
    endloop
  endfacet
  facet normal 9.937122e-01 0.000000e+00 1.119645e-01
    outer loop
      vertex   3.550000e+01 6.337596e+01 3.245164e+01
      vertex   3.543732e+01 4.140697e+01 3.300795e+01
      vertex   3.543732e+01 3.042248e+01 3.300795e+01
    endloop
  endfacet
  facet normal 9.438833e-01 -0.000000e+00 3.302791e-01
    outer loop
      vertex   3.543732e+01 3.042248e+01 3.300795e+01
      vertex   3.543732e+01 4.140697e+01 3.300795e+01
      vertex   3.525242e+01 3.042248e+01 3.353635e+01
    endloop
  endfacet
  facet normal 9.438833e-01 0.000000e+00 3.302791e-01
    outer loop
      vertex   3.543732e+01 3.042248e+01 3.300795e+01
      vertex   3.525242e+01 3.042248e+01 3.353635e+01
      vertex   3.525242e+01 1.943798e+01 3.353635e+01
    endloop
  endfacet
  facet normal 8.467242e-01 -0.000000e+00 5.320321e-01
    outer loop
      vertex   3.525242e+01 1.943798e+01 3.353635e+01
      vertex   3.525242e+01 3.042248e+01 3.353635e+01
      vertex   3.495458e+01 1.943798e+01 3.401037e+01
    endloop
  endfacet
  facet normal 8.467242e-01 0.000000e+00 5.320321e-01
    outer loop
      vertex   3.525242e+01 1.943798e+01 3.353635e+01
      vertex   3.495458e+01 1.943798e+01 3.401037e+01
      vertex   3.495458e+01 8.453486e+00 3.401037e+01
    endloop
  endfacet
  facet normal 7.071068e-01 -0.000000e+00 7.071068e-01
    outer loop
      vertex   3.495458e+01 8.453486e+00 3.401037e+01
      vertex   3.495458e+01 1.943798e+01 3.401037e+01
      vertex   3.455872e+01 8.453486e+00 3.440622e+01
    endloop
  endfacet
  facet normal 7.071068e-01 0.000000e+00 7.071068e-01
    outer loop
      vertex   3.495458e+01 8.453486e+00 3.401037e+01
      vertex   3.455872e+01 8.453486e+00 3.440622e+01
      vertex   3.455872e+01 -2.531010e+00 3.440622e+01
    endloop
  endfacet
  facet normal 5.320321e-01 -0.000000e+00 8.467242e-01
    outer loop
      vertex   3.455872e+01 -2.531010e+00 3.440622e+01
      vertex   3.455872e+01 8.453486e+00 3.440622e+01
      vertex   3.408471e+01 -2.531010e+00 3.470407e+01
    endloop
  endfacet
  facet normal 5.320321e-01 0.000000e+00 8.467242e-01
    outer loop
      vertex   3.455872e+01 -2.531010e+00 3.440622e+01
      vertex   3.408471e+01 -2.531010e+00 3.470407e+01
      vertex   3.408471e+01 -1.351551e+01 3.470407e+01
    endloop
  endfacet
  facet normal 3.302791e-01 -0.000000e+00 9.438833e-01
    outer loop
      vertex   3.408471e+01 -1.351551e+01 3.470407e+01
      vertex   3.408471e+01 -2.531010e+00 3.470407e+01
      vertex   3.355630e+01 -1.351551e+01 3.488896e+01
    endloop
  endfacet
  facet normal 9.438833e-01 0.000000e+00 3.302791e-01
    outer loop
      vertex   3.543732e+01 6.337596e+01 3.300795e+01
      vertex   3.525242e+01 6.337596e+01 3.353635e+01
      vertex   3.525242e+01 5.239147e+01 3.353635e+01
    endloop
  endfacet
  facet normal 8.467242e-01 -0.000000e+00 5.320321e-01
    outer loop
      vertex   3.525242e+01 5.239147e+01 3.353635e+01
      vertex   3.525242e+01 6.337596e+01 3.353635e+01
      vertex   3.495458e+01 5.239147e+01 3.401037e+01
    endloop
  endfacet
  facet normal 8.467242e-01 0.000000e+00 5.320321e-01
    outer loop
      vertex   3.525242e+01 5.239147e+01 3.353635e+01
      vertex   3.495458e+01 5.239147e+01 3.401037e+01
      vertex   3.495458e+01 4.140697e+01 3.401037e+01
    endloop
  endfacet
  facet normal 7.071068e-01 -0.000000e+00 7.071068e-01
    outer loop
      vertex   3.495458e+01 4.140697e+01 3.401037e+01
      vertex   3.495458e+01 5.239147e+01 3.401037e+01
      vertex   3.455872e+01 4.140697e+01 3.440622e+01
    endloop
  endfacet
  facet normal 7.071068e-01 0.000000e+00 7.071068e-01
    outer loop
      vertex   3.495458e+01 4.140697e+01 3.401037e+01
      vertex   3.455872e+01 4.140697e+01 3.440622e+01
      vertex   3.455872e+01 3.042248e+01 3.440622e+01
    endloop
  endfacet
  facet normal 5.320321e-01 -0.000000e+00 8.467242e-01
    outer loop
      vertex   3.455872e+01 3.042248e+01 3.440622e+01
      vertex   3.455872e+01 4.140697e+01 3.440622e+01
      vertex   3.408471e+01 3.042248e+01 3.470407e+01
    endloop
  endfacet
  facet normal 5.320321e-01 0.000000e+00 8.467242e-01
    outer loop
      vertex   3.455872e+01 3.042248e+01 3.440622e+01
      vertex   3.408471e+01 3.042248e+01 3.470407e+01
      vertex   3.408471e+01 1.943798e+01 3.470407e+01
    endloop
  endfacet
  facet normal 3.302791e-01 -0.000000e+00 9.438833e-01
    outer loop
      vertex   3.408471e+01 1.943798e+01 3.470407e+01
      vertex   3.408471e+01 3.042248e+01 3.470407e+01
      vertex   3.355630e+01 1.943798e+01 3.488896e+01
    endloop
  endfacet
  facet normal 3.302791e-01 0.000000e+00 9.438833e-01
    outer loop
      vertex   3.408471e+01 1.943798e+01 3.470407e+01
      vertex   3.355630e+01 1.943798e+01 3.488896e+01
      vertex   3.355630e+01 8.453486e+00 3.488896e+01
    endloop
  endfacet
  facet normal 1.134898e-01 -0.000000e+00 9.935392e-01
    outer loop
      vertex   3.355630e+01 8.453486e+00 3.488896e+01
      vertex   3.355630e+01 1.943798e+01 3.488896e+01
      vertex   3.300768e+01 -2.371824e+01 3.495163e+01
    endloop
  endfacet
  facet normal 8.467242e-01 0.000000e+00 5.320321e-01
    outer loop
      vertex   3.525242e+01 6.337596e+01 3.353635e+01
      vertex   3.495458e+01 6.337596e+01 3.401037e+01
      vertex   3.495458e+01 5.239147e+01 3.401037e+01
    endloop
  endfacet
  facet normal 7.071068e-01 -0.000000e+00 7.071068e-01
    outer loop
      vertex   3.495458e+01 5.239147e+01 3.401037e+01
      vertex   3.495458e+01 6.337596e+01 3.401037e+01
      vertex   3.455872e+01 5.239147e+01 3.440622e+01
    endloop
  endfacet
  facet normal 7.071068e-01 0.000000e+00 7.071068e-01
    outer loop
      vertex   3.495458e+01 5.239147e+01 3.401037e+01
      vertex   3.455872e+01 5.239147e+01 3.440622e+01
      vertex   3.455872e+01 4.140697e+01 3.440622e+01
    endloop
  endfacet
  facet normal 5.320321e-01 -0.000000e+00 8.467242e-01
    outer loop
      vertex   3.455872e+01 4.140697e+01 3.440622e+01
      vertex   3.455872e+01 5.239147e+01 3.440622e+01
      vertex   3.408471e+01 4.140697e+01 3.470407e+01
    endloop
  endfacet
  facet normal 5.320321e-01 0.000000e+00 8.467242e-01
    outer loop
      vertex   3.455872e+01 4.140697e+01 3.440622e+01
      vertex   3.408471e+01 4.140697e+01 3.470407e+01
      vertex   3.408471e+01 3.042248e+01 3.470407e+01
    endloop
  endfacet
  facet normal 3.302791e-01 -0.000000e+00 9.438833e-01
    outer loop
      vertex   3.408471e+01 3.042248e+01 3.470407e+01
      vertex   3.408471e+01 4.140697e+01 3.470407e+01
      vertex   3.355630e+01 3.042248e+01 3.488896e+01
    endloop
  endfacet
  facet normal 3.302791e-01 0.000000e+00 9.438833e-01
    outer loop
      vertex   3.408471e+01 3.042248e+01 3.470407e+01
      vertex   3.355630e+01 3.042248e+01 3.488896e+01
      vertex   3.355630e+01 1.943798e+01 3.488896e+01
    endloop
  endfacet
  facet normal 1.134898e-01 -0.000000e+00 9.935392e-01
    outer loop
      vertex   3.355630e+01 1.943798e+01 3.488896e+01
      vertex   3.355630e+01 3.042248e+01 3.488896e+01
      vertex   3.300768e+01 -2.371824e+01 3.495163e+01
    endloop
  endfacet
  facet normal 7.071068e-01 0.000000e+00 7.071068e-01
    outer loop
      vertex   3.495458e+01 6.337596e+01 3.401037e+01
      vertex   3.455872e+01 6.337596e+01 3.440622e+01
      vertex   3.455872e+01 5.239147e+01 3.440622e+01
    endloop
  endfacet
  facet normal 5.320321e-01 -0.000000e+00 8.467242e-01
    outer loop
      vertex   3.455872e+01 5.239147e+01 3.440622e+01
      vertex   3.455872e+01 6.337596e+01 3.440622e+01
      vertex   3.408471e+01 5.239147e+01 3.470407e+01
    endloop
  endfacet
  facet normal 5.320321e-01 0.000000e+00 8.467242e-01
    outer loop
      vertex   3.455872e+01 5.239147e+01 3.440622e+01
      vertex   3.408471e+01 5.239147e+01 3.470407e+01
      vertex   3.408471e+01 4.140697e+01 3.470407e+01
    endloop
  endfacet
  facet normal 3.302791e-01 -0.000000e+00 9.438833e-01
    outer loop
      vertex   3.408471e+01 4.140697e+01 3.470407e+01
      vertex   3.408471e+01 5.239147e+01 3.470407e+01
      vertex   3.355630e+01 4.140697e+01 3.488896e+01
    endloop
  endfacet
  facet normal 3.302791e-01 0.000000e+00 9.438833e-01
    outer loop
      vertex   3.408471e+01 4.140697e+01 3.470407e+01
      vertex   3.355630e+01 4.140697e+01 3.488896e+01
      vertex   3.355630e+01 3.042248e+01 3.488896e+01
    endloop
  endfacet
  facet normal 1.134898e-01 -0.000000e+00 9.935392e-01
    outer loop
      vertex   3.355630e+01 3.042248e+01 3.488896e+01
      vertex   3.355630e+01 4.140697e+01 3.488896e+01
      vertex   3.300768e+01 -2.371824e+01 3.495163e+01
    endloop
  endfacet
  facet normal 5.320321e-01 0.000000e+00 8.467242e-01
    outer loop
      vertex   3.455872e+01 6.337596e+01 3.440622e+01
      vertex   3.408471e+01 6.337596e+01 3.470407e+01
      vertex   3.408471e+01 5.239147e+01 3.470407e+01
    endloop
  endfacet
  facet normal 3.302791e-01 -0.000000e+00 9.438833e-01
    outer loop
      vertex   3.408471e+01 5.239147e+01 3.470407e+01
      vertex   3.408471e+01 6.337596e+01 3.470407e+01
      vertex   3.355630e+01 5.239147e+01 3.488896e+01
    endloop
  endfacet
  facet normal 3.302791e-01 0.000000e+00 9.438833e-01
    outer loop
      vertex   3.408471e+01 5.239147e+01 3.470407e+01
      vertex   3.355630e+01 5.239147e+01 3.488896e+01
      vertex   3.355630e+01 4.140697e+01 3.488896e+01
    endloop
  endfacet
  facet normal 1.134898e-01 -0.000000e+00 9.935392e-01
    outer loop
      vertex   3.355630e+01 4.140697e+01 3.488896e+01
      vertex   3.355630e+01 5.239147e+01 3.488896e+01
      vertex   3.300768e+01 -2.371824e+01 3.495163e+01
    endloop
  endfacet
  facet normal 3.302791e-01 0.000000e+00 9.438833e-01
    outer loop
      vertex   3.408471e+01 6.337596e+01 3.470407e+01
      vertex   3.355630e+01 6.337596e+01 3.488896e+01
      vertex   3.355630e+01 5.239147e+01 3.488896e+01
    endloop
  endfacet
  facet normal 1.134898e-01 -0.000000e+00 9.935392e-01
    outer loop
      vertex   3.355630e+01 5.239147e+01 3.488896e+01
      vertex   3.355630e+01 6.337596e+01 3.488896e+01
      vertex   3.300768e+01 -2.371824e+01 3.495163e+01
    endloop
  endfacet
  facet normal 1.119645e-01 9.732631e-06 9.937122e-01
    outer loop
      vertex   3.355630e+01 6.337596e+01 3.488896e+01
      vertex   3.300000e+01 6.337596e+01 3.495164e+01
      vertex   3.300768e+01 -2.371824e+01 3.495163e+01
    endloop
  endfacet
  facet normal 1.535067e-03 0.000000e+00 9.999988e-01
    outer loop
      vertex   3.300768e+01 -2.371824e+01 3.495163e+01
      vertex   3.300000e+01 6.337596e+01 3.495164e+01
      vertex   3.300000e+01 -2.371558e+01 3.495164e+01
    endloop
  endfacet
  facet normal 9.552624e-01 -4.823548e-04 2.957594e-01
    outer loop
      vertex   3.530253e+01 -2.444308e+01 3.342549e+01
      vertex   3.545001e+01 -2.448568e+01 3.294906e+01
      vertex   3.543732e+01 -1.351551e+01 3.300795e+01
    endloop
  endfacet
  facet normal 9.438833e-01 -0.000000e+00 3.302791e-01
    outer loop
      vertex   3.525242e+01 3.042248e+01 3.353635e+01
      vertex   3.543732e+01 4.140697e+01 3.300795e+01
      vertex   3.525242e+01 4.140697e+01 3.353635e+01
    endloop
  endfacet
  facet normal 9.438833e-01 0.000000e+00 3.302791e-01
    outer loop
      vertex   3.525242e+01 4.140697e+01 3.353635e+01
      vertex   3.543732e+01 4.140697e+01 3.300795e+01
      vertex   3.543732e+01 5.239147e+01 3.300795e+01
    endloop
  endfacet
  facet normal 9.937122e-01 0.000000e+00 1.119645e-01
    outer loop
      vertex   3.543732e+01 3.042248e+01 3.300795e+01
      vertex   3.543732e+01 1.943798e+01 3.300795e+01
      vertex   3.550000e+01 6.337596e+01 3.245164e+01
    endloop
  endfacet
  facet normal 9.937122e-01 0.000000e+00 1.119645e-01
    outer loop
      vertex   3.550000e+01 6.337596e+01 3.245164e+01
      vertex   3.543732e+01 1.943798e+01 3.300795e+01
      vertex   3.543732e+01 8.453486e+00 3.300795e+01
    endloop
  endfacet
  facet normal 9.937122e-01 0.000000e+00 1.119645e-01
    outer loop
      vertex   3.550000e+01 6.337596e+01 3.245164e+01
      vertex   3.543732e+01 8.453486e+00 3.300795e+01
      vertex   3.543732e+01 -2.531010e+00 3.300795e+01
    endloop
  endfacet
  facet normal 9.438833e-01 -0.000000e+00 3.302791e-01
    outer loop
      vertex   3.543732e+01 -2.531010e+00 3.300795e+01
      vertex   3.543732e+01 8.453486e+00 3.300795e+01
      vertex   3.525242e+01 -2.531010e+00 3.353635e+01
    endloop
  endfacet
  facet normal 9.438833e-01 0.000000e+00 3.302791e-01
    outer loop
      vertex   3.543732e+01 -2.531010e+00 3.300795e+01
      vertex   3.525242e+01 -2.531010e+00 3.353635e+01
      vertex   3.525242e+01 -1.351551e+01 3.353635e+01
    endloop
  endfacet
  facet normal 8.467242e-01 -0.000000e+00 5.320321e-01
    outer loop
      vertex   3.525242e+01 -1.351551e+01 3.353635e+01
      vertex   3.525242e+01 -2.531010e+00 3.353635e+01
      vertex   3.495458e+01 -1.351551e+01 3.401037e+01
    endloop
  endfacet
  facet normal 9.438833e-01 0.000000e+00 3.302791e-01
    outer loop
      vertex   3.543732e+01 3.042248e+01 3.300795e+01
      vertex   3.525242e+01 1.943798e+01 3.353635e+01
      vertex   3.543732e+01 1.943798e+01 3.300795e+01
    endloop
  endfacet
  facet normal 9.438833e-01 0.000000e+00 3.302791e-01
    outer loop
      vertex   3.543732e+01 1.943798e+01 3.300795e+01
      vertex   3.525242e+01 1.943798e+01 3.353635e+01
      vertex   3.525242e+01 8.453486e+00 3.353635e+01
    endloop
  endfacet
  facet normal 9.438833e-01 0.000000e+00 3.302791e-01
    outer loop
      vertex   3.543732e+01 1.943798e+01 3.300795e+01
      vertex   3.525242e+01 8.453486e+00 3.353635e+01
      vertex   3.543732e+01 8.453486e+00 3.300795e+01
    endloop
  endfacet
  facet normal 9.438833e-01 0.000000e+00 3.302791e-01
    outer loop
      vertex   3.543732e+01 8.453486e+00 3.300795e+01
      vertex   3.525242e+01 8.453486e+00 3.353635e+01
      vertex   3.525242e+01 -2.531010e+00 3.353635e+01
    endloop
  endfacet
  facet normal 8.467242e-01 -0.000000e+00 5.320321e-01
    outer loop
      vertex   3.495458e+01 1.943798e+01 3.401037e+01
      vertex   3.525242e+01 3.042248e+01 3.353635e+01
      vertex   3.495458e+01 3.042248e+01 3.401037e+01
    endloop
  endfacet
  facet normal 8.467242e-01 0.000000e+00 5.320321e-01
    outer loop
      vertex   3.495458e+01 3.042248e+01 3.401037e+01
      vertex   3.525242e+01 3.042248e+01 3.353635e+01
      vertex   3.525242e+01 4.140697e+01 3.353635e+01
    endloop
  endfacet
  facet normal 8.467242e-01 0.000000e+00 5.320321e-01
    outer loop
      vertex   3.525242e+01 1.943798e+01 3.353635e+01
      vertex   3.495458e+01 8.453486e+00 3.401037e+01
      vertex   3.525242e+01 8.453486e+00 3.353635e+01
    endloop
  endfacet
  facet normal 8.467242e-01 0.000000e+00 5.320321e-01
    outer loop
      vertex   3.525242e+01 8.453486e+00 3.353635e+01
      vertex   3.495458e+01 8.453486e+00 3.401037e+01
      vertex   3.495458e+01 -2.531010e+00 3.401037e+01
    endloop
  endfacet
  facet normal 8.467242e-01 0.000000e+00 5.320321e-01
    outer loop
      vertex   3.525242e+01 8.453486e+00 3.353635e+01
      vertex   3.495458e+01 -2.531010e+00 3.401037e+01
      vertex   3.525242e+01 -2.531010e+00 3.353635e+01
    endloop
  endfacet
  facet normal 8.467242e-01 0.000000e+00 5.320321e-01
    outer loop
      vertex   3.525242e+01 -2.531010e+00 3.353635e+01
      vertex   3.495458e+01 -2.531010e+00 3.401037e+01
      vertex   3.495458e+01 -1.351551e+01 3.401037e+01
    endloop
  endfacet
  facet normal 7.071068e-01 -0.000000e+00 7.071068e-01
    outer loop
      vertex   3.455872e+01 8.453486e+00 3.440622e+01
      vertex   3.495458e+01 1.943798e+01 3.401037e+01
      vertex   3.455872e+01 1.943798e+01 3.440622e+01
    endloop
  endfacet
  facet normal 7.071068e-01 0.000000e+00 7.071068e-01
    outer loop
      vertex   3.455872e+01 1.943798e+01 3.440622e+01
      vertex   3.495458e+01 1.943798e+01 3.401037e+01
      vertex   3.495458e+01 3.042248e+01 3.401037e+01
    endloop
  endfacet
  facet normal 7.071068e-01 0.000000e+00 7.071068e-01
    outer loop
      vertex   3.455872e+01 -1.351551e+01 3.440622e+01
      vertex   3.495458e+01 -1.351551e+01 3.401037e+01
      vertex   3.495458e+01 -2.531010e+00 3.401037e+01
    endloop
  endfacet
  facet normal 7.071068e-01 -0.000000e+00 7.071068e-01
    outer loop
      vertex   3.455872e+01 -1.351551e+01 3.440622e+01
      vertex   3.495458e+01 -2.531010e+00 3.401037e+01
      vertex   3.455872e+01 -2.531010e+00 3.440622e+01
    endloop
  endfacet
  facet normal 7.071068e-01 0.000000e+00 7.071068e-01
    outer loop
      vertex   3.455872e+01 -2.531010e+00 3.440622e+01
      vertex   3.495458e+01 -2.531010e+00 3.401037e+01
      vertex   3.495458e+01 8.453486e+00 3.401037e+01
    endloop
  endfacet
  facet normal 5.320321e-01 -0.000000e+00 8.467242e-01
    outer loop
      vertex   3.408471e+01 -2.531010e+00 3.470407e+01
      vertex   3.455872e+01 8.453486e+00 3.440622e+01
      vertex   3.408471e+01 8.453486e+00 3.470407e+01
    endloop
  endfacet
  facet normal 5.320321e-01 0.000000e+00 8.467242e-01
    outer loop
      vertex   3.408471e+01 8.453486e+00 3.470407e+01
      vertex   3.455872e+01 8.453486e+00 3.440622e+01
      vertex   3.455872e+01 1.943798e+01 3.440622e+01
    endloop
  endfacet
  facet normal 5.320321e-01 0.000000e+00 8.467242e-01
    outer loop
      vertex   3.408471e+01 -1.351551e+01 3.470407e+01
      vertex   3.455872e+01 -1.351551e+01 3.440622e+01
      vertex   3.455872e+01 -2.531010e+00 3.440622e+01
    endloop
  endfacet
  facet normal 3.302791e-01 -0.000000e+00 9.438833e-01
    outer loop
      vertex   3.355630e+01 -1.351551e+01 3.488896e+01
      vertex   3.408471e+01 -2.531010e+00 3.470407e+01
      vertex   3.355630e+01 -2.531010e+00 3.488896e+01
    endloop
  endfacet
  facet normal 3.302791e-01 0.000000e+00 9.438833e-01
    outer loop
      vertex   3.355630e+01 -2.531010e+00 3.488896e+01
      vertex   3.408471e+01 -2.531010e+00 3.470407e+01
      vertex   3.408471e+01 8.453486e+00 3.470407e+01
    endloop
  endfacet
  facet normal 8.161819e-02 -7.498291e-02 9.938390e-01
    outer loop
      vertex   3.238967e+01 -2.437992e+01 3.495164e+01
      vertex   3.336822e+01 -2.414555e+01 3.488896e+01
      vertex   3.300000e+01 -2.371558e+01 3.495164e+01
    endloop
  endfacet
  facet normal 6.694661e-02 -8.755738e-02 9.939074e-01
    outer loop
      vertex   3.300000e+01 -2.371558e+01 3.495164e+01
      vertex   3.336822e+01 -2.414555e+01 3.488896e+01
      vertex   3.348173e+01 -2.387909e+01 3.490479e+01
    endloop
  endfacet
  facet normal -3.268686e-01 -9.422999e-01 -7.230327e-02
    outer loop
      vertex   3.300000e+01 -2.371558e+01 3.495164e+01
      vertex   3.348173e+01 -2.387909e+01 3.490479e+01
      vertex   3.300768e+01 -2.371824e+01 3.495163e+01
    endloop
  endfacet
  facet normal 6.886890e-02 -8.564566e-02 9.939426e-01
    outer loop
      vertex   3.168663e+01 -2.494524e+01 3.495164e+01
      vertex   3.216768e+01 -2.528584e+01 3.488896e+01
      vertex   3.238967e+01 -2.437992e+01 3.495164e+01
    endloop
  endfacet
  facet normal 7.229000e-02 -8.646226e-02 9.936289e-01
    outer loop
      vertex   3.238967e+01 -2.437992e+01 3.495164e+01
      vertex   3.216768e+01 -2.528584e+01 3.488896e+01
      vertex   3.280409e+01 -2.475375e+01 3.488896e+01
    endloop
  endfacet
  facet normal 8.183305e-02 -7.590341e-02 9.937515e-01
    outer loop
      vertex   3.238967e+01 -2.437992e+01 3.495164e+01
      vertex   3.280409e+01 -2.475375e+01 3.488896e+01
      vertex   3.336822e+01 -2.414555e+01 3.488896e+01
    endloop
  endfacet
  facet normal 2.425837e-01 -2.250061e-01 9.436765e-01
    outer loop
      vertex   3.336822e+01 -2.414555e+01 3.488896e+01
      vertex   3.280409e+01 -2.475375e+01 3.488896e+01
      vertex   3.316800e+01 -2.513688e+01 3.470407e+01
    endloop
  endfacet
  facet normal 2.425837e-01 -2.250061e-01 9.436765e-01
    outer loop
      vertex   3.336822e+01 -2.414555e+01 3.488896e+01
      vertex   3.316800e+01 -2.513688e+01 3.470407e+01
      vertex   3.377759e+01 -2.447966e+01 3.470407e+01
    endloop
  endfacet
  facet normal 3.906311e-01 -3.623259e-01 8.462431e-01
    outer loop
      vertex   3.377759e+01 -2.447966e+01 3.470407e+01
      vertex   3.316800e+01 -2.513688e+01 3.470407e+01
      vertex   3.349444e+01 -2.548057e+01 3.440622e+01
    endloop
  endfacet
  facet normal 3.906311e-01 -3.623259e-01 8.462431e-01
    outer loop
      vertex   3.377759e+01 -2.447966e+01 3.470407e+01
      vertex   3.349444e+01 -2.548057e+01 3.440622e+01
      vertex   3.414482e+01 -2.477938e+01 3.440622e+01
    endloop
  endfacet
  facet normal 5.189494e-01 -4.813462e-01 7.063975e-01
    outer loop
      vertex   3.414482e+01 -2.477938e+01 3.440622e+01
      vertex   3.349444e+01 -2.548057e+01 3.440622e+01
      vertex   3.376706e+01 -2.576759e+01 3.401037e+01
    endloop
  endfacet
  facet normal 5.189494e-01 -4.813462e-01 7.063975e-01
    outer loop
      vertex   3.414482e+01 -2.477938e+01 3.440622e+01
      vertex   3.376706e+01 -2.576759e+01 3.401037e+01
      vertex   3.445150e+01 -2.502968e+01 3.401037e+01
    endloop
  endfacet
  facet normal 6.211452e-01 -5.761369e-01 5.312674e-01
    outer loop
      vertex   3.445150e+01 -2.502968e+01 3.401037e+01
      vertex   3.376706e+01 -2.576759e+01 3.401037e+01
      vertex   3.397218e+01 -2.598355e+01 3.353635e+01
    endloop
  endfacet
  facet normal 6.211452e-01 -5.761369e-01 5.312674e-01
    outer loop
      vertex   3.445150e+01 -2.502968e+01 3.401037e+01
      vertex   3.397218e+01 -2.598355e+01 3.353635e+01
      vertex   3.468225e+01 -2.521801e+01 3.353635e+01
    endloop
  endfacet
  facet normal 6.921786e-01 -6.420231e-01 3.296894e-01
    outer loop
      vertex   3.468225e+01 -2.521801e+01 3.353635e+01
      vertex   3.397218e+01 -2.598355e+01 3.353635e+01
      vertex   3.409951e+01 -2.611761e+01 3.300795e+01
    endloop
  endfacet
  facet normal 6.921786e-01 -6.420231e-01 3.296894e-01
    outer loop
      vertex   3.468225e+01 -2.521801e+01 3.353635e+01
      vertex   3.409951e+01 -2.611761e+01 3.300795e+01
      vertex   3.482549e+01 -2.533492e+01 3.300795e+01
    endloop
  endfacet
  facet normal 7.285788e-01 -6.757858e-01 1.117430e-01
    outer loop
      vertex   3.482549e+01 -2.533492e+01 3.300795e+01
      vertex   3.409951e+01 -2.611761e+01 3.300795e+01
      vertex   3.414268e+01 -2.616306e+01 3.245164e+01
    endloop
  endfacet
  facet normal 7.285788e-01 -6.757858e-01 1.117430e-01
    outer loop
      vertex   3.482549e+01 -2.533492e+01 3.300795e+01
      vertex   3.414268e+01 -2.616306e+01 3.245164e+01
      vertex   3.487405e+01 -2.537455e+01 3.245164e+01
    endloop
  endfacet
  facet normal 6.148895e-02 -9.598407e-02 9.934818e-01
    outer loop
      vertex   3.216768e+01 -2.528584e+01 3.488896e+01
      vertex   3.168663e+01 -2.494524e+01 3.495164e+01
      vertex   3.146917e+01 -2.573332e+01 3.488896e+01
    endloop
  endfacet
  facet normal 5.476753e-02 -9.417446e-02 9.940481e-01
    outer loop
      vertex   3.146917e+01 -2.573332e+01 3.488896e+01
      vertex   3.168663e+01 -2.494524e+01 3.495164e+01
      vertex   3.090677e+01 -2.539877e+01 3.495164e+01
    endloop
  endfacet
  facet normal 4.913483e-02 -1.035243e-01 9.934125e-01
    outer loop
      vertex   3.146917e+01 -2.573332e+01 3.488896e+01
      vertex   3.090677e+01 -2.539877e+01 3.495164e+01
      vertex   3.071975e+01 -2.608901e+01 3.488896e+01
    endloop
  endfacet
  facet normal 3.993845e-02 -1.010927e-01 9.940750e-01
    outer loop
      vertex   3.071975e+01 -2.608901e+01 3.488896e+01
      vertex   3.090677e+01 -2.539877e+01 3.495164e+01
      vertex   3.006774e+01 -2.573025e+01 3.495164e+01
    endloop
  endfacet
  facet normal 3.563591e-02 -1.087985e-01 9.934249e-01
    outer loop
      vertex   3.071975e+01 -2.608901e+01 3.488896e+01
      vertex   3.006774e+01 -2.573025e+01 3.495164e+01
      vertex   2.993141e+01 -2.634722e+01 3.488896e+01
    endloop
  endfacet
  facet normal 2.443247e-02 -1.063841e-01 9.940249e-01
    outer loop
      vertex   2.993141e+01 -2.634722e+01 3.488896e+01
      vertex   3.006774e+01 -2.573025e+01 3.495164e+01
      vertex   2.918849e+01 -2.593218e+01 3.495164e+01
    endloop
  endfacet
  facet normal 2.145902e-02 -1.116300e-01 9.935181e-01
    outer loop
      vertex   2.993141e+01 -2.634722e+01 3.488896e+01
      vertex   2.918849e+01 -2.593218e+01 3.495164e+01
      vertex   2.911678e+01 -2.650382e+01 3.488896e+01
    endloop
  endfacet
  facet normal 8.294603e-03 -1.100200e-01 9.938948e-01
    outer loop
      vertex   2.911678e+01 -2.650382e+01 3.488896e+01
      vertex   2.918849e+01 -2.593218e+01 3.495164e+01
      vertex   2.828890e+01 -2.600000e+01 3.495164e+01
    endloop
  endfacet
  facet normal 7.097281e-03 -1.119617e-01 9.936872e-01
    outer loop
      vertex   2.911678e+01 -2.650382e+01 3.488896e+01
      vertex   2.828890e+01 -2.600000e+01 3.495164e+01
      vertex   2.828890e+01 -2.655630e+01 3.488896e+01
    endloop
  endfacet
  facet normal 2.093190e-02 -3.302067e-01 9.436765e-01
    outer loop
      vertex   2.828890e+01 -2.655630e+01 3.488896e+01
      vertex   2.828890e+01 -2.708471e+01 3.470407e+01
      vertex   2.911678e+01 -2.650382e+01 3.488896e+01
    endloop
  endfacet
  facet normal 2.093190e-02 -3.302067e-01 9.436765e-01
    outer loop
      vertex   2.911678e+01 -2.650382e+01 3.488896e+01
      vertex   2.828890e+01 -2.708471e+01 3.470407e+01
      vertex   2.918351e+01 -2.702800e+01 3.470407e+01
    endloop
  endfacet
  facet normal 6.246059e-02 -3.249204e-01 9.436765e-01
    outer loop
      vertex   2.911678e+01 -2.650382e+01 3.488896e+01
      vertex   2.918351e+01 -2.702800e+01 3.470407e+01
      vertex   2.993141e+01 -2.634722e+01 3.488896e+01
    endloop
  endfacet
  facet normal 6.246059e-02 -3.249204e-01 9.436765e-01
    outer loop
      vertex   2.993141e+01 -2.634722e+01 3.488896e+01
      vertex   2.918351e+01 -2.702800e+01 3.470407e+01
      vertex   3.006379e+01 -2.685878e+01 3.470407e+01
    endloop
  endfacet
  facet normal 1.029894e-01 -3.144325e-01 9.436765e-01
    outer loop
      vertex   2.993141e+01 -2.634722e+01 3.488896e+01
      vertex   3.006379e+01 -2.685878e+01 3.470407e+01
      vertex   3.071975e+01 -2.608901e+01 3.488896e+01
    endloop
  endfacet
  facet normal 1.029894e-01 -3.144325e-01 9.436765e-01
    outer loop
      vertex   3.071975e+01 -2.608901e+01 3.488896e+01
      vertex   3.006379e+01 -2.685878e+01 3.470407e+01
      vertex   3.091567e+01 -2.657976e+01 3.470407e+01
    endloop
  endfacet
  facet normal 1.418694e-01 -2.989108e-01 9.436765e-01
    outer loop
      vertex   3.071975e+01 -2.608901e+01 3.488896e+01
      vertex   3.091567e+01 -2.657976e+01 3.470407e+01
      vertex   3.146917e+01 -2.573332e+01 3.488896e+01
    endloop
  endfacet
  facet normal 1.418694e-01 -2.989108e-01 9.436765e-01
    outer loop
      vertex   3.146917e+01 -2.573332e+01 3.488896e+01
      vertex   3.091567e+01 -2.657976e+01 3.470407e+01
      vertex   3.172549e+01 -2.619540e+01 3.470407e+01
    endloop
  endfacet
  facet normal 1.784782e-01 -2.786039e-01 9.436765e-01
    outer loop
      vertex   3.146917e+01 -2.573332e+01 3.488896e+01
      vertex   3.172549e+01 -2.619540e+01 3.470407e+01
      vertex   3.216768e+01 -2.528584e+01 3.488896e+01
    endloop
  endfacet
  facet normal 1.784782e-01 -2.786039e-01 9.436765e-01
    outer loop
      vertex   3.216768e+01 -2.528584e+01 3.488896e+01
      vertex   3.172549e+01 -2.619540e+01 3.470407e+01
      vertex   3.248029e+01 -2.571186e+01 3.470407e+01
    endloop
  endfacet
  facet normal 2.122298e-01 -2.538368e-01 9.436765e-01
    outer loop
      vertex   3.216768e+01 -2.528584e+01 3.488896e+01
      vertex   3.248029e+01 -2.571186e+01 3.470407e+01
      vertex   3.280409e+01 -2.475375e+01 3.488896e+01
    endloop
  endfacet
  facet normal 2.122298e-01 -2.538368e-01 9.436765e-01
    outer loop
      vertex   3.280409e+01 -2.475375e+01 3.488896e+01
      vertex   3.248029e+01 -2.571186e+01 3.470407e+01
      vertex   3.316800e+01 -2.513688e+01 3.470407e+01
    endloop
  endfacet
  facet normal 3.370650e-02 -5.317298e-01 8.462431e-01
    outer loop
      vertex   2.828890e+01 -2.708471e+01 3.470407e+01
      vertex   2.828890e+01 -2.755872e+01 3.440622e+01
      vertex   2.918351e+01 -2.702800e+01 3.470407e+01
    endloop
  endfacet
  facet normal 3.370650e-02 -5.317298e-01 8.462431e-01
    outer loop
      vertex   2.918351e+01 -2.702800e+01 3.470407e+01
      vertex   2.828890e+01 -2.755872e+01 3.440622e+01
      vertex   2.924336e+01 -2.749822e+01 3.440622e+01
    endloop
  endfacet
  facet normal 1.005799e-01 -5.232173e-01 8.462431e-01
    outer loop
      vertex   2.918351e+01 -2.702800e+01 3.470407e+01
      vertex   2.924336e+01 -2.749822e+01 3.440622e+01
      vertex   3.006379e+01 -2.685878e+01 3.470407e+01
    endloop
  endfacet
  facet normal 1.005799e-01 -5.232173e-01 8.462431e-01
    outer loop
      vertex   3.006379e+01 -2.685878e+01 3.470407e+01
      vertex   2.924336e+01 -2.749822e+01 3.440622e+01
      vertex   3.018255e+01 -2.731768e+01 3.440622e+01
    endloop
  endfacet
  facet normal 1.658431e-01 -5.063287e-01 8.462431e-01
    outer loop
      vertex   3.006379e+01 -2.685878e+01 3.470407e+01
      vertex   3.018255e+01 -2.731768e+01 3.440622e+01
      vertex   3.091567e+01 -2.657976e+01 3.470407e+01
    endloop
  endfacet
  facet normal 1.658431e-01 -5.063287e-01 8.462431e-01
    outer loop
      vertex   3.091567e+01 -2.657976e+01 3.470407e+01
      vertex   3.018255e+01 -2.731768e+01 3.440622e+01
      vertex   3.109141e+01 -2.701999e+01 3.440622e+01
    endloop
  endfacet
  facet normal 2.284513e-01 -4.813342e-01 8.462431e-01
    outer loop
      vertex   3.091567e+01 -2.657976e+01 3.470407e+01
      vertex   3.109141e+01 -2.701999e+01 3.440622e+01
      vertex   3.172549e+01 -2.619540e+01 3.470407e+01
    endloop
  endfacet
  facet normal 2.284513e-01 -4.813342e-01 8.462431e-01
    outer loop
      vertex   3.172549e+01 -2.619540e+01 3.470407e+01
      vertex   3.109141e+01 -2.701999e+01 3.440622e+01
      vertex   3.195542e+01 -2.660991e+01 3.440622e+01
    endloop
  endfacet
  facet normal 2.874023e-01 -4.486341e-01 8.462431e-01
    outer loop
      vertex   3.172549e+01 -2.619540e+01 3.470407e+01
      vertex   3.195542e+01 -2.660991e+01 3.440622e+01
      vertex   3.248029e+01 -2.571186e+01 3.470407e+01
    endloop
  endfacet
  facet normal 2.874023e-01 -4.486341e-01 8.462431e-01
    outer loop
      vertex   3.248029e+01 -2.571186e+01 3.470407e+01
      vertex   3.195542e+01 -2.660991e+01 3.440622e+01
      vertex   3.276072e+01 -2.609402e+01 3.440622e+01
    endloop
  endfacet
  facet normal 3.417522e-01 -4.087518e-01 8.462431e-01
    outer loop
      vertex   3.248029e+01 -2.571186e+01 3.470407e+01
      vertex   3.276072e+01 -2.609402e+01 3.440622e+01
      vertex   3.316800e+01 -2.513688e+01 3.470407e+01
    endloop
  endfacet
  facet normal 3.417522e-01 -4.087518e-01 8.462431e-01
    outer loop
      vertex   3.316800e+01 -2.513688e+01 3.470407e+01
      vertex   3.276072e+01 -2.609402e+01 3.440622e+01
      vertex   3.349444e+01 -2.548057e+01 3.440622e+01
    endloop
  endfacet
  facet normal 4.477874e-02 -7.063975e-01 7.063975e-01
    outer loop
      vertex   2.828890e+01 -2.755872e+01 3.440622e+01
      vertex   2.828890e+01 -2.795458e+01 3.401037e+01
      vertex   2.924336e+01 -2.749822e+01 3.440622e+01
    endloop
  endfacet
  facet normal 4.477874e-02 -7.063975e-01 7.063975e-01
    outer loop
      vertex   2.924336e+01 -2.749822e+01 3.440622e+01
      vertex   2.828890e+01 -2.795458e+01 3.401037e+01
      vertex   2.929335e+01 -2.789091e+01 3.401037e+01
    endloop
  endfacet
  facet normal 1.336194e-01 -6.950888e-01 7.063975e-01
    outer loop
      vertex   2.924336e+01 -2.749822e+01 3.440622e+01
      vertex   2.929335e+01 -2.789091e+01 3.401037e+01
      vertex   3.018255e+01 -2.731768e+01 3.440622e+01
    endloop
  endfacet
  facet normal 1.336194e-01 -6.950888e-01 7.063975e-01
    outer loop
      vertex   3.018255e+01 -2.731768e+01 3.440622e+01
      vertex   2.929335e+01 -2.789091e+01 3.401037e+01
      vertex   3.028172e+01 -2.770091e+01 3.401037e+01
    endloop
  endfacet
  facet normal 2.203209e-01 -6.726524e-01 7.063975e-01
    outer loop
      vertex   3.018255e+01 -2.731768e+01 3.440622e+01
      vertex   3.028172e+01 -2.770091e+01 3.401037e+01
      vertex   3.109141e+01 -2.701999e+01 3.440622e+01
    endloop
  endfacet
  facet normal 2.203209e-01 -6.726524e-01 7.063975e-01
    outer loop
      vertex   3.109141e+01 -2.701999e+01 3.440622e+01
      vertex   3.028172e+01 -2.770091e+01 3.401037e+01
      vertex   3.123818e+01 -2.738763e+01 3.401037e+01
    endloop
  endfacet
  facet normal 3.034952e-01 -6.394476e-01 7.063975e-01
    outer loop
      vertex   3.109141e+01 -2.701999e+01 3.440622e+01
      vertex   3.123818e+01 -2.738763e+01 3.401037e+01
      vertex   3.195542e+01 -2.660991e+01 3.440622e+01
    endloop
  endfacet
  facet normal 3.034952e-01 -6.394476e-01 7.063975e-01
    outer loop
      vertex   3.195542e+01 -2.660991e+01 3.440622e+01
      vertex   3.123818e+01 -2.738763e+01 3.401037e+01
      vertex   3.214744e+01 -2.695608e+01 3.401037e+01
    endloop
  endfacet
  facet normal 3.818110e-01 -5.960058e-01 7.063975e-01
    outer loop
      vertex   3.195542e+01 -2.660991e+01 3.440622e+01
      vertex   3.214744e+01 -2.695608e+01 3.401037e+01
      vertex   3.276072e+01 -2.609402e+01 3.440622e+01
    endloop
  endfacet
  facet normal 3.818110e-01 -5.960058e-01 7.063975e-01
    outer loop
      vertex   3.276072e+01 -2.609402e+01 3.440622e+01
      vertex   3.214744e+01 -2.695608e+01 3.401037e+01
      vertex   3.299492e+01 -2.641317e+01 3.401037e+01
    endloop
  endfacet
  facet normal 4.540143e-01 -5.430226e-01 7.063975e-01
    outer loop
      vertex   3.276072e+01 -2.609402e+01 3.440622e+01
      vertex   3.299492e+01 -2.641317e+01 3.401037e+01
      vertex   3.349444e+01 -2.548057e+01 3.440622e+01
    endloop
  endfacet
  facet normal 4.540143e-01 -5.430226e-01 7.063975e-01
    outer loop
      vertex   3.349444e+01 -2.548057e+01 3.440622e+01
      vertex   3.299492e+01 -2.641317e+01 3.401037e+01
      vertex   3.376706e+01 -2.576759e+01 3.401037e+01
    endloop
  endfacet
  facet normal 5.359694e-02 -8.455072e-01 5.312674e-01
    outer loop
      vertex   2.828890e+01 -2.795458e+01 3.401037e+01
      vertex   2.828890e+01 -2.825242e+01 3.353635e+01
      vertex   2.929335e+01 -2.789091e+01 3.401037e+01
    endloop
  endfacet
  facet normal 5.359694e-02 -8.455072e-01 5.312674e-01
    outer loop
      vertex   2.929335e+01 -2.789091e+01 3.401037e+01
      vertex   2.828890e+01 -2.825242e+01 3.353635e+01
      vertex   2.933096e+01 -2.818637e+01 3.353635e+01
    endloop
  endfacet
  facet normal 1.599328e-01 -8.319715e-01 5.312674e-01
    outer loop
      vertex   2.929335e+01 -2.789091e+01 3.401037e+01
      vertex   2.933096e+01 -2.818637e+01 3.353635e+01
      vertex   3.028172e+01 -2.770091e+01 3.401037e+01
    endloop
  endfacet
  facet normal 1.599328e-01 -8.319715e-01 5.312674e-01
    outer loop
      vertex   3.028172e+01 -2.770091e+01 3.401037e+01
      vertex   2.933096e+01 -2.818637e+01 3.353635e+01
      vertex   3.035633e+01 -2.798925e+01 3.353635e+01
    endloop
  endfacet
  facet normal 2.637083e-01 -8.051167e-01 5.312674e-01
    outer loop
      vertex   3.028172e+01 -2.770091e+01 3.401037e+01
      vertex   3.035633e+01 -2.798925e+01 3.353635e+01
      vertex   3.123818e+01 -2.738763e+01 3.401037e+01
    endloop
  endfacet
  facet normal 2.637083e-01 -8.051167e-01 5.312674e-01
    outer loop
      vertex   3.123818e+01 -2.738763e+01 3.401037e+01
      vertex   3.035633e+01 -2.798925e+01 3.353635e+01
      vertex   3.134861e+01 -2.766424e+01 3.353635e+01
    endloop
  endfacet
  facet normal 3.632621e-01 -7.653729e-01 5.312674e-01
    outer loop
      vertex   3.123818e+01 -2.738763e+01 3.401037e+01
      vertex   3.134861e+01 -2.766424e+01 3.353635e+01
      vertex   3.214744e+01 -2.695608e+01 3.401037e+01
    endloop
  endfacet
  facet normal 3.632621e-01 -7.653729e-01 5.312674e-01
    outer loop
      vertex   3.214744e+01 -2.695608e+01 3.401037e+01
      vertex   3.134861e+01 -2.766424e+01 3.353635e+01
      vertex   3.229191e+01 -2.721653e+01 3.353635e+01
    endloop
  endfacet
  facet normal 4.570004e-01 -7.133762e-01 5.312674e-01
    outer loop
      vertex   3.214744e+01 -2.695608e+01 3.401037e+01
      vertex   3.229191e+01 -2.721653e+01 3.353635e+01
      vertex   3.299492e+01 -2.641317e+01 3.401037e+01
    endloop
  endfacet
  facet normal 4.570004e-01 -7.133762e-01 5.312674e-01
    outer loop
      vertex   3.299492e+01 -2.641317e+01 3.401037e+01
      vertex   3.229191e+01 -2.721653e+01 3.353635e+01
      vertex   3.317112e+01 -2.665330e+01 3.353635e+01
    endloop
  endfacet
  facet normal 5.434226e-01 -6.499591e-01 5.312674e-01
    outer loop
      vertex   3.299492e+01 -2.641317e+01 3.401037e+01
      vertex   3.317112e+01 -2.665330e+01 3.353635e+01
      vertex   3.376706e+01 -2.576759e+01 3.401037e+01
    endloop
  endfacet
  facet normal 5.434226e-01 -6.499591e-01 5.312674e-01
    outer loop
      vertex   3.376706e+01 -2.576759e+01 3.401037e+01
      vertex   3.317112e+01 -2.665330e+01 3.353635e+01
      vertex   3.397218e+01 -2.598355e+01 3.353635e+01
    endloop
  endfacet
  facet normal 5.972622e-02 -9.421983e-01 3.296894e-01
    outer loop
      vertex   2.828890e+01 -2.825242e+01 3.353635e+01
      vertex   2.828890e+01 -2.843732e+01 3.300795e+01
      vertex   2.933096e+01 -2.818637e+01 3.353635e+01
    endloop
  endfacet
  facet normal 5.972622e-02 -9.421983e-01 3.296894e-01
    outer loop
      vertex   2.933096e+01 -2.818637e+01 3.353635e+01
      vertex   2.828890e+01 -2.843732e+01 3.300795e+01
      vertex   2.935430e+01 -2.836978e+01 3.300795e+01
    endloop
  endfacet
  facet normal 1.782225e-01 -9.271147e-01 3.296894e-01
    outer loop
      vertex   2.933096e+01 -2.818637e+01 3.353635e+01
      vertex   2.935430e+01 -2.836978e+01 3.300795e+01
      vertex   3.035633e+01 -2.798925e+01 3.353635e+01
    endloop
  endfacet
  facet normal 1.782225e-01 -9.271147e-01 3.296894e-01
    outer loop
      vertex   3.035633e+01 -2.798925e+01 3.353635e+01
      vertex   2.935430e+01 -2.836978e+01 3.300795e+01
      vertex   3.040266e+01 -2.816826e+01 3.300795e+01
    endloop
  endfacet
  facet normal 2.938656e-01 -8.971889e-01 3.296894e-01
    outer loop
      vertex   3.035633e+01 -2.798925e+01 3.353635e+01
      vertex   3.040266e+01 -2.816826e+01 3.300795e+01
      vertex   3.134861e+01 -2.766424e+01 3.353635e+01
    endloop
  endfacet
  facet normal 2.938656e-01 -8.971889e-01 3.296894e-01
    outer loop
      vertex   3.134861e+01 -2.766424e+01 3.353635e+01
      vertex   3.040266e+01 -2.816826e+01 3.300795e+01
      vertex   3.141717e+01 -2.783596e+01 3.300795e+01
    endloop
  endfacet
  facet normal 4.048042e-01 -8.529000e-01 3.296894e-01
    outer loop
      vertex   3.134861e+01 -2.766424e+01 3.353635e+01
      vertex   3.141717e+01 -2.783596e+01 3.300795e+01
      vertex   3.229191e+01 -2.721653e+01 3.353635e+01
    endloop
  endfacet
  facet normal 4.048042e-01 -8.529000e-01 3.296894e-01
    outer loop
      vertex   3.229191e+01 -2.721653e+01 3.353635e+01
      vertex   3.141717e+01 -2.783596e+01 3.300795e+01
      vertex   3.238160e+01 -2.737822e+01 3.300795e+01
    endloop
  endfacet
  facet normal 5.092624e-01 -7.949570e-01 3.296894e-01
    outer loop
      vertex   3.229191e+01 -2.721653e+01 3.353635e+01
      vertex   3.238160e+01 -2.737822e+01 3.300795e+01
      vertex   3.317112e+01 -2.665330e+01 3.353635e+01
    endloop
  endfacet
  facet normal 5.092624e-01 -7.949570e-01 3.296894e-01
    outer loop
      vertex   3.317112e+01 -2.665330e+01 3.353635e+01
      vertex   3.238160e+01 -2.737822e+01 3.300795e+01
      vertex   3.328051e+01 -2.680237e+01 3.300795e+01
    endloop
  endfacet
  facet normal 6.055677e-01 -7.242876e-01 3.296894e-01
    outer loop
      vertex   3.317112e+01 -2.665330e+01 3.353635e+01
      vertex   3.328051e+01 -2.680237e+01 3.300795e+01
      vertex   3.397218e+01 -2.598355e+01 3.353635e+01
    endloop
  endfacet
  facet normal 6.055677e-01 -7.242876e-01 3.296894e-01
    outer loop
      vertex   3.397218e+01 -2.598355e+01 3.353635e+01
      vertex   3.328051e+01 -2.680237e+01 3.300795e+01
      vertex   3.409951e+01 -2.611761e+01 3.300795e+01
    endloop
  endfacet
  facet normal 6.286710e-02 -9.917466e-01 1.117430e-01
    outer loop
      vertex   2.828890e+01 -2.843732e+01 3.300795e+01
      vertex   2.828890e+01 -2.850000e+01 3.245164e+01
      vertex   2.935430e+01 -2.836978e+01 3.300795e+01
    endloop
  endfacet
  facet normal 6.286710e-02 -9.917466e-01 1.117430e-01
    outer loop
      vertex   2.935430e+01 -2.836978e+01 3.300795e+01
      vertex   2.828890e+01 -2.850000e+01 3.245164e+01
      vertex   2.936222e+01 -2.843196e+01 3.245164e+01
    endloop
  endfacet
  facet normal 1.875948e-01 -9.758697e-01 1.117430e-01
    outer loop
      vertex   2.935430e+01 -2.836978e+01 3.300795e+01
      vertex   2.936222e+01 -2.843196e+01 3.245164e+01
      vertex   3.040266e+01 -2.816826e+01 3.300795e+01
    endloop
  endfacet
  facet normal 1.875948e-01 -9.758697e-01 1.117430e-01
    outer loop
      vertex   3.040266e+01 -2.816826e+01 3.300795e+01
      vertex   2.936222e+01 -2.843196e+01 3.245164e+01
      vertex   3.041836e+01 -2.822894e+01 3.245164e+01
    endloop
  endfacet
  facet normal 3.093194e-01 -9.443702e-01 1.117430e-01
    outer loop
      vertex   3.040266e+01 -2.816826e+01 3.300795e+01
      vertex   3.041836e+01 -2.822894e+01 3.245164e+01
      vertex   3.141717e+01 -2.783596e+01 3.300795e+01
    endloop
  endfacet
  facet normal 3.093194e-01 -9.443702e-01 1.117430e-01
    outer loop
      vertex   3.141717e+01 -2.783596e+01 3.300795e+01
      vertex   3.041836e+01 -2.822894e+01 3.245164e+01
      vertex   3.144041e+01 -2.789417e+01 3.245164e+01
    endloop
  endfacet
  facet normal 4.260921e-01 -8.977522e-01 1.117430e-01
    outer loop
      vertex   3.141717e+01 -2.783596e+01 3.300795e+01
      vertex   3.144041e+01 -2.789417e+01 3.245164e+01
      vertex   3.238160e+01 -2.737822e+01 3.300795e+01
    endloop
  endfacet
  facet normal 4.260921e-01 -8.977522e-01 1.117430e-01
    outer loop
      vertex   3.238160e+01 -2.737822e+01 3.300795e+01
      vertex   3.144041e+01 -2.789417e+01 3.245164e+01
      vertex   3.241200e+01 -2.743303e+01 3.245164e+01
    endloop
  endfacet
  facet normal 5.360434e-01 -8.367622e-01 1.117430e-01
    outer loop
      vertex   3.238160e+01 -2.737822e+01 3.300795e+01
      vertex   3.241200e+01 -2.743303e+01 3.245164e+01
      vertex   3.328051e+01 -2.680237e+01 3.300795e+01
    endloop
  endfacet
  facet normal 5.360434e-01 -8.367622e-01 1.117430e-01
    outer loop
      vertex   3.328051e+01 -2.680237e+01 3.300795e+01
      vertex   3.241200e+01 -2.743303e+01 3.245164e+01
      vertex   3.331759e+01 -2.685290e+01 3.245164e+01
    endloop
  endfacet
  facet normal 6.374133e-01 -7.623764e-01 1.117430e-01
    outer loop
      vertex   3.328051e+01 -2.680237e+01 3.300795e+01
      vertex   3.331759e+01 -2.685290e+01 3.245164e+01
      vertex   3.409951e+01 -2.611761e+01 3.300795e+01
    endloop
  endfacet
  facet normal 6.374133e-01 -7.623764e-01 1.117430e-01
    outer loop
      vertex   3.409951e+01 -2.611761e+01 3.300795e+01
      vertex   3.331759e+01 -2.685290e+01 3.245164e+01
      vertex   3.414268e+01 -2.616306e+01 3.245164e+01
    endloop
  endfacet
  facet normal 8.092585e-01 -5.792197e-01 9.800658e-02
    outer loop
      vertex   3.550000e+01 -2.450000e+01 3.245164e+01
      vertex   3.545001e+01 -2.448568e+01 3.294906e+01
      vertex   3.487405e+01 -2.537455e+01 3.245164e+01
    endloop
  endfacet
  facet normal 8.042486e-01 -5.836848e-01 1.117867e-01
    outer loop
      vertex   3.487405e+01 -2.537455e+01 3.245164e+01
      vertex   3.545001e+01 -2.448568e+01 3.294906e+01
      vertex   3.482549e+01 -2.533492e+01 3.300795e+01
    endloop
  endfacet
  facet normal 7.802605e-01 -5.536153e-01 2.910388e-01
    outer loop
      vertex   3.545001e+01 -2.448568e+01 3.294906e+01
      vertex   3.530253e+01 -2.444308e+01 3.342549e+01
      vertex   3.482549e+01 -2.533492e+01 3.300795e+01
    endloop
  endfacet
  facet normal 7.594517e-01 -5.606941e-01 3.299322e-01
    outer loop
      vertex   3.482549e+01 -2.533492e+01 3.300795e+01
      vertex   3.530253e+01 -2.444308e+01 3.342549e+01
      vertex   3.468225e+01 -2.521801e+01 3.353635e+01
    endloop
  endfacet
  facet normal 7.194552e-01 -5.081441e-01 4.734699e-01
    outer loop
      vertex   3.530253e+01 -2.444308e+01 3.342549e+01
      vertex   3.506533e+01 -2.437374e+01 3.386034e+01
      vertex   3.468225e+01 -2.521801e+01 3.353635e+01
    endloop
  endfacet
  facet normal 6.756335e-01 -5.106310e-01 5.317663e-01
    outer loop
      vertex   3.468225e+01 -2.521801e+01 3.353635e+01
      vertex   3.506533e+01 -2.437374e+01 3.386034e+01
      vertex   3.445150e+01 -2.502968e+01 3.401037e+01
    endloop
  endfacet
  facet normal 6.296602e-01 -4.433185e-01 6.379630e-01
    outer loop
      vertex   3.506533e+01 -2.437374e+01 3.386034e+01
      vertex   3.474926e+01 -2.427957e+01 3.423773e+01
      vertex   3.445150e+01 -2.502968e+01 3.401037e+01
    endloop
  endfacet
  facet normal 5.571926e-01 -4.354858e-01 7.070280e-01
    outer loop
      vertex   3.445150e+01 -2.502968e+01 3.401037e+01
      vertex   3.474926e+01 -2.427957e+01 3.423773e+01
      vertex   3.414482e+01 -2.477938e+01 3.440622e+01
    endloop
  endfacet
  facet normal 5.151496e-01 -3.609155e-01 7.774065e-01
    outer loop
      vertex   3.474926e+01 -2.427957e+01 3.423773e+01
      vertex   3.436972e+01 -2.416370e+01 3.454303e+01
      vertex   3.414482e+01 -2.477938e+01 3.440622e+01
    endloop
  endfacet
  facet normal 4.107311e-01 -3.381743e-01 8.467220e-01
    outer loop
      vertex   3.414482e+01 -2.477938e+01 3.440622e+01
      vertex   3.436972e+01 -2.416370e+01 3.454303e+01
      vertex   3.377759e+01 -2.447966e+01 3.470407e+01
    endloop
  endfacet
  facet normal 3.816233e-01 -2.636459e-01 8.859202e-01
    outer loop
      vertex   3.436972e+01 -2.416370e+01 3.454303e+01
      vertex   3.394152e+01 -2.402896e+01 3.476758e+01
      vertex   3.377759e+01 -2.447966e+01 3.470407e+01
    endloop
  endfacet
  facet normal 2.449889e-01 -2.220967e-01 9.437444e-01
    outer loop
      vertex   3.377759e+01 -2.447966e+01 3.470407e+01
      vertex   3.394152e+01 -2.402896e+01 3.476758e+01
      vertex   3.336822e+01 -2.414555e+01 3.488896e+01
    endloop
  endfacet
  facet normal 2.350460e-01 -1.571069e-01 9.592032e-01
    outer loop
      vertex   3.394152e+01 -2.402896e+01 3.476758e+01
      vertex   3.348173e+01 -2.387909e+01 3.490479e+01
      vertex   3.336822e+01 -2.414555e+01 3.488896e+01
    endloop
  endfacet
  facet normal 1.191715e-10 -1.119645e-01 9.937122e-01
    outer loop
      vertex   -3.300000e+01 -2.655630e+01 3.488896e+01
      vertex   -2.074222e+01 -2.655630e+01 3.488896e+01
      vertex   -3.300000e+01 -2.600000e+01 3.495164e+01
    endloop
  endfacet
  facet normal 1.191715e-10 -1.119645e-01 9.937122e-01
    outer loop
      vertex   -3.300000e+01 -2.600000e+01 3.495164e+01
      vertex   -2.074222e+01 -2.655630e+01 3.488896e+01
      vertex   -8.484441e+00 -2.655630e+01 3.488896e+01
    endloop
  endfacet
  facet normal 1.191715e-10 -1.119645e-01 9.937122e-01
    outer loop
      vertex   -3.300000e+01 -2.600000e+01 3.495164e+01
      vertex   -8.484441e+00 -2.655630e+01 3.488896e+01
      vertex   3.773338e+00 -2.655630e+01 3.488896e+01
    endloop
  endfacet
  facet normal 3.515388e-10 -3.302791e-01 9.438833e-01
    outer loop
      vertex   3.773338e+00 -2.655630e+01 3.488896e+01
      vertex   -8.484441e+00 -2.655630e+01 3.488896e+01
      vertex   3.773338e+00 -2.708471e+01 3.470407e+01
    endloop
  endfacet
  facet normal 3.515386e-10 -3.302791e-01 9.438833e-01
    outer loop
      vertex   3.773338e+00 -2.655630e+01 3.488896e+01
      vertex   3.773338e+00 -2.708471e+01 3.470407e+01
      vertex   1.603112e+01 -2.708471e+01 3.470407e+01
    endloop
  endfacet
  facet normal 5.662782e-10 -5.320321e-01 8.467242e-01
    outer loop
      vertex   1.603112e+01 -2.708471e+01 3.470407e+01
      vertex   3.773338e+00 -2.708471e+01 3.470407e+01
      vertex   1.603112e+01 -2.755872e+01 3.440622e+01
    endloop
  endfacet
  facet normal 5.662783e-10 -5.320321e-01 8.467242e-01
    outer loop
      vertex   1.603112e+01 -2.708471e+01 3.470407e+01
      vertex   1.603112e+01 -2.755872e+01 3.440622e+01
      vertex   2.828890e+01 -2.755872e+01 3.440622e+01
    endloop
  endfacet
  facet normal 7.526224e-10 -7.071068e-01 7.071068e-01
    outer loop
      vertex   2.828890e+01 -2.755872e+01 3.440622e+01
      vertex   1.603112e+01 -2.755872e+01 3.440622e+01
      vertex   2.828890e+01 -2.795458e+01 3.401037e+01
    endloop
  endfacet
  facet normal 7.526226e-10 -7.071068e-01 7.071068e-01
    outer loop
      vertex   2.828890e+01 -2.795458e+01 3.401037e+01
      vertex   1.603112e+01 -2.755872e+01 3.440622e+01
      vertex   1.603112e+01 -2.795458e+01 3.401037e+01
    endloop
  endfacet
  facet normal 9.012270e-10 -8.467242e-01 5.320321e-01
    outer loop
      vertex   2.828890e+01 -2.795458e+01 3.401037e+01
      vertex   1.603112e+01 -2.795458e+01 3.401037e+01
      vertex   2.828890e+01 -2.825242e+01 3.353635e+01
    endloop
  endfacet
  facet normal 9.012268e-10 -8.467242e-01 5.320321e-01
    outer loop
      vertex   2.828890e+01 -2.825242e+01 3.353635e+01
      vertex   1.603112e+01 -2.795458e+01 3.401037e+01
      vertex   1.603112e+01 -2.825242e+01 3.353635e+01
    endloop
  endfacet
  facet normal 1.004640e-09 -9.438833e-01 3.302791e-01
    outer loop
      vertex   2.828890e+01 -2.825242e+01 3.353635e+01
      vertex   1.603112e+01 -2.825242e+01 3.353635e+01
      vertex   2.828890e+01 -2.843732e+01 3.300795e+01
    endloop
  endfacet
  facet normal 1.004640e-09 -9.438833e-01 3.302791e-01
    outer loop
      vertex   2.828890e+01 -2.843732e+01 3.300795e+01
      vertex   1.603112e+01 -2.825242e+01 3.353635e+01
      vertex   1.603112e+01 -2.843732e+01 3.300795e+01
    endloop
  endfacet
  facet normal 1.057676e-09 -9.937122e-01 1.119645e-01
    outer loop
      vertex   2.828890e+01 -2.843732e+01 3.300795e+01
      vertex   1.603112e+01 -2.843732e+01 3.300795e+01
      vertex   2.828890e+01 -2.850000e+01 3.245164e+01
    endloop
  endfacet
  facet normal 1.057676e-09 -9.937122e-01 1.119645e-01
    outer loop
      vertex   2.828890e+01 -2.850000e+01 3.245164e+01
      vertex   1.603112e+01 -2.843732e+01 3.300795e+01
      vertex   3.773338e+00 -2.843732e+01 3.300795e+01
    endloop
  endfacet
  facet normal 1.057676e-09 -9.937122e-01 1.119645e-01
    outer loop
      vertex   2.828890e+01 -2.850000e+01 3.245164e+01
      vertex   3.773338e+00 -2.843732e+01 3.300795e+01
      vertex   -8.484441e+00 -2.843732e+01 3.300795e+01
    endloop
  endfacet
  facet normal 1.004640e-09 -9.438833e-01 3.302791e-01
    outer loop
      vertex   -8.484441e+00 -2.843732e+01 3.300795e+01
      vertex   3.773338e+00 -2.843732e+01 3.300795e+01
      vertex   -8.484441e+00 -2.825242e+01 3.353635e+01
    endloop
  endfacet
  facet normal 1.004640e-09 -9.438833e-01 3.302791e-01
    outer loop
      vertex   -8.484441e+00 -2.843732e+01 3.300795e+01
      vertex   -8.484441e+00 -2.825242e+01 3.353635e+01
      vertex   -2.074222e+01 -2.825242e+01 3.353635e+01
    endloop
  endfacet
  facet normal 9.012265e-10 -8.467242e-01 5.320321e-01
    outer loop
      vertex   -2.074222e+01 -2.825242e+01 3.353635e+01
      vertex   -8.484441e+00 -2.825242e+01 3.353635e+01
      vertex   -2.074222e+01 -2.795458e+01 3.401037e+01
    endloop
  endfacet
  facet normal 9.012265e-10 -8.467242e-01 5.320321e-01
    outer loop
      vertex   -2.074222e+01 -2.825242e+01 3.353635e+01
      vertex   -2.074222e+01 -2.795458e+01 3.401037e+01
      vertex   -3.300000e+01 -2.795458e+01 3.401037e+01
    endloop
  endfacet
  facet normal 7.526221e-10 -7.071068e-01 7.071068e-01
    outer loop
      vertex   -3.300000e+01 -2.795458e+01 3.401037e+01
      vertex   -2.074222e+01 -2.795458e+01 3.401037e+01
      vertex   -3.300000e+01 -2.755872e+01 3.440622e+01
    endloop
  endfacet
  facet normal 7.526221e-10 -7.071068e-01 7.071068e-01
    outer loop
      vertex   -3.300000e+01 -2.755872e+01 3.440622e+01
      vertex   -2.074222e+01 -2.795458e+01 3.401037e+01
      vertex   -2.074222e+01 -2.755872e+01 3.440622e+01
    endloop
  endfacet
  facet normal 5.662782e-10 -5.320321e-01 8.467242e-01
    outer loop
      vertex   -3.300000e+01 -2.755872e+01 3.440622e+01
      vertex   -2.074222e+01 -2.755872e+01 3.440622e+01
      vertex   -3.300000e+01 -2.708471e+01 3.470407e+01
    endloop
  endfacet
  facet normal 5.662783e-10 -5.320321e-01 8.467242e-01
    outer loop
      vertex   -3.300000e+01 -2.708471e+01 3.470407e+01
      vertex   -2.074222e+01 -2.755872e+01 3.440622e+01
      vertex   -2.074222e+01 -2.708471e+01 3.470407e+01
    endloop
  endfacet
  facet normal 3.515387e-10 -3.302791e-01 9.438833e-01
    outer loop
      vertex   -3.300000e+01 -2.708471e+01 3.470407e+01
      vertex   -2.074222e+01 -2.708471e+01 3.470407e+01
      vertex   -3.300000e+01 -2.655630e+01 3.488896e+01
    endloop
  endfacet
  facet normal 3.515387e-10 -3.302791e-01 9.438833e-01
    outer loop
      vertex   -3.300000e+01 -2.655630e+01 3.488896e+01
      vertex   -2.074222e+01 -2.708471e+01 3.470407e+01
      vertex   -2.074222e+01 -2.655630e+01 3.488896e+01
    endloop
  endfacet
  facet normal 9.012268e-10 -8.467242e-01 5.320321e-01
    outer loop
      vertex   -3.300000e+01 -2.795458e+01 3.401037e+01
      vertex   -3.300000e+01 -2.825242e+01 3.353635e+01
      vertex   -2.074222e+01 -2.825242e+01 3.353635e+01
    endloop
  endfacet
  facet normal 1.004640e-09 -9.438833e-01 3.302791e-01
    outer loop
      vertex   -2.074222e+01 -2.825242e+01 3.353635e+01
      vertex   -3.300000e+01 -2.825242e+01 3.353635e+01
      vertex   -2.074222e+01 -2.843732e+01 3.300795e+01
    endloop
  endfacet
  facet normal 1.004640e-09 -9.438833e-01 3.302791e-01
    outer loop
      vertex   -2.074222e+01 -2.825242e+01 3.353635e+01
      vertex   -2.074222e+01 -2.843732e+01 3.300795e+01
      vertex   -8.484441e+00 -2.843732e+01 3.300795e+01
    endloop
  endfacet
  facet normal 1.057676e-09 -9.937122e-01 1.119645e-01
    outer loop
      vertex   -8.484441e+00 -2.843732e+01 3.300795e+01
      vertex   -2.074222e+01 -2.843732e+01 3.300795e+01
      vertex   -3.300000e+01 -2.850000e+01 3.245164e+01
    endloop
  endfacet
  facet normal 1.057676e-09 -9.937122e-01 1.119645e-01
    outer loop
      vertex   -8.484441e+00 -2.843732e+01 3.300795e+01
      vertex   -3.300000e+01 -2.850000e+01 3.245164e+01
      vertex   2.828890e+01 -2.850000e+01 3.245164e+01
    endloop
  endfacet
  facet normal 1.004640e-09 -9.438833e-01 3.302791e-01
    outer loop
      vertex   -3.300000e+01 -2.825242e+01 3.353635e+01
      vertex   -3.300000e+01 -2.843732e+01 3.300795e+01
      vertex   -2.074222e+01 -2.843732e+01 3.300795e+01
    endloop
  endfacet
  facet normal 1.057676e-09 -9.937122e-01 1.119645e-01
    outer loop
      vertex   -2.074222e+01 -2.843732e+01 3.300795e+01
      vertex   -3.300000e+01 -2.843732e+01 3.300795e+01
      vertex   -3.300000e+01 -2.850000e+01 3.245164e+01
    endloop
  endfacet
  facet normal 5.662782e-10 -5.320321e-01 8.467242e-01
    outer loop
      vertex   2.828890e+01 -2.755872e+01 3.440622e+01
      vertex   2.828890e+01 -2.708471e+01 3.470407e+01
      vertex   1.603112e+01 -2.708471e+01 3.470407e+01
    endloop
  endfacet
  facet normal 3.515386e-10 -3.302791e-01 9.438833e-01
    outer loop
      vertex   1.603112e+01 -2.708471e+01 3.470407e+01
      vertex   2.828890e+01 -2.708471e+01 3.470407e+01
      vertex   1.603112e+01 -2.655630e+01 3.488896e+01
    endloop
  endfacet
  facet normal 3.515387e-10 -3.302791e-01 9.438833e-01
    outer loop
      vertex   1.603112e+01 -2.708471e+01 3.470407e+01
      vertex   1.603112e+01 -2.655630e+01 3.488896e+01
      vertex   3.773338e+00 -2.655630e+01 3.488896e+01
    endloop
  endfacet
  facet normal 1.191715e-10 -1.119645e-01 9.937122e-01
    outer loop
      vertex   3.773338e+00 -2.655630e+01 3.488896e+01
      vertex   1.603112e+01 -2.655630e+01 3.488896e+01
      vertex   2.828890e+01 -2.600000e+01 3.495164e+01
    endloop
  endfacet
  facet normal 1.191715e-10 -1.119645e-01 9.937122e-01
    outer loop
      vertex   3.773338e+00 -2.655630e+01 3.488896e+01
      vertex   2.828890e+01 -2.600000e+01 3.495164e+01
      vertex   -3.300000e+01 -2.600000e+01 3.495164e+01
    endloop
  endfacet
  facet normal 3.515385e-10 -3.302791e-01 9.438833e-01
    outer loop
      vertex   2.828890e+01 -2.708471e+01 3.470407e+01
      vertex   2.828890e+01 -2.655630e+01 3.488896e+01
      vertex   1.603112e+01 -2.655630e+01 3.488896e+01
    endloop
  endfacet
  facet normal 1.191714e-10 -1.119645e-01 9.937122e-01
    outer loop
      vertex   1.603112e+01 -2.655630e+01 3.488896e+01
      vertex   2.828890e+01 -2.655630e+01 3.488896e+01
      vertex   2.828890e+01 -2.600000e+01 3.495164e+01
    endloop
  endfacet
  facet normal 3.515387e-10 -3.302791e-01 9.438833e-01
    outer loop
      vertex   -8.484441e+00 -2.655630e+01 3.488896e+01
      vertex   -2.074222e+01 -2.655630e+01 3.488896e+01
      vertex   -8.484441e+00 -2.708471e+01 3.470407e+01
    endloop
  endfacet
  facet normal 3.515386e-10 -3.302791e-01 9.438833e-01
    outer loop
      vertex   -8.484441e+00 -2.708471e+01 3.470407e+01
      vertex   -2.074222e+01 -2.655630e+01 3.488896e+01
      vertex   -2.074222e+01 -2.708471e+01 3.470407e+01
    endloop
  endfacet
  facet normal 5.662782e-10 -5.320321e-01 8.467242e-01
    outer loop
      vertex   -8.484441e+00 -2.708471e+01 3.470407e+01
      vertex   -2.074222e+01 -2.708471e+01 3.470407e+01
      vertex   -8.484441e+00 -2.755872e+01 3.440622e+01
    endloop
  endfacet
  facet normal 5.662782e-10 -5.320321e-01 8.467242e-01
    outer loop
      vertex   -8.484441e+00 -2.755872e+01 3.440622e+01
      vertex   -2.074222e+01 -2.708471e+01 3.470407e+01
      vertex   -2.074222e+01 -2.755872e+01 3.440622e+01
    endloop
  endfacet
  facet normal 7.526221e-10 -7.071068e-01 7.071068e-01
    outer loop
      vertex   -8.484441e+00 -2.755872e+01 3.440622e+01
      vertex   -2.074222e+01 -2.755872e+01 3.440622e+01
      vertex   -8.484441e+00 -2.795458e+01 3.401037e+01
    endloop
  endfacet
  facet normal 7.526221e-10 -7.071068e-01 7.071068e-01
    outer loop
      vertex   -8.484441e+00 -2.795458e+01 3.401037e+01
      vertex   -2.074222e+01 -2.755872e+01 3.440622e+01
      vertex   -2.074222e+01 -2.795458e+01 3.401037e+01
    endloop
  endfacet
  facet normal 9.012265e-10 -8.467242e-01 5.320321e-01
    outer loop
      vertex   -8.484441e+00 -2.795458e+01 3.401037e+01
      vertex   -2.074222e+01 -2.795458e+01 3.401037e+01
      vertex   -8.484441e+00 -2.825242e+01 3.353635e+01
    endloop
  endfacet
  facet normal 3.515389e-10 -3.302791e-01 9.438833e-01
    outer loop
      vertex   -8.484441e+00 -2.655630e+01 3.488896e+01
      vertex   -8.484441e+00 -2.708471e+01 3.470407e+01
      vertex   3.773338e+00 -2.708471e+01 3.470407e+01
    endloop
  endfacet
  facet normal 5.662786e-10 -5.320321e-01 8.467242e-01
    outer loop
      vertex   3.773338e+00 -2.708471e+01 3.470407e+01
      vertex   -8.484441e+00 -2.708471e+01 3.470407e+01
      vertex   3.773338e+00 -2.755872e+01 3.440622e+01
    endloop
  endfacet
  facet normal 5.662782e-10 -5.320321e-01 8.467242e-01
    outer loop
      vertex   3.773338e+00 -2.708471e+01 3.470407e+01
      vertex   3.773338e+00 -2.755872e+01 3.440622e+01
      vertex   1.603112e+01 -2.755872e+01 3.440622e+01
    endloop
  endfacet
  facet normal 7.526221e-10 -7.071068e-01 7.071068e-01
    outer loop
      vertex   1.603112e+01 -2.755872e+01 3.440622e+01
      vertex   3.773338e+00 -2.755872e+01 3.440622e+01
      vertex   1.603112e+01 -2.795458e+01 3.401037e+01
    endloop
  endfacet
  facet normal 5.662786e-10 -5.320321e-01 8.467242e-01
    outer loop
      vertex   3.773338e+00 -2.755872e+01 3.440622e+01
      vertex   -8.484441e+00 -2.708471e+01 3.470407e+01
      vertex   -8.484441e+00 -2.755872e+01 3.440622e+01
    endloop
  endfacet
  facet normal 7.526228e-10 -7.071068e-01 7.071068e-01
    outer loop
      vertex   3.773338e+00 -2.755872e+01 3.440622e+01
      vertex   -8.484441e+00 -2.755872e+01 3.440622e+01
      vertex   3.773338e+00 -2.795458e+01 3.401037e+01
    endloop
  endfacet
  facet normal 7.526226e-10 -7.071068e-01 7.071068e-01
    outer loop
      vertex   3.773338e+00 -2.795458e+01 3.401037e+01
      vertex   -8.484441e+00 -2.755872e+01 3.440622e+01
      vertex   -8.484441e+00 -2.795458e+01 3.401037e+01
    endloop
  endfacet
  facet normal 9.012270e-10 -8.467242e-01 5.320321e-01
    outer loop
      vertex   3.773338e+00 -2.795458e+01 3.401037e+01
      vertex   -8.484441e+00 -2.795458e+01 3.401037e+01
      vertex   3.773338e+00 -2.825242e+01 3.353635e+01
    endloop
  endfacet
  facet normal 9.012268e-10 -8.467242e-01 5.320321e-01
    outer loop
      vertex   3.773338e+00 -2.825242e+01 3.353635e+01
      vertex   -8.484441e+00 -2.795458e+01 3.401037e+01
      vertex   -8.484441e+00 -2.825242e+01 3.353635e+01
    endloop
  endfacet
  facet normal 1.004640e-09 -9.438833e-01 3.302791e-01
    outer loop
      vertex   3.773338e+00 -2.825242e+01 3.353635e+01
      vertex   -8.484441e+00 -2.825242e+01 3.353635e+01
      vertex   3.773338e+00 -2.843732e+01 3.300795e+01
    endloop
  endfacet
  facet normal 9.012265e-10 -8.467242e-01 5.320321e-01
    outer loop
      vertex   1.603112e+01 -2.825242e+01 3.353635e+01
      vertex   1.603112e+01 -2.795458e+01 3.401037e+01
      vertex   3.773338e+00 -2.795458e+01 3.401037e+01
    endloop
  endfacet
  facet normal 7.526221e-10 -7.071068e-01 7.071068e-01
    outer loop
      vertex   3.773338e+00 -2.795458e+01 3.401037e+01
      vertex   1.603112e+01 -2.795458e+01 3.401037e+01
      vertex   3.773338e+00 -2.755872e+01 3.440622e+01
    endloop
  endfacet
  facet normal 9.012268e-10 -8.467242e-01 5.320321e-01
    outer loop
      vertex   1.603112e+01 -2.825242e+01 3.353635e+01
      vertex   3.773338e+00 -2.795458e+01 3.401037e+01
      vertex   3.773338e+00 -2.825242e+01 3.353635e+01
    endloop
  endfacet
  facet normal 1.004640e-09 -9.438833e-01 3.302791e-01
    outer loop
      vertex   1.603112e+01 -2.843732e+01 3.300795e+01
      vertex   1.603112e+01 -2.825242e+01 3.353635e+01
      vertex   3.773338e+00 -2.825242e+01 3.353635e+01
    endloop
  endfacet
  facet normal 1.004640e-09 -9.438833e-01 3.302791e-01
    outer loop
      vertex   1.603112e+01 -2.843732e+01 3.300795e+01
      vertex   3.773338e+00 -2.825242e+01 3.353635e+01
      vertex   3.773338e+00 -2.843732e+01 3.300795e+01
    endloop
  endfacet
  facet normal -1.097660e-01 -8.638775e-03 9.939199e-01
    outer loop
      vertex   -3.892613e+01 -2.093861e+01 3.495164e+01
      vertex   -3.900000e+01 -2.000000e+01 3.495164e+01
      vertex   -3.950021e+01 -2.085577e+01 3.488896e+01
    endloop
  endfacet
  facet normal -1.119615e-01 -7.338342e-03 9.936855e-01
    outer loop
      vertex   -3.950021e+01 -2.085577e+01 3.488896e+01
      vertex   -3.900000e+01 -2.000000e+01 3.495164e+01
      vertex   -3.955630e+01 -2.000000e+01 3.488896e+01
    endloop
  endfacet
  facet normal -3.302017e-01 -2.164256e-02 9.436622e-01
    outer loop
      vertex   -3.950021e+01 -2.085577e+01 3.488896e+01
      vertex   -3.955630e+01 -2.000000e+01 3.488896e+01
      vertex   -4.008471e+01 -2.000000e+01 3.470407e+01
    endloop
  endfacet
  facet normal -3.302017e-01 -2.164256e-02 9.436622e-01
    outer loop
      vertex   -3.950021e+01 -2.085577e+01 3.488896e+01
      vertex   -4.008471e+01 -2.000000e+01 3.470407e+01
      vertex   -4.002410e+01 -2.092474e+01 3.470407e+01
    endloop
  endfacet
  facet normal -5.317089e-01 -3.485004e-02 8.462099e-01
    outer loop
      vertex   -4.002410e+01 -2.092474e+01 3.470407e+01
      vertex   -4.008471e+01 -2.000000e+01 3.470407e+01
      vertex   -4.055873e+01 -2.000000e+01 3.440622e+01
    endloop
  endfacet
  facet normal -5.317089e-01 -3.485004e-02 8.462099e-01
    outer loop
      vertex   -4.002410e+01 -2.092474e+01 3.470407e+01
      vertex   -4.055873e+01 -2.000000e+01 3.440622e+01
      vertex   -4.049406e+01 -2.098661e+01 3.440622e+01
    endloop
  endfacet
  facet normal -7.063486e-01 -4.629653e-02 7.063486e-01
    outer loop
      vertex   -4.049406e+01 -2.098661e+01 3.440622e+01
      vertex   -4.055873e+01 -2.000000e+01 3.440622e+01
      vertex   -4.095458e+01 -2.000000e+01 3.401037e+01
    endloop
  endfacet
  facet normal -7.063486e-01 -4.629653e-02 7.063486e-01
    outer loop
      vertex   -4.049406e+01 -2.098661e+01 3.440622e+01
      vertex   -4.095458e+01 -2.000000e+01 3.401037e+01
      vertex   -4.088653e+01 -2.103828e+01 3.401037e+01
    endloop
  endfacet
  facet normal -8.454233e-01 -5.541197e-02 5.312146e-01
    outer loop
      vertex   -4.088653e+01 -2.103828e+01 3.401037e+01
      vertex   -4.095458e+01 -2.000000e+01 3.401037e+01
      vertex   -4.125242e+01 -2.000000e+01 3.353635e+01
    endloop
  endfacet
  facet normal -8.454233e-01 -5.541197e-02 5.312146e-01
    outer loop
      vertex   -4.088653e+01 -2.103828e+01 3.401037e+01
      vertex   -4.125242e+01 -2.000000e+01 3.353635e+01
      vertex   -4.118182e+01 -2.107716e+01 3.353635e+01
    endloop
  endfacet
  facet normal -9.420822e-01 -6.174733e-02 3.296488e-01
    outer loop
      vertex   -4.118182e+01 -2.107716e+01 3.353635e+01
      vertex   -4.125242e+01 -2.000000e+01 3.353635e+01
      vertex   -4.143732e+01 -2.000000e+01 3.300795e+01
    endloop
  endfacet
  facet normal -9.420822e-01 -6.174733e-02 3.296488e-01
    outer loop
      vertex   -4.118182e+01 -2.107716e+01 3.353635e+01
      vertex   -4.143732e+01 -2.000000e+01 3.300795e+01
      vertex   -4.136514e+01 -2.110129e+01 3.300795e+01
    endloop
  endfacet
  facet normal -9.902421e-01 -6.490389e-02 1.233214e-01
    outer loop
      vertex   -4.136514e+01 -2.110129e+01 3.300795e+01
      vertex   -4.143732e+01 -2.000000e+01 3.300795e+01
      vertex   -4.144116e+01 -2.099840e+01 3.245164e+01
    endloop
  endfacet
  facet normal -9.793621e-01 -1.747710e-01 1.015130e-01
    outer loop
      vertex   -4.136514e+01 -2.110129e+01 3.300795e+01
      vertex   -4.144116e+01 -2.099840e+01 3.245164e+01
      vertex   -4.126546e+01 -2.198297e+01 3.245164e+01
    endloop
  endfacet
  facet normal -9.920126e-01 -5.846236e-02 1.117730e-01
    outer loop
      vertex   -4.143732e+01 -2.000000e+01 3.300795e+01
      vertex   -4.150000e+01 -2.000000e+01 3.245164e+01
      vertex   -4.144116e+01 -2.099840e+01 3.245164e+01
    endloop
  endfacet
  facet normal -9.721654e-01 -1.933757e-01 1.322888e-01
    outer loop
      vertex   -4.136514e+01 -2.110129e+01 3.300795e+01
      vertex   -4.126546e+01 -2.198297e+01 3.245164e+01
      vertex   -4.114983e+01 -2.218374e+01 3.300795e+01
    endloop
  endfacet
  facet normal -9.527775e-01 -2.888145e-01 9.381454e-02
    outer loop
      vertex   -4.114983e+01 -2.218374e+01 3.300795e+01
      vertex   -4.126546e+01 -2.198297e+01 3.245164e+01
      vertex   -4.097533e+01 -2.294009e+01 3.245164e+01
    endloop
  endfacet
  facet normal -9.377837e-01 -3.183347e-01 1.386532e-01
    outer loop
      vertex   -4.114983e+01 -2.218374e+01 3.300795e+01
      vertex   -4.097533e+01 -2.294009e+01 3.245164e+01
      vertex   -4.079507e+01 -2.322882e+01 3.300795e+01
    endloop
  endfacet
  facet normal -9.126882e-01 -3.989146e-01 8.869830e-02
    outer loop
      vertex   -4.079507e+01 -2.322882e+01 3.300795e+01
      vertex   -4.097533e+01 -2.294009e+01 3.245164e+01
      vertex   -4.057479e+01 -2.385650e+01 3.245164e+01
    endloop
  endfacet
  facet normal -8.877286e-01 -4.377793e-01 1.424330e-01
    outer loop
      vertex   -4.079507e+01 -2.322882e+01 3.300795e+01
      vertex   -4.057479e+01 -2.385650e+01 3.245164e+01
      vertex   -4.030693e+01 -2.421866e+01 3.300795e+01
    endloop
  endfacet
  facet normal -8.597056e-01 -5.034679e-01 8.617667e-02
    outer loop
      vertex   -4.030693e+01 -2.421866e+01 3.300795e+01
      vertex   -4.057479e+01 -2.385650e+01 3.245164e+01
      vertex   -4.006937e+01 -2.471953e+01 3.245164e+01
    endloop
  endfacet
  facet normal -8.228473e-01 -5.498090e-01 1.436398e-01
    outer loop
      vertex   -4.030693e+01 -2.421866e+01 3.300795e+01
      vertex   -4.006937e+01 -2.471953e+01 3.245164e+01
      vertex   -3.969378e+01 -2.513632e+01 3.300795e+01
    endloop
  endfacet
  facet normal -7.946127e-01 -6.009581e-01 8.625541e-02
    outer loop
      vertex   -3.969378e+01 -2.513632e+01 3.300795e+01
      vertex   -4.006937e+01 -2.471953e+01 3.245164e+01
      vertex   -3.946609e+01 -2.551722e+01 3.245164e+01
    endloop
  endfacet
  facet normal -7.441912e-01 -6.526382e-01 1.422775e-01
    outer loop
      vertex   -3.969378e+01 -2.513632e+01 3.300795e+01
      vertex   -3.946609e+01 -2.551722e+01 3.245164e+01
      vertex   -3.896609e+01 -2.596609e+01 3.300795e+01
    endloop
  endfacet
  facet normal -7.373040e-01 -6.634459e-01 1.273667e-01
    outer loop
      vertex   -3.896609e+01 -2.596609e+01 3.300795e+01
      vertex   -3.946609e+01 -2.551722e+01 3.245164e+01
      vertex   -3.916662e+01 -2.585003e+01 3.245164e+01
    endloop
  endfacet
  facet normal -7.030656e-01 -7.030656e-01 1.067594e-01
    outer loop
      vertex   -3.896609e+01 -2.596609e+01 3.300795e+01
      vertex   -3.916662e+01 -2.585003e+01 3.245164e+01
      vertex   -3.885003e+01 -2.616662e+01 3.245164e+01
    endloop
  endfacet
  facet normal -6.634459e-01 -7.373040e-01 1.273667e-01
    outer loop
      vertex   -3.885003e+01 -2.616662e+01 3.245164e+01
      vertex   -3.851722e+01 -2.646609e+01 3.245164e+01
      vertex   -3.896609e+01 -2.596609e+01 3.300795e+01
    endloop
  endfacet
  facet normal -6.526382e-01 -7.441912e-01 1.422775e-01
    outer loop
      vertex   -3.896609e+01 -2.596609e+01 3.300795e+01
      vertex   -3.851722e+01 -2.646609e+01 3.245164e+01
      vertex   -3.813632e+01 -2.669378e+01 3.300795e+01
    endloop
  endfacet
  facet normal -6.224908e-01 -7.098147e-01 3.296488e-01
    outer loop
      vertex   -3.896609e+01 -2.596609e+01 3.300795e+01
      vertex   -3.813632e+01 -2.669378e+01 3.300795e+01
      vertex   -3.802376e+01 -2.654709e+01 3.353635e+01
    endloop
  endfacet
  facet normal -5.245159e-01 -7.849935e-01 3.296488e-01
    outer loop
      vertex   -3.802376e+01 -2.654709e+01 3.353635e+01
      vertex   -3.813632e+01 -2.669378e+01 3.300795e+01
      vertex   -3.712621e+01 -2.714681e+01 3.353635e+01
    endloop
  endfacet
  facet normal -4.706998e-01 -7.044520e-01 5.312146e-01
    outer loop
      vertex   -3.802376e+01 -2.654709e+01 3.353635e+01
      vertex   -3.712621e+01 -2.714681e+01 3.353635e+01
      vertex   -3.697729e+01 -2.688887e+01 3.401037e+01
    endloop
  endfacet
  facet normal -3.747235e-01 -7.598640e-01 5.312146e-01
    outer loop
      vertex   -3.697729e+01 -2.688887e+01 3.401037e+01
      vertex   -3.712621e+01 -2.714681e+01 3.353635e+01
      vertex   -3.604409e+01 -2.734907e+01 3.401037e+01
    endloop
  endfacet
  facet normal -3.130803e-01 -6.348641e-01 7.063486e-01
    outer loop
      vertex   -3.697729e+01 -2.688887e+01 3.401037e+01
      vertex   -3.604409e+01 -2.734907e+01 3.401037e+01
      vertex   -3.589260e+01 -2.698335e+01 3.440622e+01
    endloop
  endfacet
  facet normal -2.275355e-01 -6.702979e-01 7.063486e-01
    outer loop
      vertex   -3.589260e+01 -2.698335e+01 3.440622e+01
      vertex   -3.604409e+01 -2.734907e+01 3.401037e+01
      vertex   -3.495634e+01 -2.730117e+01 3.440622e+01
    endloop
  endfacet
  facet normal -1.712789e-01 -5.045715e-01 8.462099e-01
    outer loop
      vertex   -3.589260e+01 -2.698335e+01 3.440622e+01
      vertex   -3.495634e+01 -2.730117e+01 3.440622e+01
      vertex   -3.483366e+01 -2.684330e+01 3.470407e+01
    endloop
  endfacet
  facet normal -1.039538e-01 -5.226112e-01 8.462099e-01
    outer loop
      vertex   -3.483366e+01 -2.684330e+01 3.470407e+01
      vertex   -3.495634e+01 -2.730117e+01 3.440622e+01
      vertex   -3.392474e+01 -2.702410e+01 3.470407e+01
    endloop
  endfacet
  facet normal -6.455738e-02 -3.245519e-01 9.436622e-01
    outer loop
      vertex   -3.483366e+01 -2.684330e+01 3.470407e+01
      vertex   -3.392474e+01 -2.702410e+01 3.470407e+01
      vertex   -3.385577e+01 -2.650021e+01 3.488896e+01
    endloop
  endfacet
  facet normal -2.164256e-02 -3.302017e-01 9.436622e-01
    outer loop
      vertex   -3.385577e+01 -2.650021e+01 3.488896e+01
      vertex   -3.392474e+01 -2.702410e+01 3.470407e+01
      vertex   -3.300000e+01 -2.655630e+01 3.488896e+01
    endloop
  endfacet
  facet normal -7.338342e-03 -1.119615e-01 9.936855e-01
    outer loop
      vertex   -3.385577e+01 -2.650021e+01 3.488896e+01
      vertex   -3.300000e+01 -2.655630e+01 3.488896e+01
      vertex   -3.300000e+01 -2.600000e+01 3.495164e+01
    endloop
  endfacet
  facet normal -6.009581e-01 -7.946127e-01 8.625541e-02
    outer loop
      vertex   -3.851722e+01 -2.646609e+01 3.245164e+01
      vertex   -3.771953e+01 -2.706937e+01 3.245164e+01
      vertex   -3.813632e+01 -2.669378e+01 3.300795e+01
    endloop
  endfacet
  facet normal -5.498090e-01 -8.228473e-01 1.436398e-01
    outer loop
      vertex   -3.813632e+01 -2.669378e+01 3.300795e+01
      vertex   -3.771953e+01 -2.706937e+01 3.245164e+01
      vertex   -3.721866e+01 -2.730693e+01 3.300795e+01
    endloop
  endfacet
  facet normal -5.245159e-01 -7.849935e-01 3.296488e-01
    outer loop
      vertex   -3.813632e+01 -2.669378e+01 3.300795e+01
      vertex   -3.721866e+01 -2.730693e+01 3.300795e+01
      vertex   -3.712621e+01 -2.714681e+01 3.353635e+01
    endloop
  endfacet
  facet normal -4.175664e-01 -8.467408e-01 3.296488e-01
    outer loop
      vertex   -3.712621e+01 -2.714681e+01 3.353635e+01
      vertex   -3.721866e+01 -2.730693e+01 3.300795e+01
      vertex   -3.615807e+01 -2.762424e+01 3.353635e+01
    endloop
  endfacet
  facet normal -3.747235e-01 -7.598640e-01 5.312146e-01
    outer loop
      vertex   -3.712621e+01 -2.714681e+01 3.353635e+01
      vertex   -3.615807e+01 -2.762424e+01 3.353635e+01
      vertex   -3.604409e+01 -2.734907e+01 3.401037e+01
    endloop
  endfacet
  facet normal -2.723355e-01 -8.022745e-01 5.312146e-01
    outer loop
      vertex   -3.604409e+01 -2.734907e+01 3.401037e+01
      vertex   -3.615807e+01 -2.762424e+01 3.353635e+01
      vertex   -3.505880e+01 -2.768353e+01 3.401037e+01
    endloop
  endfacet
  facet normal -2.275355e-01 -6.702979e-01 7.063486e-01
    outer loop
      vertex   -3.604409e+01 -2.734907e+01 3.401037e+01
      vertex   -3.505880e+01 -2.768353e+01 3.401037e+01
      vertex   -3.495634e+01 -2.730117e+01 3.440622e+01
    endloop
  endfacet
  facet normal -1.380974e-01 -6.942628e-01 7.063486e-01
    outer loop
      vertex   -3.495634e+01 -2.730117e+01 3.440622e+01
      vertex   -3.505880e+01 -2.768353e+01 3.401037e+01
      vertex   -3.398661e+01 -2.749406e+01 3.440622e+01
    endloop
  endfacet
  facet normal -1.039538e-01 -5.226112e-01 8.462099e-01
    outer loop
      vertex   -3.495634e+01 -2.730117e+01 3.440622e+01
      vertex   -3.398661e+01 -2.749406e+01 3.440622e+01
      vertex   -3.392474e+01 -2.702410e+01 3.470407e+01
    endloop
  endfacet
  facet normal -3.485004e-02 -5.317089e-01 8.462099e-01
    outer loop
      vertex   -3.392474e+01 -2.702410e+01 3.470407e+01
      vertex   -3.398661e+01 -2.749406e+01 3.440622e+01
      vertex   -3.300000e+01 -2.708471e+01 3.470407e+01
    endloop
  endfacet
  facet normal -2.164256e-02 -3.302017e-01 9.436622e-01
    outer loop
      vertex   -3.392474e+01 -2.702410e+01 3.470407e+01
      vertex   -3.300000e+01 -2.708471e+01 3.470407e+01
      vertex   -3.300000e+01 -2.655630e+01 3.488896e+01
    endloop
  endfacet
  facet normal -5.034679e-01 -8.597056e-01 8.617667e-02
    outer loop
      vertex   -3.771953e+01 -2.706937e+01 3.245164e+01
      vertex   -3.685650e+01 -2.757479e+01 3.245164e+01
      vertex   -3.721866e+01 -2.730693e+01 3.300795e+01
    endloop
  endfacet
  facet normal -4.377793e-01 -8.877286e-01 1.424330e-01
    outer loop
      vertex   -3.721866e+01 -2.730693e+01 3.300795e+01
      vertex   -3.685650e+01 -2.757479e+01 3.245164e+01
      vertex   -3.622882e+01 -2.779507e+01 3.300795e+01
    endloop
  endfacet
  facet normal -4.175664e-01 -8.467408e-01 3.296488e-01
    outer loop
      vertex   -3.721866e+01 -2.730693e+01 3.300795e+01
      vertex   -3.622882e+01 -2.779507e+01 3.300795e+01
      vertex   -3.615807e+01 -2.762424e+01 3.353635e+01
    endloop
  endfacet
  facet normal -3.034722e-01 -8.940002e-01 3.296488e-01
    outer loop
      vertex   -3.615807e+01 -2.762424e+01 3.353635e+01
      vertex   -3.622882e+01 -2.779507e+01 3.300795e+01
      vertex   -3.513588e+01 -2.797123e+01 3.353635e+01
    endloop
  endfacet
  facet normal -2.723355e-01 -8.022745e-01 5.312146e-01
    outer loop
      vertex   -3.615807e+01 -2.762424e+01 3.353635e+01
      vertex   -3.513588e+01 -2.797123e+01 3.353635e+01
      vertex   -3.505880e+01 -2.768353e+01 3.401037e+01
    endloop
  endfacet
  facet normal -1.652878e-01 -8.309578e-01 5.312146e-01
    outer loop
      vertex   -3.505880e+01 -2.768353e+01 3.401037e+01
      vertex   -3.513588e+01 -2.797123e+01 3.353635e+01
      vertex   -3.403828e+01 -2.788653e+01 3.401037e+01
    endloop
  endfacet
  facet normal -1.380974e-01 -6.942628e-01 7.063486e-01
    outer loop
      vertex   -3.505880e+01 -2.768353e+01 3.401037e+01
      vertex   -3.403828e+01 -2.788653e+01 3.401037e+01
      vertex   -3.398661e+01 -2.749406e+01 3.440622e+01
    endloop
  endfacet
  facet normal -4.629653e-02 -7.063486e-01 7.063486e-01
    outer loop
      vertex   -3.398661e+01 -2.749406e+01 3.440622e+01
      vertex   -3.403828e+01 -2.788653e+01 3.401037e+01
      vertex   -3.300000e+01 -2.755872e+01 3.440622e+01
    endloop
  endfacet
  facet normal -3.485004e-02 -5.317089e-01 8.462099e-01
    outer loop
      vertex   -3.398661e+01 -2.749406e+01 3.440622e+01
      vertex   -3.300000e+01 -2.755872e+01 3.440622e+01
      vertex   -3.300000e+01 -2.708471e+01 3.470407e+01
    endloop
  endfacet
  facet normal -3.989146e-01 -9.126882e-01 8.869830e-02
    outer loop
      vertex   -3.685650e+01 -2.757479e+01 3.245164e+01
      vertex   -3.594009e+01 -2.797533e+01 3.245164e+01
      vertex   -3.622882e+01 -2.779507e+01 3.300795e+01
    endloop
  endfacet
  facet normal -3.183347e-01 -9.377837e-01 1.386532e-01
    outer loop
      vertex   -3.622882e+01 -2.779507e+01 3.300795e+01
      vertex   -3.594009e+01 -2.797533e+01 3.245164e+01
      vertex   -3.518374e+01 -2.814983e+01 3.300795e+01
    endloop
  endfacet
  facet normal -3.034722e-01 -8.940002e-01 3.296488e-01
    outer loop
      vertex   -3.622882e+01 -2.779507e+01 3.300795e+01
      vertex   -3.518374e+01 -2.814983e+01 3.300795e+01
      vertex   -3.513588e+01 -2.797123e+01 3.353635e+01
    endloop
  endfacet
  facet normal -1.841855e-01 -9.259629e-01 3.296488e-01
    outer loop
      vertex   -3.513588e+01 -2.797123e+01 3.353635e+01
      vertex   -3.518374e+01 -2.814983e+01 3.300795e+01
      vertex   -3.407716e+01 -2.818182e+01 3.353635e+01
    endloop
  endfacet
  facet normal -1.652878e-01 -8.309578e-01 5.312146e-01
    outer loop
      vertex   -3.513588e+01 -2.797123e+01 3.353635e+01
      vertex   -3.407716e+01 -2.818182e+01 3.353635e+01
      vertex   -3.403828e+01 -2.788653e+01 3.401037e+01
    endloop
  endfacet
  facet normal -5.541197e-02 -8.454233e-01 5.312146e-01
    outer loop
      vertex   -3.403828e+01 -2.788653e+01 3.401037e+01
      vertex   -3.407716e+01 -2.818182e+01 3.353635e+01
      vertex   -3.300000e+01 -2.795458e+01 3.401037e+01
    endloop
  endfacet
  facet normal -4.629653e-02 -7.063486e-01 7.063486e-01
    outer loop
      vertex   -3.403828e+01 -2.788653e+01 3.401037e+01
      vertex   -3.300000e+01 -2.795458e+01 3.401037e+01
      vertex   -3.300000e+01 -2.755872e+01 3.440622e+01
    endloop
  endfacet
  facet normal -2.888145e-01 -9.527775e-01 9.381454e-02
    outer loop
      vertex   -3.594009e+01 -2.797533e+01 3.245164e+01
      vertex   -3.498297e+01 -2.826546e+01 3.245164e+01
      vertex   -3.518374e+01 -2.814983e+01 3.300795e+01
    endloop
  endfacet
  facet normal -1.933757e-01 -9.721654e-01 1.322888e-01
    outer loop
      vertex   -3.518374e+01 -2.814983e+01 3.300795e+01
      vertex   -3.498297e+01 -2.826546e+01 3.245164e+01
      vertex   -3.410129e+01 -2.836514e+01 3.300795e+01
    endloop
  endfacet
  facet normal -1.841855e-01 -9.259629e-01 3.296488e-01
    outer loop
      vertex   -3.518374e+01 -2.814983e+01 3.300795e+01
      vertex   -3.410129e+01 -2.836514e+01 3.300795e+01
      vertex   -3.407716e+01 -2.818182e+01 3.353635e+01
    endloop
  endfacet
  facet normal -6.174733e-02 -9.420822e-01 3.296488e-01
    outer loop
      vertex   -3.407716e+01 -2.818182e+01 3.353635e+01
      vertex   -3.410129e+01 -2.836514e+01 3.300795e+01
      vertex   -3.300000e+01 -2.825242e+01 3.353635e+01
    endloop
  endfacet
  facet normal -5.541197e-02 -8.454233e-01 5.312146e-01
    outer loop
      vertex   -3.407716e+01 -2.818182e+01 3.353635e+01
      vertex   -3.300000e+01 -2.825242e+01 3.353635e+01
      vertex   -3.300000e+01 -2.795458e+01 3.401037e+01
    endloop
  endfacet
  facet normal -1.747710e-01 -9.793621e-01 1.015130e-01
    outer loop
      vertex   -3.498297e+01 -2.826546e+01 3.245164e+01
      vertex   -3.399840e+01 -2.844116e+01 3.245164e+01
      vertex   -3.410129e+01 -2.836514e+01 3.300795e+01
    endloop
  endfacet
  facet normal -6.490389e-02 -9.902421e-01 1.233214e-01
    outer loop
      vertex   -3.410129e+01 -2.836514e+01 3.300795e+01
      vertex   -3.399840e+01 -2.844116e+01 3.245164e+01
      vertex   -3.300000e+01 -2.843732e+01 3.300795e+01
    endloop
  endfacet
  facet normal -6.174733e-02 -9.420822e-01 3.296488e-01
    outer loop
      vertex   -3.410129e+01 -2.836514e+01 3.300795e+01
      vertex   -3.300000e+01 -2.843732e+01 3.300795e+01
      vertex   -3.300000e+01 -2.825242e+01 3.353635e+01
    endloop
  endfacet
  facet normal -5.846236e-02 -9.920126e-01 1.117730e-01
    outer loop
      vertex   -3.399840e+01 -2.844116e+01 3.245164e+01
      vertex   -3.300000e+01 -2.850000e+01 3.245164e+01
      vertex   -3.300000e+01 -2.843732e+01 3.300795e+01
    endloop
  endfacet
  facet normal -8.638775e-03 -1.097660e-01 9.939199e-01
    outer loop
      vertex   -3.300000e+01 -2.600000e+01 3.495164e+01
      vertex   -3.393861e+01 -2.592613e+01 3.495164e+01
      vertex   -3.385577e+01 -2.650021e+01 3.488896e+01
    endloop
  endfacet
  facet normal -2.221426e-02 -1.116787e-01 9.934961e-01
    outer loop
      vertex   -3.385577e+01 -2.650021e+01 3.488896e+01
      vertex   -3.393861e+01 -2.592613e+01 3.495164e+01
      vertex   -3.469690e+01 -2.633290e+01 3.488896e+01
    endloop
  endfacet
  facet normal -6.455738e-02 -3.245519e-01 9.436622e-01
    outer loop
      vertex   -3.385577e+01 -2.650021e+01 3.488896e+01
      vertex   -3.469690e+01 -2.633290e+01 3.488896e+01
      vertex   -3.483366e+01 -2.684330e+01 3.470407e+01
    endloop
  endfacet
  facet normal -1.063676e-01 -3.133488e-01 9.436622e-01
    outer loop
      vertex   -3.483366e+01 -2.684330e+01 3.470407e+01
      vertex   -3.469690e+01 -2.633290e+01 3.488896e+01
      vertex   -3.571120e+01 -2.654542e+01 3.470407e+01
    endloop
  endfacet
  facet normal -1.712789e-01 -5.045715e-01 8.462099e-01
    outer loop
      vertex   -3.483366e+01 -2.684330e+01 3.470407e+01
      vertex   -3.571120e+01 -2.654542e+01 3.470407e+01
      vertex   -3.589260e+01 -2.698335e+01 3.440622e+01
    endloop
  endfacet
  facet normal -2.356734e-01 -4.778984e-01 8.462099e-01
    outer loop
      vertex   -3.589260e+01 -2.698335e+01 3.440622e+01
      vertex   -3.571120e+01 -2.654542e+01 3.470407e+01
      vertex   -3.677936e+01 -2.654605e+01 3.440622e+01
    endloop
  endfacet
  facet normal -3.130803e-01 -6.348641e-01 7.063486e-01
    outer loop
      vertex   -3.589260e+01 -2.698335e+01 3.440622e+01
      vertex   -3.677936e+01 -2.654605e+01 3.440622e+01
      vertex   -3.697729e+01 -2.688887e+01 3.401037e+01
    endloop
  endfacet
  facet normal -3.932683e-01 -5.885675e-01 7.063486e-01
    outer loop
      vertex   -3.697729e+01 -2.688887e+01 3.401037e+01
      vertex   -3.677936e+01 -2.654605e+01 3.440622e+01
      vertex   -3.784244e+01 -2.631079e+01 3.401037e+01
    endloop
  endfacet
  facet normal -4.706998e-01 -7.044520e-01 5.312146e-01
    outer loop
      vertex   -3.697729e+01 -2.688887e+01 3.401037e+01
      vertex   -3.784244e+01 -2.631079e+01 3.401037e+01
      vertex   -3.802376e+01 -2.654709e+01 3.353635e+01
    endloop
  endfacet
  facet normal -5.586223e-01 -6.369867e-01 5.312146e-01
    outer loop
      vertex   -3.802376e+01 -2.654709e+01 3.353635e+01
      vertex   -3.784244e+01 -2.631079e+01 3.401037e+01
      vertex   -3.883534e+01 -2.583534e+01 3.353635e+01
    endloop
  endfacet
  facet normal -6.224908e-01 -7.098147e-01 3.296488e-01
    outer loop
      vertex   -3.802376e+01 -2.654709e+01 3.353635e+01
      vertex   -3.883534e+01 -2.583534e+01 3.353635e+01
      vertex   -3.896609e+01 -2.596609e+01 3.300795e+01
    endloop
  endfacet
  facet normal -7.098147e-01 -6.224908e-01 3.296488e-01
    outer loop
      vertex   -3.896609e+01 -2.596609e+01 3.300795e+01
      vertex   -3.883534e+01 -2.583534e+01 3.353635e+01
      vertex   -3.969378e+01 -2.513632e+01 3.300795e+01
    endloop
  endfacet
  facet normal -2.540470e-02 -1.058182e-01 9.940609e-01
    outer loop
      vertex   -3.393861e+01 -2.592613e+01 3.495164e+01
      vertex   -3.485410e+01 -2.570634e+01 3.495164e+01
      vertex   -3.469690e+01 -2.633290e+01 3.488896e+01
    endloop
  endfacet
  facet normal -3.687484e-02 -1.086298e-01 9.933981e-01
    outer loop
      vertex   -3.469690e+01 -2.633290e+01 3.488896e+01
      vertex   -3.485410e+01 -2.570634e+01 3.495164e+01
      vertex   -3.550899e+01 -2.605723e+01 3.488896e+01
    endloop
  endfacet
  facet normal -1.063676e-01 -3.133488e-01 9.436622e-01
    outer loop
      vertex   -3.469690e+01 -2.633290e+01 3.488896e+01
      vertex   -3.550899e+01 -2.605723e+01 3.488896e+01
      vertex   -3.571120e+01 -2.654542e+01 3.470407e+01
    endloop
  endfacet
  facet normal -1.463578e-01 -2.967843e-01 9.436622e-01
    outer loop
      vertex   -3.571120e+01 -2.654542e+01 3.470407e+01
      vertex   -3.550899e+01 -2.605723e+01 3.488896e+01
      vertex   -3.654236e+01 -2.613554e+01 3.470407e+01
    endloop
  endfacet
  facet normal -2.356734e-01 -4.778984e-01 8.462099e-01
    outer loop
      vertex   -3.571120e+01 -2.654542e+01 3.470407e+01
      vertex   -3.654236e+01 -2.613554e+01 3.470407e+01
      vertex   -3.677936e+01 -2.654605e+01 3.440622e+01
    endloop
  endfacet
  facet normal -2.960355e-01 -4.430484e-01 8.462099e-01
    outer loop
      vertex   -3.677936e+01 -2.654605e+01 3.440622e+01
      vertex   -3.654236e+01 -2.613554e+01 3.470407e+01
      vertex   -3.760146e+01 -2.599674e+01 3.440622e+01
    endloop
  endfacet
  facet normal -3.932683e-01 -5.885675e-01 7.063486e-01
    outer loop
      vertex   -3.677936e+01 -2.654605e+01 3.440622e+01
      vertex   -3.760146e+01 -2.599674e+01 3.440622e+01
      vertex   -3.784244e+01 -2.631079e+01 3.401037e+01
    endloop
  endfacet
  facet normal -4.667273e-01 -5.322005e-01 7.063486e-01
    outer loop
      vertex   -3.784244e+01 -2.631079e+01 3.401037e+01
      vertex   -3.760146e+01 -2.599674e+01 3.440622e+01
      vertex   -3.862474e+01 -2.562474e+01 3.401037e+01
    endloop
  endfacet
  facet normal -5.586223e-01 -6.369867e-01 5.312146e-01
    outer loop
      vertex   -3.784244e+01 -2.631079e+01 3.401037e+01
      vertex   -3.862474e+01 -2.562474e+01 3.401037e+01
      vertex   -3.883534e+01 -2.583534e+01 3.353635e+01
    endloop
  endfacet
  facet normal -6.369867e-01 -5.586224e-01 5.312146e-01
    outer loop
      vertex   -3.883534e+01 -2.583534e+01 3.353635e+01
      vertex   -3.862474e+01 -2.562474e+01 3.401037e+01
      vertex   -3.954709e+01 -2.502376e+01 3.353635e+01
    endloop
  endfacet
  facet normal -7.098147e-01 -6.224908e-01 3.296488e-01
    outer loop
      vertex   -3.883534e+01 -2.583534e+01 3.353635e+01
      vertex   -3.954709e+01 -2.502376e+01 3.353635e+01
      vertex   -3.969378e+01 -2.513632e+01 3.300795e+01
    endloop
  endfacet
  facet normal -7.849935e-01 -5.245159e-01 3.296488e-01
    outer loop
      vertex   -3.969378e+01 -2.513632e+01 3.300795e+01
      vertex   -3.954709e+01 -2.502376e+01 3.353635e+01
      vertex   -4.030693e+01 -2.421866e+01 3.300795e+01
    endloop
  endfacet
  facet normal -4.148468e-02 -1.001529e-01 9.941068e-01
    outer loop
      vertex   -3.485410e+01 -2.570634e+01 3.495164e+01
      vertex   -3.572394e+01 -2.534604e+01 3.495164e+01
      vertex   -3.550899e+01 -2.605723e+01 3.488896e+01
    endloop
  endfacet
  facet normal -5.073840e-02 -1.028873e-01 9.933981e-01
    outer loop
      vertex   -3.550899e+01 -2.605723e+01 3.488896e+01
      vertex   -3.572394e+01 -2.534604e+01 3.495164e+01
      vertex   -3.627815e+01 -2.567792e+01 3.488896e+01
    endloop
  endfacet
  facet normal -1.463578e-01 -2.967843e-01 9.436622e-01
    outer loop
      vertex   -3.550899e+01 -2.605723e+01 3.488896e+01
      vertex   -3.627815e+01 -2.567792e+01 3.488896e+01
      vertex   -3.654236e+01 -2.613554e+01 3.470407e+01
    endloop
  endfacet
  facet normal -1.838439e-01 -2.751418e-01 9.436622e-01
    outer loop
      vertex   -3.654236e+01 -2.613554e+01 3.470407e+01
      vertex   -3.627815e+01 -2.567792e+01 3.488896e+01
      vertex   -3.731290e+01 -2.562068e+01 3.470407e+01
    endloop
  endfacet
  facet normal -2.960355e-01 -4.430484e-01 8.462099e-01
    outer loop
      vertex   -3.654236e+01 -2.613554e+01 3.470407e+01
      vertex   -3.731290e+01 -2.562068e+01 3.470407e+01
      vertex   -3.760146e+01 -2.599674e+01 3.440622e+01
    endloop
  endfacet
  facet normal -3.513323e-01 -4.006177e-01 8.462099e-01
    outer loop
      vertex   -3.760146e+01 -2.599674e+01 3.440622e+01
      vertex   -3.731290e+01 -2.562068e+01 3.470407e+01
      vertex   -3.834483e+01 -2.534483e+01 3.440622e+01
    endloop
  endfacet
  facet normal -4.667273e-01 -5.322005e-01 7.063486e-01
    outer loop
      vertex   -3.760146e+01 -2.599674e+01 3.440622e+01
      vertex   -3.834483e+01 -2.534483e+01 3.440622e+01
      vertex   -3.862474e+01 -2.562474e+01 3.401037e+01
    endloop
  endfacet
  facet normal -5.322005e-01 -4.667273e-01 7.063486e-01
    outer loop
      vertex   -3.862474e+01 -2.562474e+01 3.401037e+01
      vertex   -3.834483e+01 -2.534483e+01 3.440622e+01
      vertex   -3.931079e+01 -2.484244e+01 3.401037e+01
    endloop
  endfacet
  facet normal -6.369867e-01 -5.586224e-01 5.312146e-01
    outer loop
      vertex   -3.862474e+01 -2.562474e+01 3.401037e+01
      vertex   -3.931079e+01 -2.484244e+01 3.401037e+01
      vertex   -3.954709e+01 -2.502376e+01 3.353635e+01
    endloop
  endfacet
  facet normal -7.044520e-01 -4.706998e-01 5.312146e-01
    outer loop
      vertex   -3.954709e+01 -2.502376e+01 3.353635e+01
      vertex   -3.931079e+01 -2.484244e+01 3.401037e+01
      vertex   -4.014681e+01 -2.412621e+01 3.353635e+01
    endloop
  endfacet
  facet normal -7.849935e-01 -5.245159e-01 3.296488e-01
    outer loop
      vertex   -3.954709e+01 -2.502376e+01 3.353635e+01
      vertex   -4.014681e+01 -2.412621e+01 3.353635e+01
      vertex   -4.030693e+01 -2.421866e+01 3.300795e+01
    endloop
  endfacet
  facet normal -8.467408e-01 -4.175664e-01 3.296488e-01
    outer loop
      vertex   -4.030693e+01 -2.421866e+01 3.300795e+01
      vertex   -4.014681e+01 -2.412621e+01 3.353635e+01
      vertex   -4.079507e+01 -2.322882e+01 3.300795e+01
    endloop
  endfacet
  facet normal -5.686093e-02 -9.278860e-02 9.940609e-01
    outer loop
      vertex   -3.572394e+01 -2.534604e+01 3.495164e+01
      vertex   -3.652671e+01 -2.485410e+01 3.495164e+01
      vertex   -3.627815e+01 -2.567792e+01 3.488896e+01
    endloop
  endfacet
  facet normal -6.326087e-02 -9.467659e-02 9.934961e-01
    outer loop
      vertex   -3.627815e+01 -2.567792e+01 3.488896e+01
      vertex   -3.652671e+01 -2.485410e+01 3.495164e+01
      vertex   -3.699122e+01 -2.520146e+01 3.488896e+01
    endloop
  endfacet
  facet normal -1.838439e-01 -2.751418e-01 9.436622e-01
    outer loop
      vertex   -3.627815e+01 -2.567792e+01 3.488896e+01
      vertex   -3.699122e+01 -2.520146e+01 3.488896e+01
      vertex   -3.731290e+01 -2.562068e+01 3.470407e+01
    endloop
  endfacet
  facet normal -2.181843e-01 -2.487915e-01 9.436622e-01
    outer loop
      vertex   -3.731290e+01 -2.562068e+01 3.470407e+01
      vertex   -3.699122e+01 -2.520146e+01 3.488896e+01
      vertex   -3.800965e+01 -2.500965e+01 3.470407e+01
    endloop
  endfacet
  facet normal -3.513323e-01 -4.006177e-01 8.462099e-01
    outer loop
      vertex   -3.731290e+01 -2.562068e+01 3.470407e+01
      vertex   -3.800965e+01 -2.500965e+01 3.470407e+01
      vertex   -3.834483e+01 -2.534483e+01 3.440622e+01
    endloop
  endfacet
  facet normal -4.006177e-01 -3.513323e-01 8.462099e-01
    outer loop
      vertex   -3.834483e+01 -2.534483e+01 3.440622e+01
      vertex   -3.800965e+01 -2.500965e+01 3.470407e+01
      vertex   -3.899674e+01 -2.460146e+01 3.440622e+01
    endloop
  endfacet
  facet normal -5.322005e-01 -4.667273e-01 7.063486e-01
    outer loop
      vertex   -3.834483e+01 -2.534483e+01 3.440622e+01
      vertex   -3.899674e+01 -2.460146e+01 3.440622e+01
      vertex   -3.931079e+01 -2.484244e+01 3.401037e+01
    endloop
  endfacet
  facet normal -5.885675e-01 -3.932683e-01 7.063486e-01
    outer loop
      vertex   -3.931079e+01 -2.484244e+01 3.401037e+01
      vertex   -3.899674e+01 -2.460146e+01 3.440622e+01
      vertex   -3.988887e+01 -2.397729e+01 3.401037e+01
    endloop
  endfacet
  facet normal -7.044520e-01 -4.706998e-01 5.312146e-01
    outer loop
      vertex   -3.931079e+01 -2.484244e+01 3.401037e+01
      vertex   -3.988887e+01 -2.397729e+01 3.401037e+01
      vertex   -4.014681e+01 -2.412621e+01 3.353635e+01
    endloop
  endfacet
  facet normal -7.598640e-01 -3.747235e-01 5.312146e-01
    outer loop
      vertex   -4.014681e+01 -2.412621e+01 3.353635e+01
      vertex   -3.988887e+01 -2.397729e+01 3.401037e+01
      vertex   -4.062424e+01 -2.315807e+01 3.353635e+01
    endloop
  endfacet
  facet normal -8.467408e-01 -4.175664e-01 3.296488e-01
    outer loop
      vertex   -4.014681e+01 -2.412621e+01 3.353635e+01
      vertex   -4.062424e+01 -2.315807e+01 3.353635e+01
      vertex   -4.079507e+01 -2.322882e+01 3.300795e+01
    endloop
  endfacet
  facet normal -8.940002e-01 -3.034722e-01 3.296488e-01
    outer loop
      vertex   -4.079507e+01 -2.322882e+01 3.300795e+01
      vertex   -4.062424e+01 -2.315807e+01 3.353635e+01
      vertex   -4.114983e+01 -2.218374e+01 3.300795e+01
    endloop
  endfacet
  facet normal -7.150778e-02 -8.372485e-02 9.939199e-01
    outer loop
      vertex   -3.652671e+01 -2.485410e+01 3.495164e+01
      vertex   -3.724264e+01 -2.424264e+01 3.495164e+01
      vertex   -3.699122e+01 -2.520146e+01 3.488896e+01
    endloop
  endfacet
  facet normal -7.397972e-02 -8.435770e-02 9.936855e-01
    outer loop
      vertex   -3.699122e+01 -2.520146e+01 3.488896e+01
      vertex   -3.724264e+01 -2.424264e+01 3.495164e+01
      vertex   -3.763601e+01 -2.463601e+01 3.488896e+01
    endloop
  endfacet
  facet normal -2.181843e-01 -2.487915e-01 9.436622e-01
    outer loop
      vertex   -3.699122e+01 -2.520146e+01 3.488896e+01
      vertex   -3.763601e+01 -2.463601e+01 3.488896e+01
      vertex   -3.800965e+01 -2.500965e+01 3.470407e+01
    endloop
  endfacet
  facet normal -2.487915e-01 -2.181843e-01 9.436622e-01
    outer loop
      vertex   -3.800965e+01 -2.500965e+01 3.470407e+01
      vertex   -3.763601e+01 -2.463601e+01 3.488896e+01
      vertex   -3.862068e+01 -2.431290e+01 3.470407e+01
    endloop
  endfacet
  facet normal -4.006177e-01 -3.513323e-01 8.462099e-01
    outer loop
      vertex   -3.800965e+01 -2.500965e+01 3.470407e+01
      vertex   -3.862068e+01 -2.431290e+01 3.470407e+01
      vertex   -3.899674e+01 -2.460146e+01 3.440622e+01
    endloop
  endfacet
  facet normal -4.430484e-01 -2.960355e-01 8.462099e-01
    outer loop
      vertex   -3.899674e+01 -2.460146e+01 3.440622e+01
      vertex   -3.862068e+01 -2.431290e+01 3.470407e+01
      vertex   -3.954605e+01 -2.377936e+01 3.440622e+01
    endloop
  endfacet
  facet normal -5.885675e-01 -3.932683e-01 7.063486e-01
    outer loop
      vertex   -3.899674e+01 -2.460146e+01 3.440622e+01
      vertex   -3.954605e+01 -2.377936e+01 3.440622e+01
      vertex   -3.988887e+01 -2.397729e+01 3.401037e+01
    endloop
  endfacet
  facet normal -6.348641e-01 -3.130803e-01 7.063486e-01
    outer loop
      vertex   -3.988887e+01 -2.397729e+01 3.401037e+01
      vertex   -3.954605e+01 -2.377936e+01 3.440622e+01
      vertex   -4.034907e+01 -2.304409e+01 3.401037e+01
    endloop
  endfacet
  facet normal -7.598640e-01 -3.747235e-01 5.312146e-01
    outer loop
      vertex   -3.988887e+01 -2.397729e+01 3.401037e+01
      vertex   -4.034907e+01 -2.304409e+01 3.401037e+01
      vertex   -4.062424e+01 -2.315807e+01 3.353635e+01
    endloop
  endfacet
  facet normal -8.022745e-01 -2.723355e-01 5.312146e-01
    outer loop
      vertex   -4.062424e+01 -2.315807e+01 3.353635e+01
      vertex   -4.034907e+01 -2.304409e+01 3.401037e+01
      vertex   -4.097123e+01 -2.213588e+01 3.353635e+01
    endloop
  endfacet
  facet normal -8.940002e-01 -3.034722e-01 3.296488e-01
    outer loop
      vertex   -4.062424e+01 -2.315807e+01 3.353635e+01
      vertex   -4.097123e+01 -2.213588e+01 3.353635e+01
      vertex   -4.114983e+01 -2.218374e+01 3.300795e+01
    endloop
  endfacet
  facet normal -9.259629e-01 -1.841855e-01 3.296488e-01
    outer loop
      vertex   -4.114983e+01 -2.218374e+01 3.300795e+01
      vertex   -4.097123e+01 -2.213588e+01 3.353635e+01
      vertex   -4.136514e+01 -2.110129e+01 3.300795e+01
    endloop
  endfacet
  facet normal -8.435770e-02 -7.397972e-02 9.936855e-01
    outer loop
      vertex   -3.763601e+01 -2.463601e+01 3.488896e+01
      vertex   -3.724264e+01 -2.424264e+01 3.495164e+01
      vertex   -3.820146e+01 -2.399122e+01 3.488896e+01
    endloop
  endfacet
  facet normal -8.372485e-02 -7.150778e-02 9.939199e-01
    outer loop
      vertex   -3.820146e+01 -2.399122e+01 3.488896e+01
      vertex   -3.724264e+01 -2.424264e+01 3.495164e+01
      vertex   -3.785410e+01 -2.352671e+01 3.495164e+01
    endloop
  endfacet
  facet normal -9.467659e-02 -6.326087e-02 9.934961e-01
    outer loop
      vertex   -3.820146e+01 -2.399122e+01 3.488896e+01
      vertex   -3.785410e+01 -2.352671e+01 3.495164e+01
      vertex   -3.867792e+01 -2.327815e+01 3.488896e+01
    endloop
  endfacet
  facet normal -9.278860e-02 -5.686093e-02 9.940609e-01
    outer loop
      vertex   -3.867792e+01 -2.327815e+01 3.488896e+01
      vertex   -3.785410e+01 -2.352671e+01 3.495164e+01
      vertex   -3.834604e+01 -2.272394e+01 3.495164e+01
    endloop
  endfacet
  facet normal -1.028873e-01 -5.073840e-02 9.933981e-01
    outer loop
      vertex   -3.867792e+01 -2.327815e+01 3.488896e+01
      vertex   -3.834604e+01 -2.272394e+01 3.495164e+01
      vertex   -3.905723e+01 -2.250899e+01 3.488896e+01
    endloop
  endfacet
  facet normal -1.001529e-01 -4.148468e-02 9.941068e-01
    outer loop
      vertex   -3.905723e+01 -2.250899e+01 3.488896e+01
      vertex   -3.834604e+01 -2.272394e+01 3.495164e+01
      vertex   -3.870634e+01 -2.185410e+01 3.495164e+01
    endloop
  endfacet
  facet normal -1.086298e-01 -3.687484e-02 9.933981e-01
    outer loop
      vertex   -3.905723e+01 -2.250899e+01 3.488896e+01
      vertex   -3.870634e+01 -2.185410e+01 3.495164e+01
      vertex   -3.933290e+01 -2.169690e+01 3.488896e+01
    endloop
  endfacet
  facet normal -1.058182e-01 -2.540470e-02 9.940609e-01
    outer loop
      vertex   -3.933290e+01 -2.169690e+01 3.488896e+01
      vertex   -3.870634e+01 -2.185410e+01 3.495164e+01
      vertex   -3.892613e+01 -2.093861e+01 3.495164e+01
    endloop
  endfacet
  facet normal -1.116787e-01 -2.221426e-02 9.934961e-01
    outer loop
      vertex   -3.933290e+01 -2.169690e+01 3.488896e+01
      vertex   -3.892613e+01 -2.093861e+01 3.495164e+01
      vertex   -3.950021e+01 -2.085577e+01 3.488896e+01
    endloop
  endfacet
  facet normal -9.259629e-01 -1.841855e-01 3.296488e-01
    outer loop
      vertex   -4.136514e+01 -2.110129e+01 3.300795e+01
      vertex   -4.097123e+01 -2.213588e+01 3.353635e+01
      vertex   -4.118182e+01 -2.107716e+01 3.353635e+01
    endloop
  endfacet
  facet normal -8.309578e-01 -1.652878e-01 5.312146e-01
    outer loop
      vertex   -4.118182e+01 -2.107716e+01 3.353635e+01
      vertex   -4.097123e+01 -2.213588e+01 3.353635e+01
      vertex   -4.068353e+01 -2.205880e+01 3.401037e+01
    endloop
  endfacet
  facet normal -8.309578e-01 -1.652878e-01 5.312146e-01
    outer loop
      vertex   -4.118182e+01 -2.107716e+01 3.353635e+01
      vertex   -4.068353e+01 -2.205880e+01 3.401037e+01
      vertex   -4.088653e+01 -2.103828e+01 3.401037e+01
    endloop
  endfacet
  facet normal -6.942628e-01 -1.380974e-01 7.063486e-01
    outer loop
      vertex   -4.088653e+01 -2.103828e+01 3.401037e+01
      vertex   -4.068353e+01 -2.205880e+01 3.401037e+01
      vertex   -4.030117e+01 -2.195634e+01 3.440622e+01
    endloop
  endfacet
  facet normal -6.942628e-01 -1.380974e-01 7.063486e-01
    outer loop
      vertex   -4.088653e+01 -2.103828e+01 3.401037e+01
      vertex   -4.030117e+01 -2.195634e+01 3.440622e+01
      vertex   -4.049406e+01 -2.098661e+01 3.440622e+01
    endloop
  endfacet
  facet normal -5.226112e-01 -1.039538e-01 8.462099e-01
    outer loop
      vertex   -4.049406e+01 -2.098661e+01 3.440622e+01
      vertex   -4.030117e+01 -2.195634e+01 3.440622e+01
      vertex   -3.984330e+01 -2.183366e+01 3.470407e+01
    endloop
  endfacet
  facet normal -5.226112e-01 -1.039538e-01 8.462099e-01
    outer loop
      vertex   -4.049406e+01 -2.098661e+01 3.440622e+01
      vertex   -3.984330e+01 -2.183366e+01 3.470407e+01
      vertex   -4.002410e+01 -2.092474e+01 3.470407e+01
    endloop
  endfacet
  facet normal -3.245519e-01 -6.455738e-02 9.436622e-01
    outer loop
      vertex   -4.002410e+01 -2.092474e+01 3.470407e+01
      vertex   -3.984330e+01 -2.183366e+01 3.470407e+01
      vertex   -3.933290e+01 -2.169690e+01 3.488896e+01
    endloop
  endfacet
  facet normal -3.245519e-01 -6.455738e-02 9.436622e-01
    outer loop
      vertex   -4.002410e+01 -2.092474e+01 3.470407e+01
      vertex   -3.933290e+01 -2.169690e+01 3.488896e+01
      vertex   -3.950021e+01 -2.085577e+01 3.488896e+01
    endloop
  endfacet
  facet normal -8.022745e-01 -2.723355e-01 5.312146e-01
    outer loop
      vertex   -4.097123e+01 -2.213588e+01 3.353635e+01
      vertex   -4.034907e+01 -2.304409e+01 3.401037e+01
      vertex   -4.068353e+01 -2.205880e+01 3.401037e+01
    endloop
  endfacet
  facet normal -6.702979e-01 -2.275355e-01 7.063486e-01
    outer loop
      vertex   -4.068353e+01 -2.205880e+01 3.401037e+01
      vertex   -4.034907e+01 -2.304409e+01 3.401037e+01
      vertex   -3.998335e+01 -2.289260e+01 3.440622e+01
    endloop
  endfacet
  facet normal -6.702979e-01 -2.275355e-01 7.063486e-01
    outer loop
      vertex   -4.068353e+01 -2.205880e+01 3.401037e+01
      vertex   -3.998335e+01 -2.289260e+01 3.440622e+01
      vertex   -4.030117e+01 -2.195634e+01 3.440622e+01
    endloop
  endfacet
  facet normal -5.045715e-01 -1.712789e-01 8.462099e-01
    outer loop
      vertex   -4.030117e+01 -2.195634e+01 3.440622e+01
      vertex   -3.998335e+01 -2.289260e+01 3.440622e+01
      vertex   -3.954542e+01 -2.271120e+01 3.470407e+01
    endloop
  endfacet
  facet normal -5.045715e-01 -1.712789e-01 8.462099e-01
    outer loop
      vertex   -4.030117e+01 -2.195634e+01 3.440622e+01
      vertex   -3.954542e+01 -2.271120e+01 3.470407e+01
      vertex   -3.984330e+01 -2.183366e+01 3.470407e+01
    endloop
  endfacet
  facet normal -3.133488e-01 -1.063676e-01 9.436622e-01
    outer loop
      vertex   -3.984330e+01 -2.183366e+01 3.470407e+01
      vertex   -3.954542e+01 -2.271120e+01 3.470407e+01
      vertex   -3.905723e+01 -2.250899e+01 3.488896e+01
    endloop
  endfacet
  facet normal -3.133488e-01 -1.063676e-01 9.436622e-01
    outer loop
      vertex   -3.984330e+01 -2.183366e+01 3.470407e+01
      vertex   -3.905723e+01 -2.250899e+01 3.488896e+01
      vertex   -3.933290e+01 -2.169690e+01 3.488896e+01
    endloop
  endfacet
  facet normal -6.348641e-01 -3.130803e-01 7.063486e-01
    outer loop
      vertex   -4.034907e+01 -2.304409e+01 3.401037e+01
      vertex   -3.954605e+01 -2.377936e+01 3.440622e+01
      vertex   -3.998335e+01 -2.289260e+01 3.440622e+01
    endloop
  endfacet
  facet normal -4.778984e-01 -2.356734e-01 8.462099e-01
    outer loop
      vertex   -3.998335e+01 -2.289260e+01 3.440622e+01
      vertex   -3.954605e+01 -2.377936e+01 3.440622e+01
      vertex   -3.913554e+01 -2.354236e+01 3.470407e+01
    endloop
  endfacet
  facet normal -4.778984e-01 -2.356734e-01 8.462099e-01
    outer loop
      vertex   -3.998335e+01 -2.289260e+01 3.440622e+01
      vertex   -3.913554e+01 -2.354236e+01 3.470407e+01
      vertex   -3.954542e+01 -2.271120e+01 3.470407e+01
    endloop
  endfacet
  facet normal -2.967843e-01 -1.463578e-01 9.436622e-01
    outer loop
      vertex   -3.954542e+01 -2.271120e+01 3.470407e+01
      vertex   -3.913554e+01 -2.354236e+01 3.470407e+01
      vertex   -3.867792e+01 -2.327815e+01 3.488896e+01
    endloop
  endfacet
  facet normal -2.967843e-01 -1.463578e-01 9.436622e-01
    outer loop
      vertex   -3.954542e+01 -2.271120e+01 3.470407e+01
      vertex   -3.867792e+01 -2.327815e+01 3.488896e+01
      vertex   -3.905723e+01 -2.250899e+01 3.488896e+01
    endloop
  endfacet
  facet normal -2.751418e-01 -1.838439e-01 9.436622e-01
    outer loop
      vertex   -3.820146e+01 -2.399122e+01 3.488896e+01
      vertex   -3.867792e+01 -2.327815e+01 3.488896e+01
      vertex   -3.913554e+01 -2.354236e+01 3.470407e+01
    endloop
  endfacet
  facet normal -2.751418e-01 -1.838439e-01 9.436622e-01
    outer loop
      vertex   -3.820146e+01 -2.399122e+01 3.488896e+01
      vertex   -3.913554e+01 -2.354236e+01 3.470407e+01
      vertex   -3.862068e+01 -2.431290e+01 3.470407e+01
    endloop
  endfacet
  facet normal -4.430484e-01 -2.960355e-01 8.462099e-01
    outer loop
      vertex   -3.862068e+01 -2.431290e+01 3.470407e+01
      vertex   -3.913554e+01 -2.354236e+01 3.470407e+01
      vertex   -3.954605e+01 -2.377936e+01 3.440622e+01
    endloop
  endfacet
  facet normal -2.487915e-01 -2.181843e-01 9.436622e-01
    outer loop
      vertex   -3.763601e+01 -2.463601e+01 3.488896e+01
      vertex   -3.820146e+01 -2.399122e+01 3.488896e+01
      vertex   -3.862068e+01 -2.431290e+01 3.470407e+01
    endloop
  endfacet
  facet normal -1.119645e-01 -1.191714e-10 9.937122e-01
    outer loop
      vertex   -3.955630e+01 6.428890e+01 3.488896e+01
      vertex   -3.955630e+01 5.224763e+01 3.488896e+01
      vertex   -3.900000e+01 6.428890e+01 3.495164e+01
    endloop
  endfacet
  facet normal -1.119645e-01 -1.191715e-10 9.937122e-01
    outer loop
      vertex   -3.900000e+01 6.428890e+01 3.495164e+01
      vertex   -3.955630e+01 5.224763e+01 3.488896e+01
      vertex   -3.955630e+01 4.020636e+01 3.488896e+01
    endloop
  endfacet
  facet normal -1.119645e-01 -1.191715e-10 9.937122e-01
    outer loop
      vertex   -3.900000e+01 6.428890e+01 3.495164e+01
      vertex   -3.955630e+01 4.020636e+01 3.488896e+01
      vertex   -3.955630e+01 2.816508e+01 3.488896e+01
    endloop
  endfacet
  facet normal -3.302791e-01 -3.515387e-10 9.438833e-01
    outer loop
      vertex   -3.955630e+01 2.816508e+01 3.488896e+01
      vertex   -3.955630e+01 4.020636e+01 3.488896e+01
      vertex   -4.008471e+01 2.816508e+01 3.470407e+01
    endloop
  endfacet
  facet normal -3.302791e-01 -3.515387e-10 9.438833e-01
    outer loop
      vertex   -3.955630e+01 2.816508e+01 3.488896e+01
      vertex   -4.008471e+01 2.816508e+01 3.470407e+01
      vertex   -4.008471e+01 1.612381e+01 3.470407e+01
    endloop
  endfacet
  facet normal -5.320321e-01 -5.662782e-10 8.467242e-01
    outer loop
      vertex   -4.008471e+01 1.612381e+01 3.470407e+01
      vertex   -4.008471e+01 2.816508e+01 3.470407e+01
      vertex   -4.055873e+01 1.612381e+01 3.440622e+01
    endloop
  endfacet
  facet normal -5.320321e-01 -5.662779e-10 8.467242e-01
    outer loop
      vertex   -4.008471e+01 1.612381e+01 3.470407e+01
      vertex   -4.055873e+01 1.612381e+01 3.440622e+01
      vertex   -4.055873e+01 4.082542e+00 3.440622e+01
    endloop
  endfacet
  facet normal -7.071068e-01 -7.526218e-10 7.071068e-01
    outer loop
      vertex   -4.055873e+01 4.082542e+00 3.440622e+01
      vertex   -4.055873e+01 1.612381e+01 3.440622e+01
      vertex   -4.095458e+01 4.082542e+00 3.401037e+01
    endloop
  endfacet
  facet normal -7.071068e-01 -7.526226e-10 7.071068e-01
    outer loop
      vertex   -4.055873e+01 4.082542e+00 3.440622e+01
      vertex   -4.095458e+01 4.082542e+00 3.401037e+01
      vertex   -4.095458e+01 -7.958729e+00 3.401037e+01
    endloop
  endfacet
  facet normal -8.467242e-01 -9.012271e-10 5.320321e-01
    outer loop
      vertex   -4.095458e+01 -7.958729e+00 3.401037e+01
      vertex   -4.095458e+01 4.082542e+00 3.401037e+01
      vertex   -4.125242e+01 -7.958729e+00 3.353635e+01
    endloop
  endfacet
  facet normal -8.467242e-01 -9.012271e-10 5.320321e-01
    outer loop
      vertex   -4.095458e+01 -7.958729e+00 3.401037e+01
      vertex   -4.125242e+01 -7.958729e+00 3.353635e+01
      vertex   -4.125242e+01 -2.000000e+01 3.353635e+01
    endloop
  endfacet
  facet normal -9.438833e-01 -1.004640e-09 3.302791e-01
    outer loop
      vertex   -4.125242e+01 -2.000000e+01 3.353635e+01
      vertex   -4.125242e+01 -7.958729e+00 3.353635e+01
      vertex   -4.143732e+01 -2.000000e+01 3.300795e+01
    endloop
  endfacet
  facet normal -9.438833e-01 -1.004640e-09 3.302791e-01
    outer loop
      vertex   -4.143732e+01 -2.000000e+01 3.300795e+01
      vertex   -4.125242e+01 -7.958729e+00 3.353635e+01
      vertex   -4.143732e+01 -7.958729e+00 3.300795e+01
    endloop
  endfacet
  facet normal -9.937122e-01 -1.057677e-09 1.119645e-01
    outer loop
      vertex   -4.143732e+01 -2.000000e+01 3.300795e+01
      vertex   -4.143732e+01 -7.958729e+00 3.300795e+01
      vertex   -4.150000e+01 -2.000000e+01 3.245164e+01
    endloop
  endfacet
  facet normal -9.937122e-01 -1.057676e-09 1.119645e-01
    outer loop
      vertex   -4.150000e+01 -2.000000e+01 3.245164e+01
      vertex   -4.143732e+01 -7.958729e+00 3.300795e+01
      vertex   -4.143732e+01 4.082542e+00 3.300795e+01
    endloop
  endfacet
  facet normal -9.937122e-01 -1.057675e-09 1.119645e-01
    outer loop
      vertex   -4.150000e+01 -2.000000e+01 3.245164e+01
      vertex   -4.143732e+01 4.082542e+00 3.300795e+01
      vertex   -4.143732e+01 1.612381e+01 3.300795e+01
    endloop
  endfacet
  facet normal -9.438833e-01 -1.004639e-09 3.302791e-01
    outer loop
      vertex   -4.143732e+01 1.612381e+01 3.300795e+01
      vertex   -4.143732e+01 4.082542e+00 3.300795e+01
      vertex   -4.125242e+01 1.612381e+01 3.353635e+01
    endloop
  endfacet
  facet normal -9.438833e-01 -1.004640e-09 3.302791e-01
    outer loop
      vertex   -4.143732e+01 1.612381e+01 3.300795e+01
      vertex   -4.125242e+01 1.612381e+01 3.353635e+01
      vertex   -4.125242e+01 2.816508e+01 3.353635e+01
    endloop
  endfacet
  facet normal -8.467242e-01 -9.012266e-10 5.320321e-01
    outer loop
      vertex   -4.125242e+01 2.816508e+01 3.353635e+01
      vertex   -4.125242e+01 1.612381e+01 3.353635e+01
      vertex   -4.095458e+01 2.816508e+01 3.401037e+01
    endloop
  endfacet
  facet normal -8.467242e-01 -9.012266e-10 5.320321e-01
    outer loop
      vertex   -4.125242e+01 2.816508e+01 3.353635e+01
      vertex   -4.095458e+01 2.816508e+01 3.401037e+01
      vertex   -4.095458e+01 4.020636e+01 3.401037e+01
    endloop
  endfacet
  facet normal -7.071068e-01 -7.526222e-10 7.071068e-01
    outer loop
      vertex   -4.095458e+01 4.020636e+01 3.401037e+01
      vertex   -4.095458e+01 2.816508e+01 3.401037e+01
      vertex   -4.055873e+01 4.020636e+01 3.440622e+01
    endloop
  endfacet
  facet normal -7.071068e-01 -7.526222e-10 7.071068e-01
    outer loop
      vertex   -4.095458e+01 4.020636e+01 3.401037e+01
      vertex   -4.055873e+01 4.020636e+01 3.440622e+01
      vertex   -4.055873e+01 5.224763e+01 3.440622e+01
    endloop
  endfacet
  facet normal -5.320321e-01 -5.662782e-10 8.467242e-01
    outer loop
      vertex   -4.055873e+01 5.224763e+01 3.440622e+01
      vertex   -4.055873e+01 4.020636e+01 3.440622e+01
      vertex   -4.008471e+01 5.224763e+01 3.470407e+01
    endloop
  endfacet
  facet normal -5.320321e-01 -5.662782e-10 8.467242e-01
    outer loop
      vertex   -4.055873e+01 5.224763e+01 3.440622e+01
      vertex   -4.008471e+01 5.224763e+01 3.470407e+01
      vertex   -4.008471e+01 6.428890e+01 3.470407e+01
    endloop
  endfacet
  facet normal -3.302791e-01 -3.515387e-10 9.438833e-01
    outer loop
      vertex   -4.008471e+01 6.428890e+01 3.470407e+01
      vertex   -4.008471e+01 5.224763e+01 3.470407e+01
      vertex   -3.955630e+01 6.428890e+01 3.488896e+01
    endloop
  endfacet
  facet normal -3.302791e-01 -3.515385e-10 9.438833e-01
    outer loop
      vertex   -3.955630e+01 6.428890e+01 3.488896e+01
      vertex   -4.008471e+01 5.224763e+01 3.470407e+01
      vertex   -3.955630e+01 5.224763e+01 3.488896e+01
    endloop
  endfacet
  facet normal -5.320321e-01 -5.662785e-10 8.467242e-01
    outer loop
      vertex   -4.008471e+01 6.428890e+01 3.470407e+01
      vertex   -4.055873e+01 6.428890e+01 3.440622e+01
      vertex   -4.055873e+01 5.224763e+01 3.440622e+01
    endloop
  endfacet
  facet normal -7.071068e-01 -7.526226e-10 7.071068e-01
    outer loop
      vertex   -4.055873e+01 5.224763e+01 3.440622e+01
      vertex   -4.055873e+01 6.428890e+01 3.440622e+01
      vertex   -4.095458e+01 5.224763e+01 3.401037e+01
    endloop
  endfacet
  facet normal -7.071068e-01 -7.526226e-10 7.071068e-01
    outer loop
      vertex   -4.055873e+01 5.224763e+01 3.440622e+01
      vertex   -4.095458e+01 5.224763e+01 3.401037e+01
      vertex   -4.095458e+01 4.020636e+01 3.401037e+01
    endloop
  endfacet
  facet normal -8.467242e-01 -9.012271e-10 5.320321e-01
    outer loop
      vertex   -4.095458e+01 4.020636e+01 3.401037e+01
      vertex   -4.095458e+01 5.224763e+01 3.401037e+01
      vertex   -4.125242e+01 4.020636e+01 3.353635e+01
    endloop
  endfacet
  facet normal -8.467242e-01 -9.012271e-10 5.320321e-01
    outer loop
      vertex   -4.095458e+01 4.020636e+01 3.401037e+01
      vertex   -4.125242e+01 4.020636e+01 3.353635e+01
      vertex   -4.125242e+01 2.816508e+01 3.353635e+01
    endloop
  endfacet
  facet normal -9.438833e-01 -1.004640e-09 3.302791e-01
    outer loop
      vertex   -4.125242e+01 2.816508e+01 3.353635e+01
      vertex   -4.125242e+01 4.020636e+01 3.353635e+01
      vertex   -4.143732e+01 2.816508e+01 3.300795e+01
    endloop
  endfacet
  facet normal -9.438833e-01 -1.004640e-09 3.302791e-01
    outer loop
      vertex   -4.125242e+01 2.816508e+01 3.353635e+01
      vertex   -4.143732e+01 2.816508e+01 3.300795e+01
      vertex   -4.143732e+01 1.612381e+01 3.300795e+01
    endloop
  endfacet
  facet normal -9.937122e-01 -1.057676e-09 1.119645e-01
    outer loop
      vertex   -4.143732e+01 1.612381e+01 3.300795e+01
      vertex   -4.143732e+01 2.816508e+01 3.300795e+01
      vertex   -4.150000e+01 -2.000000e+01 3.245164e+01
    endloop
  endfacet
  facet normal -7.071068e-01 -7.526222e-10 7.071068e-01
    outer loop
      vertex   -4.055873e+01 6.428890e+01 3.440622e+01
      vertex   -4.095458e+01 6.428890e+01 3.401037e+01
      vertex   -4.095458e+01 5.224763e+01 3.401037e+01
    endloop
  endfacet
  facet normal -8.467242e-01 -9.012266e-10 5.320321e-01
    outer loop
      vertex   -4.095458e+01 5.224763e+01 3.401037e+01
      vertex   -4.095458e+01 6.428890e+01 3.401037e+01
      vertex   -4.125242e+01 5.224763e+01 3.353635e+01
    endloop
  endfacet
  facet normal -8.467242e-01 -9.012266e-10 5.320321e-01
    outer loop
      vertex   -4.095458e+01 5.224763e+01 3.401037e+01
      vertex   -4.125242e+01 5.224763e+01 3.353635e+01
      vertex   -4.125242e+01 4.020636e+01 3.353635e+01
    endloop
  endfacet
  facet normal -9.438833e-01 -1.004640e-09 3.302791e-01
    outer loop
      vertex   -4.125242e+01 4.020636e+01 3.353635e+01
      vertex   -4.125242e+01 5.224763e+01 3.353635e+01
      vertex   -4.143732e+01 4.020636e+01 3.300795e+01
    endloop
  endfacet
  facet normal -9.438833e-01 -1.004640e-09 3.302791e-01
    outer loop
      vertex   -4.125242e+01 4.020636e+01 3.353635e+01
      vertex   -4.143732e+01 4.020636e+01 3.300795e+01
      vertex   -4.143732e+01 2.816508e+01 3.300795e+01
    endloop
  endfacet
  facet normal -9.937122e-01 -1.057677e-09 1.119645e-01
    outer loop
      vertex   -4.143732e+01 2.816508e+01 3.300795e+01
      vertex   -4.143732e+01 4.020636e+01 3.300795e+01
      vertex   -4.150000e+01 6.428890e+01 3.245164e+01
    endloop
  endfacet
  facet normal -9.937122e-01 -1.057676e-09 1.119645e-01
    outer loop
      vertex   -4.143732e+01 2.816508e+01 3.300795e+01
      vertex   -4.150000e+01 6.428890e+01 3.245164e+01
      vertex   -4.150000e+01 -2.000000e+01 3.245164e+01
    endloop
  endfacet
  facet normal -8.467242e-01 -9.012266e-10 5.320321e-01
    outer loop
      vertex   -4.095458e+01 6.428890e+01 3.401037e+01
      vertex   -4.125242e+01 6.428890e+01 3.353635e+01
      vertex   -4.125242e+01 5.224763e+01 3.353635e+01
    endloop
  endfacet
  facet normal -9.438833e-01 -1.004640e-09 3.302791e-01
    outer loop
      vertex   -4.125242e+01 5.224763e+01 3.353635e+01
      vertex   -4.125242e+01 6.428890e+01 3.353635e+01
      vertex   -4.143732e+01 5.224763e+01 3.300795e+01
    endloop
  endfacet
  facet normal -9.438833e-01 -1.004640e-09 3.302791e-01
    outer loop
      vertex   -4.125242e+01 5.224763e+01 3.353635e+01
      vertex   -4.143732e+01 5.224763e+01 3.300795e+01
      vertex   -4.143732e+01 4.020636e+01 3.300795e+01
    endloop
  endfacet
  facet normal -9.937122e-01 -1.057676e-09 1.119645e-01
    outer loop
      vertex   -4.143732e+01 4.020636e+01 3.300795e+01
      vertex   -4.143732e+01 5.224763e+01 3.300795e+01
      vertex   -4.150000e+01 6.428890e+01 3.245164e+01
    endloop
  endfacet
  facet normal -9.438833e-01 -1.004640e-09 3.302791e-01
    outer loop
      vertex   -4.125242e+01 6.428890e+01 3.353635e+01
      vertex   -4.143732e+01 6.428890e+01 3.300795e+01
      vertex   -4.143732e+01 5.224763e+01 3.300795e+01
    endloop
  endfacet
  facet normal -9.937122e-01 -1.057676e-09 1.119645e-01
    outer loop
      vertex   -4.143732e+01 5.224763e+01 3.300795e+01
      vertex   -4.143732e+01 6.428890e+01 3.300795e+01
      vertex   -4.150000e+01 6.428890e+01 3.245164e+01
    endloop
  endfacet
  facet normal -8.467242e-01 -9.012266e-10 5.320321e-01
    outer loop
      vertex   -4.125242e+01 -2.000000e+01 3.353635e+01
      vertex   -4.095458e+01 -2.000000e+01 3.401037e+01
      vertex   -4.095458e+01 -7.958729e+00 3.401037e+01
    endloop
  endfacet
  facet normal -7.071068e-01 -7.526222e-10 7.071068e-01
    outer loop
      vertex   -4.095458e+01 -7.958729e+00 3.401037e+01
      vertex   -4.095458e+01 -2.000000e+01 3.401037e+01
      vertex   -4.055873e+01 -7.958729e+00 3.440622e+01
    endloop
  endfacet
  facet normal -7.071068e-01 -7.526222e-10 7.071068e-01
    outer loop
      vertex   -4.095458e+01 -7.958729e+00 3.401037e+01
      vertex   -4.055873e+01 -7.958729e+00 3.440622e+01
      vertex   -4.055873e+01 4.082542e+00 3.440622e+01
    endloop
  endfacet
  facet normal -5.320321e-01 -5.662782e-10 8.467242e-01
    outer loop
      vertex   -4.055873e+01 4.082542e+00 3.440622e+01
      vertex   -4.055873e+01 -7.958729e+00 3.440622e+01
      vertex   -4.008471e+01 4.082542e+00 3.470407e+01
    endloop
  endfacet
  facet normal -5.320321e-01 -5.662779e-10 8.467242e-01
    outer loop
      vertex   -4.055873e+01 4.082542e+00 3.440622e+01
      vertex   -4.008471e+01 4.082542e+00 3.470407e+01
      vertex   -4.008471e+01 1.612381e+01 3.470407e+01
    endloop
  endfacet
  facet normal -3.302791e-01 -3.515385e-10 9.438833e-01
    outer loop
      vertex   -4.008471e+01 1.612381e+01 3.470407e+01
      vertex   -4.008471e+01 4.082542e+00 3.470407e+01
      vertex   -3.955630e+01 1.612381e+01 3.488896e+01
    endloop
  endfacet
  facet normal -3.302791e-01 -3.515387e-10 9.438833e-01
    outer loop
      vertex   -4.008471e+01 1.612381e+01 3.470407e+01
      vertex   -3.955630e+01 1.612381e+01 3.488896e+01
      vertex   -3.955630e+01 2.816508e+01 3.488896e+01
    endloop
  endfacet
  facet normal -1.119645e-01 -1.191715e-10 9.937122e-01
    outer loop
      vertex   -3.955630e+01 2.816508e+01 3.488896e+01
      vertex   -3.955630e+01 1.612381e+01 3.488896e+01
      vertex   -3.900000e+01 6.428890e+01 3.495164e+01
    endloop
  endfacet
  facet normal -7.071068e-01 -7.526226e-10 7.071068e-01
    outer loop
      vertex   -4.095458e+01 -2.000000e+01 3.401037e+01
      vertex   -4.055873e+01 -2.000000e+01 3.440622e+01
      vertex   -4.055873e+01 -7.958729e+00 3.440622e+01
    endloop
  endfacet
  facet normal -5.320321e-01 -5.662785e-10 8.467242e-01
    outer loop
      vertex   -4.055873e+01 -7.958729e+00 3.440622e+01
      vertex   -4.055873e+01 -2.000000e+01 3.440622e+01
      vertex   -4.008471e+01 -7.958729e+00 3.470407e+01
    endloop
  endfacet
  facet normal -5.320321e-01 -5.662782e-10 8.467242e-01
    outer loop
      vertex   -4.055873e+01 -7.958729e+00 3.440622e+01
      vertex   -4.008471e+01 -7.958729e+00 3.470407e+01
      vertex   -4.008471e+01 4.082542e+00 3.470407e+01
    endloop
  endfacet
  facet normal -3.302791e-01 -3.515387e-10 9.438833e-01
    outer loop
      vertex   -4.008471e+01 4.082542e+00 3.470407e+01
      vertex   -4.008471e+01 -7.958729e+00 3.470407e+01
      vertex   -3.955630e+01 4.082542e+00 3.488896e+01
    endloop
  endfacet
  facet normal -3.302791e-01 -3.515387e-10 9.438833e-01
    outer loop
      vertex   -4.008471e+01 4.082542e+00 3.470407e+01
      vertex   -3.955630e+01 4.082542e+00 3.488896e+01
      vertex   -3.955630e+01 1.612381e+01 3.488896e+01
    endloop
  endfacet
  facet normal -1.119645e-01 -1.191715e-10 9.937122e-01
    outer loop
      vertex   -3.955630e+01 1.612381e+01 3.488896e+01
      vertex   -3.955630e+01 4.082542e+00 3.488896e+01
      vertex   -3.900000e+01 -2.000000e+01 3.495164e+01
    endloop
  endfacet
  facet normal -1.119645e-01 -1.191715e-10 9.937122e-01
    outer loop
      vertex   -3.955630e+01 1.612381e+01 3.488896e+01
      vertex   -3.900000e+01 -2.000000e+01 3.495164e+01
      vertex   -3.900000e+01 6.428890e+01 3.495164e+01
    endloop
  endfacet
  facet normal -5.320321e-01 -5.662782e-10 8.467242e-01
    outer loop
      vertex   -4.055873e+01 -2.000000e+01 3.440622e+01
      vertex   -4.008471e+01 -2.000000e+01 3.470407e+01
      vertex   -4.008471e+01 -7.958729e+00 3.470407e+01
    endloop
  endfacet
  facet normal -3.302791e-01 -3.515387e-10 9.438833e-01
    outer loop
      vertex   -4.008471e+01 -7.958729e+00 3.470407e+01
      vertex   -4.008471e+01 -2.000000e+01 3.470407e+01
      vertex   -3.955630e+01 -7.958729e+00 3.488896e+01
    endloop
  endfacet
  facet normal -3.302791e-01 -3.515388e-10 9.438833e-01
    outer loop
      vertex   -4.008471e+01 -7.958729e+00 3.470407e+01
      vertex   -3.955630e+01 -7.958729e+00 3.488896e+01
      vertex   -3.955630e+01 4.082542e+00 3.488896e+01
    endloop
  endfacet
  facet normal -1.119645e-01 -1.191715e-10 9.937122e-01
    outer loop
      vertex   -3.955630e+01 4.082542e+00 3.488896e+01
      vertex   -3.955630e+01 -7.958729e+00 3.488896e+01
      vertex   -3.900000e+01 -2.000000e+01 3.495164e+01
    endloop
  endfacet
  facet normal -3.302791e-01 -3.515385e-10 9.438833e-01
    outer loop
      vertex   -4.008471e+01 -2.000000e+01 3.470407e+01
      vertex   -3.955630e+01 -2.000000e+01 3.488896e+01
      vertex   -3.955630e+01 -7.958729e+00 3.488896e+01
    endloop
  endfacet
  facet normal -1.119645e-01 -1.191714e-10 9.937122e-01
    outer loop
      vertex   -3.955630e+01 -7.958729e+00 3.488896e+01
      vertex   -3.955630e+01 -2.000000e+01 3.488896e+01
      vertex   -3.900000e+01 -2.000000e+01 3.495164e+01
    endloop
  endfacet
  facet normal -3.302791e-01 -3.515388e-10 9.438833e-01
    outer loop
      vertex   -3.955630e+01 4.020636e+01 3.488896e+01
      vertex   -3.955630e+01 5.224763e+01 3.488896e+01
      vertex   -4.008471e+01 4.020636e+01 3.470407e+01
    endloop
  endfacet
  facet normal -3.302791e-01 -3.515388e-10 9.438833e-01
    outer loop
      vertex   -4.008471e+01 4.020636e+01 3.470407e+01
      vertex   -3.955630e+01 5.224763e+01 3.488896e+01
      vertex   -4.008471e+01 5.224763e+01 3.470407e+01
    endloop
  endfacet
  facet normal -5.320321e-01 -5.662785e-10 8.467242e-01
    outer loop
      vertex   -4.008471e+01 4.020636e+01 3.470407e+01
      vertex   -4.008471e+01 5.224763e+01 3.470407e+01
      vertex   -4.055873e+01 4.020636e+01 3.440622e+01
    endloop
  endfacet
  facet normal -3.302791e-01 -3.515387e-10 9.438833e-01
    outer loop
      vertex   -3.955630e+01 4.020636e+01 3.488896e+01
      vertex   -4.008471e+01 4.020636e+01 3.470407e+01
      vertex   -4.008471e+01 2.816508e+01 3.470407e+01
    endloop
  endfacet
  facet normal -5.320321e-01 -5.662782e-10 8.467242e-01
    outer loop
      vertex   -4.008471e+01 2.816508e+01 3.470407e+01
      vertex   -4.008471e+01 4.020636e+01 3.470407e+01
      vertex   -4.055873e+01 2.816508e+01 3.440622e+01
    endloop
  endfacet
  facet normal -5.320321e-01 -5.662782e-10 8.467242e-01
    outer loop
      vertex   -4.008471e+01 2.816508e+01 3.470407e+01
      vertex   -4.055873e+01 2.816508e+01 3.440622e+01
      vertex   -4.055873e+01 1.612381e+01 3.440622e+01
    endloop
  endfacet
  facet normal -7.071068e-01 -7.526222e-10 7.071068e-01
    outer loop
      vertex   -4.055873e+01 1.612381e+01 3.440622e+01
      vertex   -4.055873e+01 2.816508e+01 3.440622e+01
      vertex   -4.095458e+01 1.612381e+01 3.401037e+01
    endloop
  endfacet
  facet normal -7.071068e-01 -7.526218e-10 7.071068e-01
    outer loop
      vertex   -4.055873e+01 1.612381e+01 3.440622e+01
      vertex   -4.095458e+01 1.612381e+01 3.401037e+01
      vertex   -4.095458e+01 4.082542e+00 3.401037e+01
    endloop
  endfacet
  facet normal -8.467242e-01 -9.012261e-10 5.320321e-01
    outer loop
      vertex   -4.095458e+01 4.082542e+00 3.401037e+01
      vertex   -4.095458e+01 1.612381e+01 3.401037e+01
      vertex   -4.125242e+01 4.082542e+00 3.353635e+01
    endloop
  endfacet
  facet normal -8.467242e-01 -9.012266e-10 5.320321e-01
    outer loop
      vertex   -4.095458e+01 4.082542e+00 3.401037e+01
      vertex   -4.125242e+01 4.082542e+00 3.353635e+01
      vertex   -4.125242e+01 -7.958729e+00 3.353635e+01
    endloop
  endfacet
  facet normal -9.438833e-01 -1.004640e-09 3.302791e-01
    outer loop
      vertex   -4.125242e+01 -7.958729e+00 3.353635e+01
      vertex   -4.125242e+01 4.082542e+00 3.353635e+01
      vertex   -4.143732e+01 -7.958729e+00 3.300795e+01
    endloop
  endfacet
  facet normal -5.320321e-01 -5.662782e-10 8.467242e-01
    outer loop
      vertex   -4.055873e+01 2.816508e+01 3.440622e+01
      vertex   -4.008471e+01 4.020636e+01 3.470407e+01
      vertex   -4.055873e+01 4.020636e+01 3.440622e+01
    endloop
  endfacet
  facet normal -7.071068e-01 -7.526222e-10 7.071068e-01
    outer loop
      vertex   -4.095458e+01 1.612381e+01 3.401037e+01
      vertex   -4.055873e+01 2.816508e+01 3.440622e+01
      vertex   -4.095458e+01 2.816508e+01 3.401037e+01
    endloop
  endfacet
  facet normal -7.071068e-01 -7.526222e-10 7.071068e-01
    outer loop
      vertex   -4.095458e+01 2.816508e+01 3.401037e+01
      vertex   -4.055873e+01 2.816508e+01 3.440622e+01
      vertex   -4.055873e+01 4.020636e+01 3.440622e+01
    endloop
  endfacet
  facet normal -8.467242e-01 -9.012261e-10 5.320321e-01
    outer loop
      vertex   -4.125242e+01 4.082542e+00 3.353635e+01
      vertex   -4.095458e+01 1.612381e+01 3.401037e+01
      vertex   -4.125242e+01 1.612381e+01 3.353635e+01
    endloop
  endfacet
  facet normal -8.467242e-01 -9.012266e-10 5.320321e-01
    outer loop
      vertex   -4.125242e+01 1.612381e+01 3.353635e+01
      vertex   -4.095458e+01 1.612381e+01 3.401037e+01
      vertex   -4.095458e+01 2.816508e+01 3.401037e+01
    endloop
  endfacet
  facet normal -9.438833e-01 -1.004640e-09 3.302791e-01
    outer loop
      vertex   -4.143732e+01 -7.958729e+00 3.300795e+01
      vertex   -4.125242e+01 4.082542e+00 3.353635e+01
      vertex   -4.143732e+01 4.082542e+00 3.300795e+01
    endloop
  endfacet
  facet normal -9.438833e-01 -1.004639e-09 3.302791e-01
    outer loop
      vertex   -4.143732e+01 4.082542e+00 3.300795e+01
      vertex   -4.125242e+01 4.082542e+00 3.353635e+01
      vertex   -4.125242e+01 1.612381e+01 3.353635e+01
    endloop
  endfacet
  facet normal -5.792197e-01 8.092585e-01 9.800658e-02
    outer loop
      vertex   -3.750000e+01 7.150000e+01 3.245164e+01
      vertex   -3.837455e+01 7.087405e+01 3.245164e+01
      vertex   -3.748568e+01 7.145001e+01 3.294906e+01
    endloop
  endfacet
  facet normal -5.836848e-01 8.042486e-01 1.117867e-01
    outer loop
      vertex   -3.748568e+01 7.145001e+01 3.294906e+01
      vertex   -3.837455e+01 7.087405e+01 3.245164e+01
      vertex   -3.833492e+01 7.082549e+01 3.300795e+01
    endloop
  endfacet
  facet normal -5.536153e-01 7.802605e-01 2.910388e-01
    outer loop
      vertex   -3.748568e+01 7.145001e+01 3.294906e+01
      vertex   -3.833492e+01 7.082549e+01 3.300795e+01
      vertex   -3.744308e+01 7.130253e+01 3.342549e+01
    endloop
  endfacet
  facet normal -5.606941e-01 7.594517e-01 3.299322e-01
    outer loop
      vertex   -3.744308e+01 7.130253e+01 3.342549e+01
      vertex   -3.833492e+01 7.082549e+01 3.300795e+01
      vertex   -3.821801e+01 7.068225e+01 3.353635e+01
    endloop
  endfacet
  facet normal -5.081441e-01 7.194552e-01 4.734699e-01
    outer loop
      vertex   -3.744308e+01 7.130253e+01 3.342549e+01
      vertex   -3.821801e+01 7.068225e+01 3.353635e+01
      vertex   -3.737374e+01 7.106533e+01 3.386034e+01
    endloop
  endfacet
  facet normal -5.106310e-01 6.756335e-01 5.317663e-01
    outer loop
      vertex   -3.737374e+01 7.106533e+01 3.386034e+01
      vertex   -3.821801e+01 7.068225e+01 3.353635e+01
      vertex   -3.802968e+01 7.045150e+01 3.401037e+01
    endloop
  endfacet
  facet normal -4.433185e-01 6.296602e-01 6.379630e-01
    outer loop
      vertex   -3.737374e+01 7.106533e+01 3.386034e+01
      vertex   -3.802968e+01 7.045150e+01 3.401037e+01
      vertex   -3.727957e+01 7.074926e+01 3.423773e+01
    endloop
  endfacet
  facet normal -4.354858e-01 5.571926e-01 7.070280e-01
    outer loop
      vertex   -3.727957e+01 7.074926e+01 3.423773e+01
      vertex   -3.802968e+01 7.045150e+01 3.401037e+01
      vertex   -3.777938e+01 7.014482e+01 3.440622e+01
    endloop
  endfacet
  facet normal -3.609155e-01 5.151496e-01 7.774065e-01
    outer loop
      vertex   -3.727957e+01 7.074926e+01 3.423773e+01
      vertex   -3.777938e+01 7.014482e+01 3.440622e+01
      vertex   -3.716370e+01 7.036972e+01 3.454303e+01
    endloop
  endfacet
  facet normal -3.381743e-01 4.107311e-01 8.467220e-01
    outer loop
      vertex   -3.716370e+01 7.036972e+01 3.454303e+01
      vertex   -3.777938e+01 7.014482e+01 3.440622e+01
      vertex   -3.747966e+01 6.977759e+01 3.470407e+01
    endloop
  endfacet
  facet normal -2.636459e-01 3.816233e-01 8.859202e-01
    outer loop
      vertex   -3.716370e+01 7.036972e+01 3.454303e+01
      vertex   -3.747966e+01 6.977759e+01 3.470407e+01
      vertex   -3.702897e+01 6.994152e+01 3.476758e+01
    endloop
  endfacet
  facet normal -2.220967e-01 2.449889e-01 9.437444e-01
    outer loop
      vertex   -3.702897e+01 6.994152e+01 3.476758e+01
      vertex   -3.747966e+01 6.977759e+01 3.470407e+01
      vertex   -3.714555e+01 6.936822e+01 3.488896e+01
    endloop
  endfacet
  facet normal -1.571069e-01 2.350460e-01 9.592032e-01
    outer loop
      vertex   -3.702897e+01 6.994152e+01 3.476758e+01
      vertex   -3.714555e+01 6.936822e+01 3.488896e+01
      vertex   -3.687909e+01 6.948174e+01 3.490479e+01
    endloop
  endfacet
  facet normal -8.812204e-02 6.829183e-02 9.937659e-01
    outer loop
      vertex   -3.687909e+01 6.948174e+01 3.490479e+01
      vertex   -3.714555e+01 6.936822e+01 3.488896e+01
      vertex   -3.671824e+01 6.900768e+01 3.495163e+01
    endloop
  endfacet
  facet normal -7.655663e-02 8.198549e-02 9.936888e-01
    outer loop
      vertex   -3.671824e+01 6.900768e+01 3.495163e+01
      vertex   -3.714555e+01 6.936822e+01 3.488896e+01
      vertex   -3.737992e+01 6.838967e+01 3.495164e+01
    endloop
  endfacet
  facet normal -1.069542e-03 1.164186e-03 9.999988e-01
    outer loop
      vertex   -3.671824e+01 6.900768e+01 3.495163e+01
      vertex   -3.737992e+01 6.838967e+01 3.495164e+01
      vertex   -3.671558e+01 6.900000e+01 3.495164e+01
    endloop
  endfacet
  facet normal -6.757858e-01 7.285788e-01 1.117430e-01
    outer loop
      vertex   -3.833492e+01 7.082549e+01 3.300795e+01
      vertex   -3.837455e+01 7.087405e+01 3.245164e+01
      vertex   -3.911761e+01 7.009951e+01 3.300795e+01
    endloop
  endfacet
  facet normal -6.757858e-01 7.285788e-01 1.117430e-01
    outer loop
      vertex   -3.911761e+01 7.009951e+01 3.300795e+01
      vertex   -3.837455e+01 7.087405e+01 3.245164e+01
      vertex   -3.916306e+01 7.014268e+01 3.245164e+01
    endloop
  endfacet
  facet normal -7.623764e-01 6.374133e-01 1.117430e-01
    outer loop
      vertex   -3.911761e+01 7.009951e+01 3.300795e+01
      vertex   -3.916306e+01 7.014268e+01 3.245164e+01
      vertex   -3.980237e+01 6.928051e+01 3.300795e+01
    endloop
  endfacet
  facet normal -7.623764e-01 6.374133e-01 1.117430e-01
    outer loop
      vertex   -3.980237e+01 6.928051e+01 3.300795e+01
      vertex   -3.916306e+01 7.014268e+01 3.245164e+01
      vertex   -3.985290e+01 6.931759e+01 3.245164e+01
    endloop
  endfacet
  facet normal -8.367622e-01 5.360434e-01 1.117430e-01
    outer loop
      vertex   -3.980237e+01 6.928051e+01 3.300795e+01
      vertex   -3.985290e+01 6.931759e+01 3.245164e+01
      vertex   -4.037822e+01 6.838160e+01 3.300795e+01
    endloop
  endfacet
  facet normal -8.367622e-01 5.360434e-01 1.117430e-01
    outer loop
      vertex   -4.037822e+01 6.838160e+01 3.300795e+01
      vertex   -3.985290e+01 6.931759e+01 3.245164e+01
      vertex   -4.043303e+01 6.841200e+01 3.245164e+01
    endloop
  endfacet
  facet normal -8.977522e-01 4.260921e-01 1.117430e-01
    outer loop
      vertex   -4.037822e+01 6.838160e+01 3.300795e+01
      vertex   -4.043303e+01 6.841200e+01 3.245164e+01
      vertex   -4.083596e+01 6.741717e+01 3.300795e+01
    endloop
  endfacet
  facet normal -8.977522e-01 4.260921e-01 1.117430e-01
    outer loop
      vertex   -4.083596e+01 6.741717e+01 3.300795e+01
      vertex   -4.043303e+01 6.841200e+01 3.245164e+01
      vertex   -4.089417e+01 6.744041e+01 3.245164e+01
    endloop
  endfacet
  facet normal -9.443702e-01 3.093194e-01 1.117430e-01
    outer loop
      vertex   -4.083596e+01 6.741717e+01 3.300795e+01
      vertex   -4.089417e+01 6.744041e+01 3.245164e+01
      vertex   -4.116826e+01 6.640266e+01 3.300795e+01
    endloop
  endfacet
  facet normal -9.443702e-01 3.093194e-01 1.117430e-01
    outer loop
      vertex   -4.116826e+01 6.640266e+01 3.300795e+01
      vertex   -4.089417e+01 6.744041e+01 3.245164e+01
      vertex   -4.122894e+01 6.641836e+01 3.245164e+01
    endloop
  endfacet
  facet normal -9.758697e-01 1.875949e-01 1.117430e-01
    outer loop
      vertex   -4.116826e+01 6.640266e+01 3.300795e+01
      vertex   -4.122894e+01 6.641836e+01 3.245164e+01
      vertex   -4.136978e+01 6.535431e+01 3.300795e+01
    endloop
  endfacet
  facet normal -9.758697e-01 1.875949e-01 1.117430e-01
    outer loop
      vertex   -4.136978e+01 6.535431e+01 3.300795e+01
      vertex   -4.122894e+01 6.641836e+01 3.245164e+01
      vertex   -4.143196e+01 6.536222e+01 3.245164e+01
    endloop
  endfacet
  facet normal -9.917466e-01 6.286710e-02 1.117430e-01
    outer loop
      vertex   -4.136978e+01 6.535431e+01 3.300795e+01
      vertex   -4.143196e+01 6.536222e+01 3.245164e+01
      vertex   -4.143732e+01 6.428890e+01 3.300795e+01
    endloop
  endfacet
  facet normal -9.917466e-01 6.286710e-02 1.117430e-01
    outer loop
      vertex   -4.143732e+01 6.428890e+01 3.300795e+01
      vertex   -4.143196e+01 6.536222e+01 3.245164e+01
      vertex   -4.150000e+01 6.428890e+01 3.245164e+01
    endloop
  endfacet
  facet normal -9.421983e-01 5.972622e-02 3.296894e-01
    outer loop
      vertex   -4.143732e+01 6.428890e+01 3.300795e+01
      vertex   -4.125242e+01 6.428890e+01 3.353635e+01
      vertex   -4.136978e+01 6.535431e+01 3.300795e+01
    endloop
  endfacet
  facet normal -9.421983e-01 5.972622e-02 3.296894e-01
    outer loop
      vertex   -4.136978e+01 6.535431e+01 3.300795e+01
      vertex   -4.125242e+01 6.428890e+01 3.353635e+01
      vertex   -4.118637e+01 6.533096e+01 3.353635e+01
    endloop
  endfacet
  facet normal -9.271147e-01 1.782225e-01 3.296894e-01
    outer loop
      vertex   -4.136978e+01 6.535431e+01 3.300795e+01
      vertex   -4.118637e+01 6.533096e+01 3.353635e+01
      vertex   -4.116826e+01 6.640266e+01 3.300795e+01
    endloop
  endfacet
  facet normal -9.271147e-01 1.782225e-01 3.296894e-01
    outer loop
      vertex   -4.116826e+01 6.640266e+01 3.300795e+01
      vertex   -4.118637e+01 6.533096e+01 3.353635e+01
      vertex   -4.098925e+01 6.635633e+01 3.353635e+01
    endloop
  endfacet
  facet normal -8.971889e-01 2.938656e-01 3.296894e-01
    outer loop
      vertex   -4.116826e+01 6.640266e+01 3.300795e+01
      vertex   -4.098925e+01 6.635633e+01 3.353635e+01
      vertex   -4.083596e+01 6.741717e+01 3.300795e+01
    endloop
  endfacet
  facet normal -8.971889e-01 2.938656e-01 3.296894e-01
    outer loop
      vertex   -4.083596e+01 6.741717e+01 3.300795e+01
      vertex   -4.098925e+01 6.635633e+01 3.353635e+01
      vertex   -4.066424e+01 6.734861e+01 3.353635e+01
    endloop
  endfacet
  facet normal -8.529000e-01 4.048043e-01 3.296894e-01
    outer loop
      vertex   -4.083596e+01 6.741717e+01 3.300795e+01
      vertex   -4.066424e+01 6.734861e+01 3.353635e+01
      vertex   -4.037822e+01 6.838160e+01 3.300795e+01
    endloop
  endfacet
  facet normal -8.529000e-01 4.048043e-01 3.296894e-01
    outer loop
      vertex   -4.037822e+01 6.838160e+01 3.300795e+01
      vertex   -4.066424e+01 6.734861e+01 3.353635e+01
      vertex   -4.021653e+01 6.829191e+01 3.353635e+01
    endloop
  endfacet
  facet normal -7.949570e-01 5.092624e-01 3.296894e-01
    outer loop
      vertex   -4.037822e+01 6.838160e+01 3.300795e+01
      vertex   -4.021653e+01 6.829191e+01 3.353635e+01
      vertex   -3.980237e+01 6.928051e+01 3.300795e+01
    endloop
  endfacet
  facet normal -7.949570e-01 5.092624e-01 3.296894e-01
    outer loop
      vertex   -3.980237e+01 6.928051e+01 3.300795e+01
      vertex   -4.021653e+01 6.829191e+01 3.353635e+01
      vertex   -3.965330e+01 6.917112e+01 3.353635e+01
    endloop
  endfacet
  facet normal -7.242876e-01 6.055677e-01 3.296894e-01
    outer loop
      vertex   -3.980237e+01 6.928051e+01 3.300795e+01
      vertex   -3.965330e+01 6.917112e+01 3.353635e+01
      vertex   -3.911761e+01 7.009951e+01 3.300795e+01
    endloop
  endfacet
  facet normal -7.242876e-01 6.055677e-01 3.296894e-01
    outer loop
      vertex   -3.911761e+01 7.009951e+01 3.300795e+01
      vertex   -3.965330e+01 6.917112e+01 3.353635e+01
      vertex   -3.898355e+01 6.997218e+01 3.353635e+01
    endloop
  endfacet
  facet normal -6.420231e-01 6.921786e-01 3.296894e-01
    outer loop
      vertex   -3.911761e+01 7.009951e+01 3.300795e+01
      vertex   -3.898355e+01 6.997218e+01 3.353635e+01
      vertex   -3.833492e+01 7.082549e+01 3.300795e+01
    endloop
  endfacet
  facet normal -6.420231e-01 6.921786e-01 3.296894e-01
    outer loop
      vertex   -3.833492e+01 7.082549e+01 3.300795e+01
      vertex   -3.898355e+01 6.997218e+01 3.353635e+01
      vertex   -3.821801e+01 7.068225e+01 3.353635e+01
    endloop
  endfacet
  facet normal -8.455072e-01 5.359694e-02 5.312674e-01
    outer loop
      vertex   -4.125242e+01 6.428890e+01 3.353635e+01
      vertex   -4.095458e+01 6.428890e+01 3.401037e+01
      vertex   -4.118637e+01 6.533096e+01 3.353635e+01
    endloop
  endfacet
  facet normal -8.455072e-01 5.359694e-02 5.312674e-01
    outer loop
      vertex   -4.118637e+01 6.533096e+01 3.353635e+01
      vertex   -4.095458e+01 6.428890e+01 3.401037e+01
      vertex   -4.089091e+01 6.529335e+01 3.401037e+01
    endloop
  endfacet
  facet normal -8.319715e-01 1.599328e-01 5.312674e-01
    outer loop
      vertex   -4.118637e+01 6.533096e+01 3.353635e+01
      vertex   -4.089091e+01 6.529335e+01 3.401037e+01
      vertex   -4.098925e+01 6.635633e+01 3.353635e+01
    endloop
  endfacet
  facet normal -8.319715e-01 1.599328e-01 5.312674e-01
    outer loop
      vertex   -4.098925e+01 6.635633e+01 3.353635e+01
      vertex   -4.089091e+01 6.529335e+01 3.401037e+01
      vertex   -4.070091e+01 6.628172e+01 3.401037e+01
    endloop
  endfacet
  facet normal -8.051167e-01 2.637083e-01 5.312674e-01
    outer loop
      vertex   -4.098925e+01 6.635633e+01 3.353635e+01
      vertex   -4.070091e+01 6.628172e+01 3.401037e+01
      vertex   -4.066424e+01 6.734861e+01 3.353635e+01
    endloop
  endfacet
  facet normal -8.051167e-01 2.637083e-01 5.312674e-01
    outer loop
      vertex   -4.066424e+01 6.734861e+01 3.353635e+01
      vertex   -4.070091e+01 6.628172e+01 3.401037e+01
      vertex   -4.038763e+01 6.723818e+01 3.401037e+01
    endloop
  endfacet
  facet normal -7.653729e-01 3.632621e-01 5.312674e-01
    outer loop
      vertex   -4.066424e+01 6.734861e+01 3.353635e+01
      vertex   -4.038763e+01 6.723818e+01 3.401037e+01
      vertex   -4.021653e+01 6.829191e+01 3.353635e+01
    endloop
  endfacet
  facet normal -7.653729e-01 3.632621e-01 5.312674e-01
    outer loop
      vertex   -4.021653e+01 6.829191e+01 3.353635e+01
      vertex   -4.038763e+01 6.723818e+01 3.401037e+01
      vertex   -3.995608e+01 6.814744e+01 3.401037e+01
    endloop
  endfacet
  facet normal -7.133762e-01 4.570004e-01 5.312674e-01
    outer loop
      vertex   -4.021653e+01 6.829191e+01 3.353635e+01
      vertex   -3.995608e+01 6.814744e+01 3.401037e+01
      vertex   -3.965330e+01 6.917112e+01 3.353635e+01
    endloop
  endfacet
  facet normal -7.133762e-01 4.570004e-01 5.312674e-01
    outer loop
      vertex   -3.965330e+01 6.917112e+01 3.353635e+01
      vertex   -3.995608e+01 6.814744e+01 3.401037e+01
      vertex   -3.941317e+01 6.899492e+01 3.401037e+01
    endloop
  endfacet
  facet normal -6.499591e-01 5.434226e-01 5.312674e-01
    outer loop
      vertex   -3.965330e+01 6.917112e+01 3.353635e+01
      vertex   -3.941317e+01 6.899492e+01 3.401037e+01
      vertex   -3.898355e+01 6.997218e+01 3.353635e+01
    endloop
  endfacet
  facet normal -6.499591e-01 5.434226e-01 5.312674e-01
    outer loop
      vertex   -3.898355e+01 6.997218e+01 3.353635e+01
      vertex   -3.941317e+01 6.899492e+01 3.401037e+01
      vertex   -3.876759e+01 6.976706e+01 3.401037e+01
    endloop
  endfacet
  facet normal -5.761368e-01 6.211452e-01 5.312674e-01
    outer loop
      vertex   -3.898355e+01 6.997218e+01 3.353635e+01
      vertex   -3.876759e+01 6.976706e+01 3.401037e+01
      vertex   -3.821801e+01 7.068225e+01 3.353635e+01
    endloop
  endfacet
  facet normal -5.761368e-01 6.211452e-01 5.312674e-01
    outer loop
      vertex   -3.821801e+01 7.068225e+01 3.353635e+01
      vertex   -3.876759e+01 6.976706e+01 3.401037e+01
      vertex   -3.802968e+01 7.045150e+01 3.401037e+01
    endloop
  endfacet
  facet normal -7.063975e-01 4.477874e-02 7.063975e-01
    outer loop
      vertex   -4.095458e+01 6.428890e+01 3.401037e+01
      vertex   -4.055873e+01 6.428890e+01 3.440622e+01
      vertex   -4.089091e+01 6.529335e+01 3.401037e+01
    endloop
  endfacet
  facet normal -7.063975e-01 4.477874e-02 7.063975e-01
    outer loop
      vertex   -4.089091e+01 6.529335e+01 3.401037e+01
      vertex   -4.055873e+01 6.428890e+01 3.440622e+01
      vertex   -4.049822e+01 6.524336e+01 3.440622e+01
    endloop
  endfacet
  facet normal -6.950888e-01 1.336194e-01 7.063975e-01
    outer loop
      vertex   -4.089091e+01 6.529335e+01 3.401037e+01
      vertex   -4.049822e+01 6.524336e+01 3.440622e+01
      vertex   -4.070091e+01 6.628172e+01 3.401037e+01
    endloop
  endfacet
  facet normal -6.950888e-01 1.336194e-01 7.063975e-01
    outer loop
      vertex   -4.070091e+01 6.628172e+01 3.401037e+01
      vertex   -4.049822e+01 6.524336e+01 3.440622e+01
      vertex   -4.031768e+01 6.618255e+01 3.440622e+01
    endloop
  endfacet
  facet normal -6.726524e-01 2.203209e-01 7.063975e-01
    outer loop
      vertex   -4.070091e+01 6.628172e+01 3.401037e+01
      vertex   -4.031768e+01 6.618255e+01 3.440622e+01
      vertex   -4.038763e+01 6.723818e+01 3.401037e+01
    endloop
  endfacet
  facet normal -6.726524e-01 2.203209e-01 7.063975e-01
    outer loop
      vertex   -4.038763e+01 6.723818e+01 3.401037e+01
      vertex   -4.031768e+01 6.618255e+01 3.440622e+01
      vertex   -4.001999e+01 6.709142e+01 3.440622e+01
    endloop
  endfacet
  facet normal -6.394476e-01 3.034953e-01 7.063975e-01
    outer loop
      vertex   -4.038763e+01 6.723818e+01 3.401037e+01
      vertex   -4.001999e+01 6.709142e+01 3.440622e+01
      vertex   -3.995608e+01 6.814744e+01 3.401037e+01
    endloop
  endfacet
  facet normal -6.394476e-01 3.034953e-01 7.063975e-01
    outer loop
      vertex   -3.995608e+01 6.814744e+01 3.401037e+01
      vertex   -4.001999e+01 6.709142e+01 3.440622e+01
      vertex   -3.960991e+01 6.795542e+01 3.440622e+01
    endloop
  endfacet
  facet normal -5.960058e-01 3.818110e-01 7.063975e-01
    outer loop
      vertex   -3.995608e+01 6.814744e+01 3.401037e+01
      vertex   -3.960991e+01 6.795542e+01 3.440622e+01
      vertex   -3.941317e+01 6.899492e+01 3.401037e+01
    endloop
  endfacet
  facet normal -5.960058e-01 3.818110e-01 7.063975e-01
    outer loop
      vertex   -3.941317e+01 6.899492e+01 3.401037e+01
      vertex   -3.960991e+01 6.795542e+01 3.440622e+01
      vertex   -3.909402e+01 6.876072e+01 3.440622e+01
    endloop
  endfacet
  facet normal -5.430226e-01 4.540143e-01 7.063975e-01
    outer loop
      vertex   -3.941317e+01 6.899492e+01 3.401037e+01
      vertex   -3.909402e+01 6.876072e+01 3.440622e+01
      vertex   -3.876759e+01 6.976706e+01 3.401037e+01
    endloop
  endfacet
  facet normal -5.430226e-01 4.540143e-01 7.063975e-01
    outer loop
      vertex   -3.876759e+01 6.976706e+01 3.401037e+01
      vertex   -3.909402e+01 6.876072e+01 3.440622e+01
      vertex   -3.848057e+01 6.949444e+01 3.440622e+01
    endloop
  endfacet
  facet normal -4.813462e-01 5.189494e-01 7.063975e-01
    outer loop
      vertex   -3.876759e+01 6.976706e+01 3.401037e+01
      vertex   -3.848057e+01 6.949444e+01 3.440622e+01
      vertex   -3.802968e+01 7.045150e+01 3.401037e+01
    endloop
  endfacet
  facet normal -4.813462e-01 5.189494e-01 7.063975e-01
    outer loop
      vertex   -3.802968e+01 7.045150e+01 3.401037e+01
      vertex   -3.848057e+01 6.949444e+01 3.440622e+01
      vertex   -3.777938e+01 7.014482e+01 3.440622e+01
    endloop
  endfacet
  facet normal -5.317298e-01 3.370650e-02 8.462431e-01
    outer loop
      vertex   -4.055873e+01 6.428890e+01 3.440622e+01
      vertex   -4.008471e+01 6.428890e+01 3.470407e+01
      vertex   -4.049822e+01 6.524336e+01 3.440622e+01
    endloop
  endfacet
  facet normal -5.317298e-01 3.370650e-02 8.462431e-01
    outer loop
      vertex   -4.049822e+01 6.524336e+01 3.440622e+01
      vertex   -4.008471e+01 6.428890e+01 3.470407e+01
      vertex   -4.002800e+01 6.518351e+01 3.470407e+01
    endloop
  endfacet
  facet normal -5.232173e-01 1.005799e-01 8.462431e-01
    outer loop
      vertex   -4.049822e+01 6.524336e+01 3.440622e+01
      vertex   -4.002800e+01 6.518351e+01 3.470407e+01
      vertex   -4.031768e+01 6.618255e+01 3.440622e+01
    endloop
  endfacet
  facet normal -5.232173e-01 1.005799e-01 8.462431e-01
    outer loop
      vertex   -4.031768e+01 6.618255e+01 3.440622e+01
      vertex   -4.002800e+01 6.518351e+01 3.470407e+01
      vertex   -3.985878e+01 6.606379e+01 3.470407e+01
    endloop
  endfacet
  facet normal -5.063287e-01 1.658431e-01 8.462431e-01
    outer loop
      vertex   -4.031768e+01 6.618255e+01 3.440622e+01
      vertex   -3.985878e+01 6.606379e+01 3.470407e+01
      vertex   -4.001999e+01 6.709142e+01 3.440622e+01
    endloop
  endfacet
  facet normal -5.063287e-01 1.658431e-01 8.462431e-01
    outer loop
      vertex   -4.001999e+01 6.709142e+01 3.440622e+01
      vertex   -3.985878e+01 6.606379e+01 3.470407e+01
      vertex   -3.957976e+01 6.691567e+01 3.470407e+01
    endloop
  endfacet
  facet normal -4.813342e-01 2.284513e-01 8.462431e-01
    outer loop
      vertex   -4.001999e+01 6.709142e+01 3.440622e+01
      vertex   -3.957976e+01 6.691567e+01 3.470407e+01
      vertex   -3.960991e+01 6.795542e+01 3.440622e+01
    endloop
  endfacet
  facet normal -4.813342e-01 2.284513e-01 8.462431e-01
    outer loop
      vertex   -3.960991e+01 6.795542e+01 3.440622e+01
      vertex   -3.957976e+01 6.691567e+01 3.470407e+01
      vertex   -3.919540e+01 6.772549e+01 3.470407e+01
    endloop
  endfacet
  facet normal -4.486341e-01 2.874023e-01 8.462431e-01
    outer loop
      vertex   -3.960991e+01 6.795542e+01 3.440622e+01
      vertex   -3.919540e+01 6.772549e+01 3.470407e+01
      vertex   -3.909402e+01 6.876072e+01 3.440622e+01
    endloop
  endfacet
  facet normal -4.486341e-01 2.874023e-01 8.462431e-01
    outer loop
      vertex   -3.909402e+01 6.876072e+01 3.440622e+01
      vertex   -3.919540e+01 6.772549e+01 3.470407e+01
      vertex   -3.871186e+01 6.848029e+01 3.470407e+01
    endloop
  endfacet
  facet normal -4.087518e-01 3.417522e-01 8.462431e-01
    outer loop
      vertex   -3.909402e+01 6.876072e+01 3.440622e+01
      vertex   -3.871186e+01 6.848029e+01 3.470407e+01
      vertex   -3.848057e+01 6.949444e+01 3.440622e+01
    endloop
  endfacet
  facet normal -4.087518e-01 3.417522e-01 8.462431e-01
    outer loop
      vertex   -3.848057e+01 6.949444e+01 3.440622e+01
      vertex   -3.871186e+01 6.848029e+01 3.470407e+01
      vertex   -3.813688e+01 6.916800e+01 3.470407e+01
    endloop
  endfacet
  facet normal -3.623259e-01 3.906311e-01 8.462431e-01
    outer loop
      vertex   -3.848057e+01 6.949444e+01 3.440622e+01
      vertex   -3.813688e+01 6.916800e+01 3.470407e+01
      vertex   -3.777938e+01 7.014482e+01 3.440622e+01
    endloop
  endfacet
  facet normal -3.623259e-01 3.906311e-01 8.462431e-01
    outer loop
      vertex   -3.777938e+01 7.014482e+01 3.440622e+01
      vertex   -3.813688e+01 6.916800e+01 3.470407e+01
      vertex   -3.747966e+01 6.977759e+01 3.470407e+01
    endloop
  endfacet
  facet normal -3.302067e-01 2.093190e-02 9.436765e-01
    outer loop
      vertex   -4.008471e+01 6.428890e+01 3.470407e+01
      vertex   -3.955630e+01 6.428890e+01 3.488896e+01
      vertex   -4.002800e+01 6.518351e+01 3.470407e+01
    endloop
  endfacet
  facet normal -3.302067e-01 2.093190e-02 9.436765e-01
    outer loop
      vertex   -4.002800e+01 6.518351e+01 3.470407e+01
      vertex   -3.955630e+01 6.428890e+01 3.488896e+01
      vertex   -3.950382e+01 6.511678e+01 3.488896e+01
    endloop
  endfacet
  facet normal -3.249204e-01 6.246059e-02 9.436765e-01
    outer loop
      vertex   -4.002800e+01 6.518351e+01 3.470407e+01
      vertex   -3.950382e+01 6.511678e+01 3.488896e+01
      vertex   -3.985878e+01 6.606379e+01 3.470407e+01
    endloop
  endfacet
  facet normal -3.249204e-01 6.246059e-02 9.436765e-01
    outer loop
      vertex   -3.985878e+01 6.606379e+01 3.470407e+01
      vertex   -3.950382e+01 6.511678e+01 3.488896e+01
      vertex   -3.934722e+01 6.593141e+01 3.488896e+01
    endloop
  endfacet
  facet normal -3.144325e-01 1.029894e-01 9.436765e-01
    outer loop
      vertex   -3.985878e+01 6.606379e+01 3.470407e+01
      vertex   -3.934722e+01 6.593141e+01 3.488896e+01
      vertex   -3.957976e+01 6.691567e+01 3.470407e+01
    endloop
  endfacet
  facet normal -3.144325e-01 1.029894e-01 9.436765e-01
    outer loop
      vertex   -3.957976e+01 6.691567e+01 3.470407e+01
      vertex   -3.934722e+01 6.593141e+01 3.488896e+01
      vertex   -3.908901e+01 6.671975e+01 3.488896e+01
    endloop
  endfacet
  facet normal -2.989108e-01 1.418694e-01 9.436765e-01
    outer loop
      vertex   -3.957976e+01 6.691567e+01 3.470407e+01
      vertex   -3.908901e+01 6.671975e+01 3.488896e+01
      vertex   -3.919540e+01 6.772549e+01 3.470407e+01
    endloop
  endfacet
  facet normal -2.989108e-01 1.418694e-01 9.436765e-01
    outer loop
      vertex   -3.919540e+01 6.772549e+01 3.470407e+01
      vertex   -3.908901e+01 6.671975e+01 3.488896e+01
      vertex   -3.873332e+01 6.746917e+01 3.488896e+01
    endloop
  endfacet
  facet normal -2.786039e-01 1.784782e-01 9.436765e-01
    outer loop
      vertex   -3.919540e+01 6.772549e+01 3.470407e+01
      vertex   -3.873332e+01 6.746917e+01 3.488896e+01
      vertex   -3.871186e+01 6.848029e+01 3.470407e+01
    endloop
  endfacet
  facet normal -2.786039e-01 1.784782e-01 9.436765e-01
    outer loop
      vertex   -3.871186e+01 6.848029e+01 3.470407e+01
      vertex   -3.873332e+01 6.746917e+01 3.488896e+01
      vertex   -3.828585e+01 6.816768e+01 3.488896e+01
    endloop
  endfacet
  facet normal -2.538368e-01 2.122298e-01 9.436765e-01
    outer loop
      vertex   -3.871186e+01 6.848029e+01 3.470407e+01
      vertex   -3.828585e+01 6.816768e+01 3.488896e+01
      vertex   -3.813688e+01 6.916800e+01 3.470407e+01
    endloop
  endfacet
  facet normal -2.538368e-01 2.122298e-01 9.436765e-01
    outer loop
      vertex   -3.813688e+01 6.916800e+01 3.470407e+01
      vertex   -3.828585e+01 6.816768e+01 3.488896e+01
      vertex   -3.775375e+01 6.880409e+01 3.488896e+01
    endloop
  endfacet
  facet normal -2.250061e-01 2.425838e-01 9.436765e-01
    outer loop
      vertex   -3.813688e+01 6.916800e+01 3.470407e+01
      vertex   -3.775375e+01 6.880409e+01 3.488896e+01
      vertex   -3.747966e+01 6.977759e+01 3.470407e+01
    endloop
  endfacet
  facet normal -2.250061e-01 2.425838e-01 9.436765e-01
    outer loop
      vertex   -3.747966e+01 6.977759e+01 3.470407e+01
      vertex   -3.775375e+01 6.880409e+01 3.488896e+01
      vertex   -3.714555e+01 6.936822e+01 3.488896e+01
    endloop
  endfacet
  facet normal -1.119617e-01 7.097281e-03 9.936872e-01
    outer loop
      vertex   -3.955630e+01 6.428890e+01 3.488896e+01
      vertex   -3.900000e+01 6.428890e+01 3.495164e+01
      vertex   -3.950382e+01 6.511678e+01 3.488896e+01
    endloop
  endfacet
  facet normal -1.100200e-01 8.294603e-03 9.938948e-01
    outer loop
      vertex   -3.950382e+01 6.511678e+01 3.488896e+01
      vertex   -3.900000e+01 6.428890e+01 3.495164e+01
      vertex   -3.893218e+01 6.518849e+01 3.495164e+01
    endloop
  endfacet
  facet normal -1.116300e-01 2.145902e-02 9.935181e-01
    outer loop
      vertex   -3.950382e+01 6.511678e+01 3.488896e+01
      vertex   -3.893218e+01 6.518849e+01 3.495164e+01
      vertex   -3.934722e+01 6.593141e+01 3.488896e+01
    endloop
  endfacet
  facet normal -1.063841e-01 2.443247e-02 9.940249e-01
    outer loop
      vertex   -3.934722e+01 6.593141e+01 3.488896e+01
      vertex   -3.893218e+01 6.518849e+01 3.495164e+01
      vertex   -3.873025e+01 6.606774e+01 3.495164e+01
    endloop
  endfacet
  facet normal -1.087985e-01 3.563591e-02 9.934249e-01
    outer loop
      vertex   -3.934722e+01 6.593141e+01 3.488896e+01
      vertex   -3.873025e+01 6.606774e+01 3.495164e+01
      vertex   -3.908901e+01 6.671975e+01 3.488896e+01
    endloop
  endfacet
  facet normal -1.010927e-01 3.993845e-02 9.940750e-01
    outer loop
      vertex   -3.908901e+01 6.671975e+01 3.488896e+01
      vertex   -3.873025e+01 6.606774e+01 3.495164e+01
      vertex   -3.839877e+01 6.690677e+01 3.495164e+01
    endloop
  endfacet
  facet normal -1.035243e-01 4.913483e-02 9.934125e-01
    outer loop
      vertex   -3.908901e+01 6.671975e+01 3.488896e+01
      vertex   -3.839877e+01 6.690677e+01 3.495164e+01
      vertex   -3.873332e+01 6.746917e+01 3.488896e+01
    endloop
  endfacet
  facet normal -9.417446e-02 5.476753e-02 9.940481e-01
    outer loop
      vertex   -3.873332e+01 6.746917e+01 3.488896e+01
      vertex   -3.839877e+01 6.690677e+01 3.495164e+01
      vertex   -3.794524e+01 6.768663e+01 3.495164e+01
    endloop
  endfacet
  facet normal -9.598407e-02 6.148895e-02 9.934818e-01
    outer loop
      vertex   -3.873332e+01 6.746917e+01 3.488896e+01
      vertex   -3.794524e+01 6.768663e+01 3.495164e+01
      vertex   -3.828585e+01 6.816768e+01 3.488896e+01
    endloop
  endfacet
  facet normal -8.564566e-02 6.886890e-02 9.939426e-01
    outer loop
      vertex   -3.828585e+01 6.816768e+01 3.488896e+01
      vertex   -3.794524e+01 6.768663e+01 3.495164e+01
      vertex   -3.737992e+01 6.838967e+01 3.495164e+01
    endloop
  endfacet
  facet normal -8.646226e-02 7.229000e-02 9.936289e-01
    outer loop
      vertex   -3.828585e+01 6.816768e+01 3.488896e+01
      vertex   -3.737992e+01 6.838967e+01 3.495164e+01
      vertex   -3.775375e+01 6.880409e+01 3.488896e+01
    endloop
  endfacet
  facet normal -7.590341e-02 8.183305e-02 9.937515e-01
    outer loop
      vertex   -3.775375e+01 6.880409e+01 3.488896e+01
      vertex   -3.737992e+01 6.838967e+01 3.495164e+01
      vertex   -3.714555e+01 6.936822e+01 3.488896e+01
    endloop
  endfacet
  facet normal 4.547316e-02 9.867923e-02 9.940798e-01
    outer loop
      vertex   2.991725e+01 6.861902e+01 3.495164e+01
      vertex   2.970783e+01 6.934695e+01 3.488896e+01
      vertex   2.909050e+01 6.900000e+01 3.495164e+01
    endloop
  endfacet
  facet normal 5.036034e-02 9.008833e-02 9.946597e-01
    outer loop
      vertex   2.909050e+01 6.900000e+01 3.495164e+01
      vertex   2.970783e+01 6.934695e+01 3.488896e+01
      vertex   2.917729e+01 6.949259e+01 3.490264e+01
    endloop
  endfacet
  facet normal 9.835686e-01 -1.768844e-01 -3.611980e-02
    outer loop
      vertex   2.909050e+01 6.900000e+01 3.495164e+01
      vertex   2.917729e+01 6.949259e+01 3.490264e+01
      vertex   2.909214e+01 6.900914e+01 3.495163e+01
    endloop
  endfacet
  facet normal 5.380084e-02 1.010190e-01 9.934287e-01
    outer loop
      vertex   2.970783e+01 6.934695e+01 3.488896e+01
      vertex   2.991725e+01 6.861902e+01 3.495164e+01
      vertex   3.044356e+01 6.895512e+01 3.488896e+01
    endloop
  endfacet
  facet normal 6.018591e-02 9.113030e-02 9.940186e-01
    outer loop
      vertex   3.044356e+01 6.895512e+01 3.488896e+01
      vertex   2.991725e+01 6.861902e+01 3.495164e+01
      vertex   3.067685e+01 6.811735e+01 3.495164e+01
    endloop
  endfacet
  facet normal 6.564344e-02 9.261391e-02 9.935359e-01
    outer loop
      vertex   3.044356e+01 6.895512e+01 3.488896e+01
      vertex   3.067685e+01 6.811735e+01 3.495164e+01
      vertex   3.112364e+01 6.847309e+01 3.488896e+01
    endloop
  endfacet
  facet normal 7.417169e-02 8.196233e-02 9.938716e-01
    outer loop
      vertex   3.112364e+01 6.847309e+01 3.488896e+01
      vertex   3.067685e+01 6.811735e+01 3.495164e+01
      vertex   3.135182e+01 6.750654e+01 3.495164e+01
    endloop
  endfacet
  facet normal 7.574968e-02 8.232520e-02 9.937226e-01
    outer loop
      vertex   3.112364e+01 6.847309e+01 3.488896e+01
      vertex   3.135182e+01 6.750654e+01 3.495164e+01
      vertex   3.173705e+01 6.790867e+01 3.488896e+01
    endloop
  endfacet
  facet normal 8.605312e-02 7.244408e-02 9.936532e-01
    outer loop
      vertex   3.173705e+01 6.790867e+01 3.488896e+01
      vertex   3.135182e+01 6.750654e+01 3.495164e+01
      vertex   3.227389e+01 6.727099e+01 3.488896e+01
    endloop
  endfacet
  facet normal 2.531216e-01 2.130912e-01 9.436745e-01
    outer loop
      vertex   3.173705e+01 6.790867e+01 3.488896e+01
      vertex   3.227389e+01 6.727099e+01 3.488896e+01
      vertex   3.269894e+01 6.758491e+01 3.470407e+01
    endloop
  endfacet
  facet normal 2.781136e-01 1.792520e-01 9.436745e-01
    outer loop
      vertex   3.269894e+01 6.758491e+01 3.470407e+01
      vertex   3.227389e+01 6.727099e+01 3.488896e+01
      vertex   3.318692e+01 6.682779e+01 3.470407e+01
    endloop
  endfacet
  facet normal 4.478430e-01 2.886473e-01 8.462384e-01
    outer loop
      vertex   3.269894e+01 6.758491e+01 3.470407e+01
      vertex   3.318692e+01 6.682779e+01 3.470407e+01
      vertex   3.360087e+01 6.705874e+01 3.440622e+01
    endloop
  endfacet
  facet normal 4.808479e-01 2.294905e-01 8.462384e-01
    outer loop
      vertex   3.360087e+01 6.705874e+01 3.440622e+01
      vertex   3.318692e+01 6.682779e+01 3.470407e+01
      vertex   3.401480e+01 6.619143e+01 3.440622e+01
    endloop
  endfacet
  facet normal 6.387988e-01 3.048745e-01 7.063906e-01
    outer loop
      vertex   3.360087e+01 6.705874e+01 3.440622e+01
      vertex   3.401480e+01 6.619143e+01 3.440622e+01
      vertex   3.438217e+01 6.633888e+01 3.401037e+01
    endloop
  endfacet
  facet normal 6.723193e-01 2.213574e-01 7.063906e-01
    outer loop
      vertex   3.438217e+01 6.633888e+01 3.401037e+01
      vertex   3.401480e+01 6.619143e+01 3.440622e+01
      vertex   3.469845e+01 6.537826e+01 3.401037e+01
    endloop
  endfacet
  facet normal 8.047146e-01 2.649478e-01 5.312599e-01
    outer loop
      vertex   3.438217e+01 6.633888e+01 3.401037e+01
      vertex   3.469845e+01 6.537826e+01 3.401037e+01
      vertex   3.498670e+01 6.545323e+01 3.353635e+01
    endloop
  endfacet
  facet normal 8.318281e-01 1.607014e-01 5.312599e-01
    outer loop
      vertex   3.498670e+01 6.545323e+01 3.353635e+01
      vertex   3.469845e+01 6.537826e+01 3.401037e+01
      vertex   3.518572e+01 6.442306e+01 3.353635e+01
    endloop
  endfacet
  facet normal 9.269518e-01 1.790784e-01 3.296837e-01
    outer loop
      vertex   3.498670e+01 6.545323e+01 3.353635e+01
      vertex   3.518572e+01 6.442306e+01 3.353635e+01
      vertex   3.536913e+01 6.444652e+01 3.300795e+01
    endloop
  endfacet
  facet normal 9.421819e-01 6.001619e-02 3.296837e-01
    outer loop
      vertex   3.536913e+01 6.444652e+01 3.300795e+01
      vertex   3.518572e+01 6.442306e+01 3.353635e+01
      vertex   3.543732e+01 6.337596e+01 3.300795e+01
    endloop
  endfacet
  facet normal 9.907531e-01 6.311013e-02 1.201056e-01
    outer loop
      vertex   3.536913e+01 6.444652e+01 3.300795e+01
      vertex   3.543732e+01 6.337596e+01 3.300795e+01
      vertex   3.544116e+01 6.437436e+01 3.245164e+01
    endloop
  endfacet
  facet normal 9.920126e-01 5.846236e-02 1.117730e-01
    outer loop
      vertex   3.544116e+01 6.437436e+01 3.245164e+01
      vertex   3.543732e+01 6.337596e+01 3.300795e+01
      vertex   3.550000e+01 6.337596e+01 3.245164e+01
    endloop
  endfacet
  facet normal 8.531157e-02 6.946776e-02 9.939297e-01
    outer loop
      vertex   3.135182e+01 6.750654e+01 3.495164e+01
      vertex   3.192661e+01 6.680065e+01 3.495164e+01
      vertex   3.227389e+01 6.727099e+01 3.488896e+01
    endloop
  endfacet
  facet normal 9.574170e-02 6.170821e-02 9.934916e-01
    outer loop
      vertex   3.227389e+01 6.727099e+01 3.488896e+01
      vertex   3.192661e+01 6.680065e+01 3.495164e+01
      vertex   3.272548e+01 6.657034e+01 3.488896e+01
    endloop
  endfacet
  facet normal 2.781136e-01 1.792520e-01 9.436745e-01
    outer loop
      vertex   3.227389e+01 6.727099e+01 3.488896e+01
      vertex   3.272548e+01 6.657034e+01 3.488896e+01
      vertex   3.318692e+01 6.682779e+01 3.470407e+01
    endloop
  endfacet
  facet normal 2.986098e-01 1.425152e-01 9.436745e-01
    outer loop
      vertex   3.318692e+01 6.682779e+01 3.470407e+01
      vertex   3.272548e+01 6.657034e+01 3.488896e+01
      vertex   3.357490e+01 6.601487e+01 3.470407e+01
    endloop
  endfacet
  facet normal 4.808479e-01 2.294905e-01 8.462384e-01
    outer loop
      vertex   3.318692e+01 6.682779e+01 3.470407e+01
      vertex   3.357490e+01 6.601487e+01 3.470407e+01
      vertex   3.401480e+01 6.619143e+01 3.440622e+01
    endloop
  endfacet
  facet normal 5.060801e-01 1.666240e-01 8.462384e-01
    outer loop
      vertex   3.401480e+01 6.619143e+01 3.440622e+01
      vertex   3.357490e+01 6.601487e+01 3.470407e+01
      vertex   3.431534e+01 6.527861e+01 3.440622e+01
    endloop
  endfacet
  facet normal 6.723193e-01 2.213574e-01 7.063906e-01
    outer loop
      vertex   3.401480e+01 6.619143e+01 3.440622e+01
      vertex   3.431534e+01 6.527861e+01 3.440622e+01
      vertex   3.469845e+01 6.537826e+01 3.401037e+01
    endloop
  endfacet
  facet normal 6.949720e-01 1.342621e-01 7.063906e-01
    outer loop
      vertex   3.469845e+01 6.537826e+01 3.401037e+01
      vertex   3.431534e+01 6.527861e+01 3.440622e+01
      vertex   3.489029e+01 6.438527e+01 3.401037e+01
    endloop
  endfacet
  facet normal 8.318281e-01 1.607014e-01 5.312599e-01
    outer loop
      vertex   3.469845e+01 6.537826e+01 3.401037e+01
      vertex   3.489029e+01 6.438527e+01 3.401037e+01
      vertex   3.518572e+01 6.442306e+01 3.353635e+01
    endloop
  endfacet
  facet normal 8.454953e-01 5.385733e-02 5.312599e-01
    outer loop
      vertex   3.518572e+01 6.442306e+01 3.353635e+01
      vertex   3.489029e+01 6.438527e+01 3.401037e+01
      vertex   3.525242e+01 6.337596e+01 3.353635e+01
    endloop
  endfacet
  facet normal 9.421819e-01 6.001619e-02 3.296837e-01
    outer loop
      vertex   3.518572e+01 6.442306e+01 3.353635e+01
      vertex   3.525242e+01 6.337596e+01 3.353635e+01
      vertex   3.543732e+01 6.337596e+01 3.300795e+01
    endloop
  endfacet
  facet normal 9.391436e-02 5.521861e-02 9.940478e-01
    outer loop
      vertex   3.192661e+01 6.680065e+01 3.495164e+01
      vertex   3.238800e+01 6.601593e+01 3.495164e+01
      vertex   3.272548e+01 6.657034e+01 3.488896e+01
    endloop
  endfacet
  facet normal 1.034219e-01 4.935935e-02 9.934121e-01
    outer loop
      vertex   3.272548e+01 6.657034e+01 3.488896e+01
      vertex   3.238800e+01 6.601593e+01 3.495164e+01
      vertex   3.308451e+01 6.581805e+01 3.488896e+01
    endloop
  endfacet
  facet normal 2.986098e-01 1.425152e-01 9.436745e-01
    outer loop
      vertex   3.272548e+01 6.657034e+01 3.488896e+01
      vertex   3.308451e+01 6.581805e+01 3.488896e+01
      vertex   3.357490e+01 6.601487e+01 3.470407e+01
    endloop
  endfacet
  facet normal 3.142792e-01 1.034747e-01 9.436745e-01
    outer loop
      vertex   3.357490e+01 6.601487e+01 3.470407e+01
      vertex   3.308451e+01 6.581805e+01 3.488896e+01
      vertex   3.385659e+01 6.515930e+01 3.470407e+01
    endloop
  endfacet
  facet normal 5.060801e-01 1.666240e-01 8.462384e-01
    outer loop
      vertex   3.357490e+01 6.601487e+01 3.470407e+01
      vertex   3.385659e+01 6.515930e+01 3.470407e+01
      vertex   3.431534e+01 6.527861e+01 3.440622e+01
    endloop
  endfacet
  facet normal 5.231316e-01 1.010641e-01 8.462384e-01
    outer loop
      vertex   3.431534e+01 6.527861e+01 3.440622e+01
      vertex   3.385659e+01 6.515930e+01 3.470407e+01
      vertex   3.449763e+01 6.433504e+01 3.440622e+01
    endloop
  endfacet
  facet normal 6.949720e-01 1.342621e-01 7.063906e-01
    outer loop
      vertex   3.431534e+01 6.527861e+01 3.440622e+01
      vertex   3.449763e+01 6.433504e+01 3.440622e+01
      vertex   3.489029e+01 6.438527e+01 3.401037e+01
    endloop
  endfacet
  facet normal 7.063906e-01 4.499648e-02 7.063906e-01
    outer loop
      vertex   3.489029e+01 6.438527e+01 3.401037e+01
      vertex   3.449763e+01 6.433504e+01 3.440622e+01
      vertex   3.495458e+01 6.337596e+01 3.401037e+01
    endloop
  endfacet
  facet normal 8.454953e-01 5.385733e-02 5.312599e-01
    outer loop
      vertex   3.489029e+01 6.438527e+01 3.401037e+01
      vertex   3.495458e+01 6.337596e+01 3.401037e+01
      vertex   3.525242e+01 6.337596e+01 3.353635e+01
    endloop
  endfacet
  facet normal 1.008970e-01 4.025986e-02 9.940820e-01
    outer loop
      vertex   3.238800e+01 6.601593e+01 3.495164e+01
      vertex   3.272537e+01 6.517044e+01 3.495164e+01
      vertex   3.308451e+01 6.581805e+01 3.488896e+01
    endloop
  endfacet
  facet normal 1.087899e-01 3.581848e-02 9.934192e-01
    outer loop
      vertex   3.308451e+01 6.581805e+01 3.488896e+01
      vertex   3.272537e+01 6.517044e+01 3.495164e+01
      vertex   3.334520e+01 6.502629e+01 3.488896e+01
    endloop
  endfacet
  facet normal 3.142792e-01 1.034747e-01 9.436745e-01
    outer loop
      vertex   3.308451e+01 6.581805e+01 3.488896e+01
      vertex   3.334520e+01 6.502629e+01 3.488896e+01
      vertex   3.385659e+01 6.515930e+01 3.470407e+01
    endloop
  endfacet
  facet normal 3.248683e-01 6.276152e-02 9.436745e-01
    outer loop
      vertex   3.385659e+01 6.515930e+01 3.470407e+01
      vertex   3.334520e+01 6.502629e+01 3.488896e+01
      vertex   3.402745e+01 6.427489e+01 3.470407e+01
    endloop
  endfacet
  facet normal 5.231316e-01 1.010641e-01 8.462384e-01
    outer loop
      vertex   3.385659e+01 6.515930e+01 3.470407e+01
      vertex   3.402745e+01 6.427489e+01 3.470407e+01
      vertex   3.449763e+01 6.433504e+01 3.440622e+01
    endloop
  endfacet
  facet normal 5.317268e-01 3.387055e-02 8.462384e-01
    outer loop
      vertex   3.449763e+01 6.433504e+01 3.440622e+01
      vertex   3.402745e+01 6.427489e+01 3.470407e+01
      vertex   3.455872e+01 6.337596e+01 3.440622e+01
    endloop
  endfacet
  facet normal 7.063906e-01 4.499648e-02 7.063906e-01
    outer loop
      vertex   3.449763e+01 6.433504e+01 3.440622e+01
      vertex   3.455872e+01 6.337596e+01 3.440622e+01
      vertex   3.495458e+01 6.337596e+01 3.401037e+01
    endloop
  endfacet
  facet normal 1.062502e-01 2.463095e-02 9.940343e-01
    outer loop
      vertex   3.272537e+01 6.517044e+01 3.495164e+01
      vertex   3.293094e+01 6.428365e+01 3.495164e+01
      vertex   3.334520e+01 6.502629e+01 3.488896e+01
    endloop
  endfacet
  facet normal 1.116568e-01 2.157105e-02 9.935127e-01
    outer loop
      vertex   3.334520e+01 6.502629e+01 3.488896e+01
      vertex   3.293094e+01 6.428365e+01 3.495164e+01
      vertex   3.350331e+01 6.420785e+01 3.488896e+01
    endloop
  endfacet
  facet normal 3.248683e-01 6.276152e-02 9.436745e-01
    outer loop
      vertex   3.334520e+01 6.502629e+01 3.488896e+01
      vertex   3.350331e+01 6.420785e+01 3.488896e+01
      vertex   3.402745e+01 6.427489e+01 3.470407e+01
    endloop
  endfacet
  facet normal 3.302060e-01 2.103384e-02 9.436745e-01
    outer loop
      vertex   3.402745e+01 6.427489e+01 3.470407e+01
      vertex   3.350331e+01 6.420785e+01 3.488896e+01
      vertex   3.408471e+01 6.337596e+01 3.470407e+01
    endloop
  endfacet
  facet normal 5.317268e-01 3.387055e-02 8.462384e-01
    outer loop
      vertex   3.402745e+01 6.427489e+01 3.470407e+01
      vertex   3.408471e+01 6.337596e+01 3.470407e+01
      vertex   3.455872e+01 6.337596e+01 3.440622e+01
    endloop
  endfacet
  facet normal 1.099505e-01 8.364861e-03 9.939019e-01
    outer loop
      vertex   3.293094e+01 6.428365e+01 3.495164e+01
      vertex   3.300000e+01 6.337596e+01 3.495164e+01
      vertex   3.350331e+01 6.420785e+01 3.488896e+01
    endloop
  endfacet
  facet normal 1.119616e-01 7.131861e-03 9.936869e-01
    outer loop
      vertex   3.350331e+01 6.420785e+01 3.488896e+01
      vertex   3.300000e+01 6.337596e+01 3.495164e+01
      vertex   3.355630e+01 6.337596e+01 3.488896e+01
    endloop
  endfacet
  facet normal 3.302060e-01 2.103384e-02 9.436745e-01
    outer loop
      vertex   3.350331e+01 6.420785e+01 3.488896e+01
      vertex   3.355630e+01 6.337596e+01 3.488896e+01
      vertex   3.408471e+01 6.337596e+01 3.470407e+01
    endloop
  endfacet
  facet normal 9.790970e-01 1.747237e-01 1.041182e-01
    outer loop
      vertex   3.544116e+01 6.437436e+01 3.245164e+01
      vertex   3.526546e+01 6.535893e+01 3.245164e+01
      vertex   3.536913e+01 6.444652e+01 3.300795e+01
    endloop
  endfacet
  facet normal 9.738821e-01 1.881449e-01 1.271026e-01
    outer loop
      vertex   3.536913e+01 6.444652e+01 3.300795e+01
      vertex   3.526546e+01 6.535893e+01 3.245164e+01
      vertex   3.516565e+01 6.549977e+01 3.300795e+01
    endloop
  endfacet
  facet normal 9.269518e-01 1.790784e-01 3.296837e-01
    outer loop
      vertex   3.536913e+01 6.444652e+01 3.300795e+01
      vertex   3.516565e+01 6.549977e+01 3.300795e+01
      vertex   3.498670e+01 6.545323e+01 3.353635e+01
    endloop
  endfacet
  facet normal 8.967377e-01 2.952459e-01 3.296837e-01
    outer loop
      vertex   3.498670e+01 6.545323e+01 3.353635e+01
      vertex   3.516565e+01 6.549977e+01 3.300795e+01
      vertex   3.465858e+01 6.644982e+01 3.353635e+01
    endloop
  endfacet
  facet normal 8.047146e-01 2.649478e-01 5.312599e-01
    outer loop
      vertex   3.498670e+01 6.545323e+01 3.353635e+01
      vertex   3.465858e+01 6.644982e+01 3.353635e+01
      vertex   3.438217e+01 6.633888e+01 3.401037e+01
    endloop
  endfacet
  facet normal 7.645931e-01 3.649114e-01 5.312599e-01
    outer loop
      vertex   3.438217e+01 6.633888e+01 3.401037e+01
      vertex   3.465858e+01 6.644982e+01 3.353635e+01
      vertex   3.394656e+01 6.725161e+01 3.401037e+01
    endloop
  endfacet
  facet normal 6.387988e-01 3.048745e-01 7.063906e-01
    outer loop
      vertex   3.438217e+01 6.633888e+01 3.401037e+01
      vertex   3.394656e+01 6.725161e+01 3.401037e+01
      vertex   3.360087e+01 6.705874e+01 3.440622e+01
    endloop
  endfacet
  facet normal 5.949522e-01 3.834634e-01 7.063906e-01
    outer loop
      vertex   3.360087e+01 6.705874e+01 3.440622e+01
      vertex   3.394656e+01 6.725161e+01 3.401037e+01
      vertex   3.308024e+01 6.786651e+01 3.440622e+01
    endloop
  endfacet
  facet normal 4.478430e-01 2.886473e-01 8.462384e-01
    outer loop
      vertex   3.360087e+01 6.705874e+01 3.440622e+01
      vertex   3.308024e+01 6.786651e+01 3.440622e+01
      vertex   3.269894e+01 6.758491e+01 3.470407e+01
    endloop
  endfacet
  facet normal 4.075988e-01 3.431383e-01 8.462384e-01
    outer loop
      vertex   3.269894e+01 6.758491e+01 3.470407e+01
      vertex   3.308024e+01 6.786651e+01 3.440622e+01
      vertex   3.211883e+01 6.827399e+01 3.470407e+01
    endloop
  endfacet
  facet normal 2.531216e-01 2.130912e-01 9.436745e-01
    outer loop
      vertex   3.269894e+01 6.758491e+01 3.470407e+01
      vertex   3.211883e+01 6.827399e+01 3.470407e+01
      vertex   3.173705e+01 6.790867e+01 3.488896e+01
    endloop
  endfacet
  facet normal 2.240381e-01 2.434859e-01 9.436745e-01
    outer loop
      vertex   3.173705e+01 6.790867e+01 3.488896e+01
      vertex   3.211883e+01 6.827399e+01 3.470407e+01
      vertex   3.112364e+01 6.847309e+01 3.488896e+01
    endloop
  endfacet
  facet normal 9.524112e-01 2.887035e-01 9.779167e-02
    outer loop
      vertex   3.526546e+01 6.535893e+01 3.245164e+01
      vertex   3.497533e+01 6.631605e+01 3.245164e+01
      vertex   3.516565e+01 6.549977e+01 3.300795e+01
    endloop
  endfacet
  facet normal 9.414367e-01 3.099628e-01 1.327406e-01
    outer loop
      vertex   3.516565e+01 6.549977e+01 3.300795e+01
      vertex   3.497533e+01 6.631605e+01 3.245164e+01
      vertex   3.483017e+01 6.651869e+01 3.300795e+01
    endloop
  endfacet
  facet normal 8.967377e-01 2.952459e-01 3.296837e-01
    outer loop
      vertex   3.516565e+01 6.549977e+01 3.300795e+01
      vertex   3.483017e+01 6.651869e+01 3.300795e+01
      vertex   3.465858e+01 6.644982e+01 3.353635e+01
    endloop
  endfacet
  facet normal 8.520281e-01 4.066408e-01 3.296837e-01
    outer loop
      vertex   3.465858e+01 6.644982e+01 3.353635e+01
      vertex   3.483017e+01 6.651869e+01 3.300795e+01
      vertex   3.420666e+01 6.739672e+01 3.353635e+01
    endloop
  endfacet
  facet normal 7.645931e-01 3.649114e-01 5.312599e-01
    outer loop
      vertex   3.465858e+01 6.644982e+01 3.353635e+01
      vertex   3.420666e+01 6.739672e+01 3.353635e+01
      vertex   3.394656e+01 6.725161e+01 3.401037e+01
    endloop
  endfacet
  facet normal 7.121122e-01 4.589762e-01 5.312599e-01
    outer loop
      vertex   3.394656e+01 6.725161e+01 3.401037e+01
      vertex   3.420666e+01 6.739672e+01 3.353635e+01
      vertex   3.339866e+01 6.810169e+01 3.401037e+01
    endloop
  endfacet
  facet normal 5.949522e-01 3.834634e-01 7.063906e-01
    outer loop
      vertex   3.394656e+01 6.725161e+01 3.401037e+01
      vertex   3.339866e+01 6.810169e+01 3.401037e+01
      vertex   3.308024e+01 6.786651e+01 3.440622e+01
    endloop
  endfacet
  facet normal 5.414885e-01 4.558537e-01 7.063906e-01
    outer loop
      vertex   3.308024e+01 6.786651e+01 3.440622e+01
      vertex   3.339866e+01 6.810169e+01 3.401037e+01
      vertex   3.246132e+01 6.860170e+01 3.440622e+01
    endloop
  endfacet
  facet normal 4.075988e-01 3.431383e-01 8.462384e-01
    outer loop
      vertex   3.308024e+01 6.786651e+01 3.440622e+01
      vertex   3.246132e+01 6.860170e+01 3.440622e+01
      vertex   3.211883e+01 6.827399e+01 3.470407e+01
    endloop
  endfacet
  facet normal 3.607658e-01 3.920824e-01 8.462384e-01
    outer loop
      vertex   3.211883e+01 6.827399e+01 3.470407e+01
      vertex   3.246132e+01 6.860170e+01 3.440622e+01
      vertex   3.145598e+01 6.888390e+01 3.470407e+01
    endloop
  endfacet
  facet normal 2.240381e-01 2.434859e-01 9.436745e-01
    outer loop
      vertex   3.211883e+01 6.827399e+01 3.470407e+01
      vertex   3.145598e+01 6.888390e+01 3.470407e+01
      vertex   3.112364e+01 6.847309e+01 3.488896e+01
    endloop
  endfacet
  facet normal 1.913330e-01 2.699447e-01 9.436745e-01
    outer loop
      vertex   3.112364e+01 6.847309e+01 3.488896e+01
      vertex   3.145598e+01 6.888390e+01 3.470407e+01
      vertex   3.044356e+01 6.895512e+01 3.488896e+01
    endloop
  endfacet
  facet normal 9.123455e-01 3.987648e-01 9.280258e-02
    outer loop
      vertex   3.497533e+01 6.631605e+01 3.245164e+01
      vertex   3.457479e+01 6.723247e+01 3.245164e+01
      vertex   3.483017e+01 6.651869e+01 3.300795e+01
    endloop
  endfacet
  facet normal 8.939718e-01 4.266589e-01 1.370277e-01
    outer loop
      vertex   3.483017e+01 6.651869e+01 3.300795e+01
      vertex   3.457479e+01 6.723247e+01 3.245164e+01
      vertex   3.436813e+01 6.748681e+01 3.300795e+01
    endloop
  endfacet
  facet normal 8.520281e-01 4.066408e-01 3.296837e-01
    outer loop
      vertex   3.483017e+01 6.651869e+01 3.300795e+01
      vertex   3.436813e+01 6.748681e+01 3.300795e+01
      vertex   3.420666e+01 6.739672e+01 3.353635e+01
    endloop
  endfacet
  facet normal 7.935457e-01 5.114624e-01 3.296837e-01
    outer loop
      vertex   3.420666e+01 6.739672e+01 3.353635e+01
      vertex   3.436813e+01 6.748681e+01 3.300795e+01
      vertex   3.363825e+01 6.827863e+01 3.353635e+01
    endloop
  endfacet
  facet normal 7.121122e-01 4.589762e-01 5.312599e-01
    outer loop
      vertex   3.420666e+01 6.739672e+01 3.353635e+01
      vertex   3.363825e+01 6.827863e+01 3.353635e+01
      vertex   3.339866e+01 6.810169e+01 3.401037e+01
    endloop
  endfacet
  facet normal 6.481201e-01 5.456219e-01 5.312599e-01
    outer loop
      vertex   3.339866e+01 6.810169e+01 3.401037e+01
      vertex   3.363825e+01 6.827863e+01 3.353635e+01
      vertex   3.274733e+01 6.887538e+01 3.401037e+01
    endloop
  endfacet
  facet normal 5.414885e-01 4.558537e-01 7.063906e-01
    outer loop
      vertex   3.339866e+01 6.810169e+01 3.401037e+01
      vertex   3.274733e+01 6.887538e+01 3.401037e+01
      vertex   3.246132e+01 6.860170e+01 3.440622e+01
    endloop
  endfacet
  facet normal 4.792717e-01 5.208752e-01 7.063906e-01
    outer loop
      vertex   3.246132e+01 6.860170e+01 3.440622e+01
      vertex   3.274733e+01 6.887538e+01 3.401037e+01
      vertex   3.175412e+01 6.925241e+01 3.440622e+01
    endloop
  endfacet
  facet normal 3.607658e-01 3.920824e-01 8.462384e-01
    outer loop
      vertex   3.246132e+01 6.860170e+01 3.440622e+01
      vertex   3.175412e+01 6.925241e+01 3.440622e+01
      vertex   3.145598e+01 6.888390e+01 3.470407e+01
    endloop
  endfacet
  facet normal 3.081012e-01 4.346887e-01 8.462384e-01
    outer loop
      vertex   3.145598e+01 6.888390e+01 3.470407e+01
      vertex   3.175412e+01 6.925241e+01 3.440622e+01
      vertex   3.072110e+01 6.940477e+01 3.470407e+01
    endloop
  endfacet
  facet normal 1.913330e-01 2.699447e-01 9.436745e-01
    outer loop
      vertex   3.145598e+01 6.888390e+01 3.470407e+01
      vertex   3.072110e+01 6.940477e+01 3.470407e+01
      vertex   3.044356e+01 6.895512e+01 3.488896e+01
    endloop
  endfacet
  facet normal 1.555350e-01 2.920399e-01 9.436745e-01
    outer loop
      vertex   3.044356e+01 6.895512e+01 3.488896e+01
      vertex   3.072110e+01 6.940477e+01 3.470407e+01
      vertex   2.970783e+01 6.934695e+01 3.488896e+01
    endloop
  endfacet
  facet normal 8.594792e-01 5.033353e-01 8.915759e-02
    outer loop
      vertex   3.457479e+01 6.723247e+01 3.245164e+01
      vertex   3.406937e+01 6.809549e+01 3.245164e+01
      vertex   3.436813e+01 6.748681e+01 3.300795e+01
    endloop
  endfacet
  facet normal 8.322645e-01 5.364178e-01 1.399703e-01
    outer loop
      vertex   3.436813e+01 6.748681e+01 3.300795e+01
      vertex   3.406937e+01 6.809549e+01 3.245164e+01
      vertex   3.378698e+01 6.838848e+01 3.300795e+01
    endloop
  endfacet
  facet normal 7.935457e-01 5.114624e-01 3.296837e-01
    outer loop
      vertex   3.436813e+01 6.748681e+01 3.300795e+01
      vertex   3.378698e+01 6.838848e+01 3.300795e+01
      vertex   3.363825e+01 6.827863e+01 3.353635e+01
    endloop
  endfacet
  facet normal 7.222359e-01 6.080164e-01 3.296837e-01
    outer loop
      vertex   3.363825e+01 6.827863e+01 3.353635e+01
      vertex   3.378698e+01 6.838848e+01 3.300795e+01
      vertex   3.296253e+01 6.908129e+01 3.353635e+01
    endloop
  endfacet
  facet normal 6.481201e-01 5.456219e-01 5.312599e-01
    outer loop
      vertex   3.363825e+01 6.827863e+01 3.353635e+01
      vertex   3.296253e+01 6.908129e+01 3.353635e+01
      vertex   3.274733e+01 6.887538e+01 3.401037e+01
    endloop
  endfacet
  facet normal 5.736514e-01 6.234477e-01 5.312599e-01
    outer loop
      vertex   3.274733e+01 6.887538e+01 3.401037e+01
      vertex   3.296253e+01 6.908129e+01 3.353635e+01
      vertex   3.200309e+01 6.956017e+01 3.401037e+01
    endloop
  endfacet
  facet normal 4.792717e-01 5.208752e-01 7.063906e-01
    outer loop
      vertex   3.274733e+01 6.887538e+01 3.401037e+01
      vertex   3.200309e+01 6.956017e+01 3.401037e+01
      vertex   3.175412e+01 6.925241e+01 3.440622e+01
    endloop
  endfacet
  facet normal 4.093075e-01 5.774770e-01 7.063906e-01
    outer loop
      vertex   3.175412e+01 6.925241e+01 3.440622e+01
      vertex   3.200309e+01 6.956017e+01 3.401037e+01
      vertex   3.097007e+01 6.980814e+01 3.440622e+01
    endloop
  endfacet
  facet normal 3.081012e-01 4.346887e-01 8.462384e-01
    outer loop
      vertex   3.175412e+01 6.925241e+01 3.440622e+01
      vertex   3.097007e+01 6.980814e+01 3.440622e+01
      vertex   3.072110e+01 6.940477e+01 3.470407e+01
    endloop
  endfacet
  facet normal 2.504562e-01 4.702683e-01 8.462384e-01
    outer loop
      vertex   3.072110e+01 6.940477e+01 3.470407e+01
      vertex   3.097007e+01 6.980814e+01 3.440622e+01
      vertex   2.992607e+01 6.982819e+01 3.470407e+01
    endloop
  endfacet
  facet normal 1.555350e-01 2.920399e-01 9.436745e-01
    outer loop
      vertex   3.072110e+01 6.940477e+01 3.470407e+01
      vertex   2.992607e+01 6.982819e+01 3.470407e+01
      vertex   2.970783e+01 6.934695e+01 3.488896e+01
    endloop
  endfacet
  facet normal 1.380634e-01 3.000428e-01 9.438818e-01
    outer loop
      vertex   2.970783e+01 6.934695e+01 3.488896e+01
      vertex   2.992607e+01 6.982819e+01 3.470407e+01
      vertex   2.925628e+01 6.995836e+01 3.476066e+01
    endloop
  endfacet
  facet normal 1.000088e-01 2.745557e-01 9.563563e-01
    outer loop
      vertex   2.970783e+01 6.934695e+01 3.488896e+01
      vertex   2.925628e+01 6.995836e+01 3.476066e+01
      vertex   2.917729e+01 6.949259e+01 3.490264e+01
    endloop
  endfacet
  facet normal 7.945707e-01 6.009264e-01 8.686128e-02
    outer loop
      vertex   3.406937e+01 6.809549e+01 3.245164e+01
      vertex   3.346609e+01 6.889318e+01 3.245164e+01
      vertex   3.378698e+01 6.838848e+01 3.300795e+01
    endloop
  endfacet
  facet normal 7.573010e-01 6.375361e-01 1.415731e-01
    outer loop
      vertex   3.378698e+01 6.838848e+01 3.300795e+01
      vertex   3.346609e+01 6.889318e+01 3.245164e+01
      vertex   3.309612e+01 6.920912e+01 3.300795e+01
    endloop
  endfacet
  facet normal 7.222359e-01 6.080164e-01 3.296837e-01
    outer loop
      vertex   3.378698e+01 6.838848e+01 3.300795e+01
      vertex   3.309612e+01 6.920912e+01 3.300795e+01
      vertex   3.296253e+01 6.908129e+01 3.353635e+01
    endloop
  endfacet
  facet normal 6.392513e-01 6.947420e-01 3.296837e-01
    outer loop
      vertex   3.296253e+01 6.908129e+01 3.353635e+01
      vertex   3.309612e+01 6.920912e+01 3.300795e+01
      vertex   3.219042e+01 6.979172e+01 3.353635e+01
    endloop
  endfacet
  facet normal 5.736514e-01 6.234477e-01 5.312599e-01
    outer loop
      vertex   3.296253e+01 6.908129e+01 3.353635e+01
      vertex   3.219042e+01 6.979172e+01 3.353635e+01
      vertex   3.200309e+01 6.956017e+01 3.401037e+01
    endloop
  endfacet
  facet normal 4.899097e-01 6.911956e-01 5.312599e-01
    outer loop
      vertex   3.200309e+01 6.956017e+01 3.401037e+01
      vertex   3.219042e+01 6.979172e+01 3.353635e+01
      vertex   3.117798e+01 7.014499e+01 3.401037e+01
    endloop
  endfacet
  facet normal 4.093075e-01 5.774770e-01 7.063906e-01
    outer loop
      vertex   3.200309e+01 6.956017e+01 3.401037e+01
      vertex   3.117798e+01 7.014499e+01 3.401037e+01
      vertex   3.097007e+01 6.980814e+01 3.440622e+01
    endloop
  endfacet
  facet normal 3.327271e-01 6.247440e-01 7.063906e-01
    outer loop
      vertex   3.097007e+01 6.980814e+01 3.440622e+01
      vertex   3.117798e+01 7.014499e+01 3.401037e+01
      vertex   3.012184e+01 7.025989e+01 3.440622e+01
    endloop
  endfacet
  facet normal 2.504562e-01 4.702683e-01 8.462384e-01
    outer loop
      vertex   3.097007e+01 6.980814e+01 3.440622e+01
      vertex   3.012184e+01 7.025989e+01 3.440622e+01
      vertex   2.992607e+01 6.982819e+01 3.470407e+01
    endloop
  endfacet
  facet normal 2.114831e-01 4.882538e-01 8.466895e-01
    outer loop
      vertex   2.992607e+01 6.982819e+01 3.470407e+01
      vertex   3.012184e+01 7.025989e+01 3.440622e+01
      vertex   2.932678e+01 7.038805e+01 3.453090e+01
    endloop
  endfacet
  facet normal 1.608782e-01 4.447280e-01 8.810989e-01
    outer loop
      vertex   2.992607e+01 6.982819e+01 3.470407e+01
      vertex   2.932678e+01 7.038805e+01 3.453090e+01
      vertex   2.925628e+01 6.995836e+01 3.476066e+01
    endloop
  endfacet
  facet normal 7.449312e-01 6.556986e-01 1.230314e-01
    outer loop
      vertex   3.346609e+01 6.889318e+01 3.245164e+01
      vertex   3.329317e+01 6.908963e+01 3.245164e+01
      vertex   3.309612e+01 6.920912e+01 3.300795e+01
    endloop
  endfacet
  facet normal 7.254224e-01 6.792859e-01 1.110543e-01
    outer loop
      vertex   3.309612e+01 6.920912e+01 3.300795e+01
      vertex   3.329317e+01 6.908963e+01 3.245164e+01
      vertex   3.311429e+01 6.928066e+01 3.245164e+01
    endloop
  endfacet
  facet normal 7.039977e-01 7.011286e-01 1.131632e-01
    outer loop
      vertex   3.309612e+01 6.920912e+01 3.300795e+01
      vertex   3.311429e+01 6.928066e+01 3.245164e+01
      vertex   3.292961e+01 6.946609e+01 3.245164e+01
    endloop
  endfacet
  facet normal 6.708171e-01 7.290479e-01 1.359910e-01
    outer loop
      vertex   3.309612e+01 6.920912e+01 3.300795e+01
      vertex   3.292961e+01 6.946609e+01 3.245164e+01
      vertex   3.230672e+01 6.993547e+01 3.300795e+01
    endloop
  endfacet
  facet normal 6.511266e-01 7.531774e-01 9.358410e-02
    outer loop
      vertex   3.230672e+01 6.993547e+01 3.300795e+01
      vertex   3.292961e+01 6.946609e+01 3.245164e+01
      vertex   3.216886e+01 7.012377e+01 3.245164e+01
    endloop
  endfacet
  facet normal 5.732266e-01 8.087443e-01 1.316965e-01
    outer loop
      vertex   3.230672e+01 6.993547e+01 3.300795e+01
      vertex   3.216886e+01 7.012377e+01 3.245164e+01
      vertex   3.143153e+01 7.055579e+01 3.300795e+01
    endloop
  endfacet
  facet normal 5.573530e-01 8.244135e-01 9.848886e-02
    outer loop
      vertex   3.143153e+01 7.055579e+01 3.300795e+01
      vertex   3.216886e+01 7.012377e+01 3.245164e+01
      vertex   3.133576e+01 7.068699e+01 3.245164e+01
    endloop
  endfacet
  facet normal 4.663116e-01 8.755684e-01 1.262278e-01
    outer loop
      vertex   3.143153e+01 7.055579e+01 3.300795e+01
      vertex   3.133576e+01 7.068699e+01 3.245164e+01
      vertex   3.048471e+01 7.106005e+01 3.300795e+01
    endloop
  endfacet
  facet normal 4.558039e-01 8.839182e-01 1.045537e-01
    outer loop
      vertex   3.048471e+01 7.106005e+01 3.300795e+01
      vertex   3.133576e+01 7.068699e+01 3.245164e+01
      vertex   3.044197e+01 7.114789e+01 3.245164e+01
    endloop
  endfacet
  facet normal 3.576367e-01 9.262754e-01 1.187851e-01
    outer loop
      vertex   3.048471e+01 7.106005e+01 3.300795e+01
      vertex   3.044197e+01 7.114789e+01 3.245164e+01
      vertex   2.949273e+01 7.145164e+01 3.294097e+01
    endloop
  endfacet
  facet normal 3.484789e-01 9.322516e-01 9.731048e-02
    outer loop
      vertex   2.949273e+01 7.145164e+01 3.294097e+01
      vertex   3.044197e+01 7.114789e+01 3.245164e+01
      vertex   2.950000e+01 7.150000e+01 3.245164e+01
    endloop
  endfacet
  facet normal 3.346631e-01 8.970986e-01 2.884698e-01
    outer loop
      vertex   2.949273e+01 7.145164e+01 3.294097e+01
      vertex   2.947104e+01 7.130856e+01 3.341111e+01
      vertex   3.048471e+01 7.106005e+01 3.300795e+01
    endloop
  endfacet
  facet normal 3.464938e-01 8.781230e-01 3.299123e-01
    outer loop
      vertex   3.048471e+01 7.106005e+01 3.300795e+01
      vertex   2.947104e+01 7.130856e+01 3.341111e+01
      vertex   3.040835e+01 7.089165e+01 3.353635e+01
    endloop
  endfacet
  facet normal 4.437905e-01 8.332818e-01 3.296837e-01
    outer loop
      vertex   3.048471e+01 7.106005e+01 3.300795e+01
      vertex   3.040835e+01 7.089165e+01 3.353635e+01
      vertex   3.143153e+01 7.055579e+01 3.300795e+01
    endloop
  endfacet
  facet normal 4.437905e-01 8.332818e-01 3.296837e-01
    outer loop
      vertex   3.143153e+01 7.055579e+01 3.300795e+01
      vertex   3.040835e+01 7.089165e+01 3.353635e+01
      vertex   3.133442e+01 7.039845e+01 3.353635e+01
    endloop
  endfacet
  facet normal 5.459333e-01 7.702373e-01 3.296837e-01
    outer loop
      vertex   3.143153e+01 7.055579e+01 3.300795e+01
      vertex   3.133442e+01 7.039845e+01 3.353635e+01
      vertex   3.230672e+01 6.993547e+01 3.300795e+01
    endloop
  endfacet
  facet normal 5.459333e-01 7.702373e-01 3.296837e-01
    outer loop
      vertex   3.230672e+01 6.993547e+01 3.300795e+01
      vertex   3.133442e+01 7.039845e+01 3.353635e+01
      vertex   3.219042e+01 6.979172e+01 3.353635e+01
    endloop
  endfacet
  facet normal 6.392513e-01 6.947420e-01 3.296837e-01
    outer loop
      vertex   3.230672e+01 6.993547e+01 3.300795e+01
      vertex   3.219042e+01 6.979172e+01 3.353635e+01
      vertex   3.309612e+01 6.920912e+01 3.300795e+01
    endloop
  endfacet
  facet normal 3.057666e-01 8.284247e-01 4.692752e-01
    outer loop
      vertex   2.947104e+01 7.130856e+01 3.341111e+01
      vertex   2.943553e+01 7.107680e+01 3.384337e+01
      vertex   3.040835e+01 7.089165e+01 3.353635e+01
    endloop
  endfacet
  facet normal 3.172535e-01 7.852685e-01 5.316987e-01
    outer loop
      vertex   3.040835e+01 7.089165e+01 3.353635e+01
      vertex   2.943553e+01 7.107680e+01 3.384337e+01
      vertex   3.028534e+01 7.062040e+01 3.401037e+01
    endloop
  endfacet
  facet normal 3.982488e-01 7.477706e-01 5.312599e-01
    outer loop
      vertex   3.040835e+01 7.089165e+01 3.353635e+01
      vertex   3.028534e+01 7.062040e+01 3.401037e+01
      vertex   3.133442e+01 7.039845e+01 3.353635e+01
    endloop
  endfacet
  facet normal 3.982488e-01 7.477706e-01 5.312599e-01
    outer loop
      vertex   3.133442e+01 7.039845e+01 3.353635e+01
      vertex   3.028534e+01 7.062040e+01 3.401037e+01
      vertex   3.117798e+01 7.014499e+01 3.401037e+01
    endloop
  endfacet
  facet normal 4.899097e-01 6.911956e-01 5.312599e-01
    outer loop
      vertex   3.133442e+01 7.039845e+01 3.353635e+01
      vertex   3.117798e+01 7.014499e+01 3.401037e+01
      vertex   3.219042e+01 6.979172e+01 3.353635e+01
    endloop
  endfacet
  facet normal 2.662857e-01 7.272810e-01 6.325775e-01
    outer loop
      vertex   2.943553e+01 7.107680e+01 3.384337e+01
      vertex   2.938701e+01 7.076565e+01 3.422152e+01
      vertex   3.028534e+01 7.062040e+01 3.401037e+01
    endloop
  endfacet
  facet normal 2.717511e-01 6.529914e-01 7.069325e-01
    outer loop
      vertex   3.028534e+01 7.062040e+01 3.401037e+01
      vertex   2.938701e+01 7.076565e+01 3.422152e+01
      vertex   3.012184e+01 7.025989e+01 3.440622e+01
    endloop
  endfacet
  facet normal 3.327271e-01 6.247440e-01 7.063906e-01
    outer loop
      vertex   3.028534e+01 7.062040e+01 3.401037e+01
      vertex   3.012184e+01 7.025989e+01 3.440622e+01
      vertex   3.117798e+01 7.014499e+01 3.401037e+01
    endloop
  endfacet
  facet normal 2.173624e-01 5.976370e-01 7.717406e-01
    outer loop
      vertex   2.938701e+01 7.076565e+01 3.422152e+01
      vertex   2.932678e+01 7.038805e+01 3.453090e+01
      vertex   3.012184e+01 7.025989e+01 3.440622e+01
    endloop
  endfacet
  facet normal 9.956563e-09 9.951522e-01 9.834672e-02
    outer loop
      vertex   2.950000e+01 7.150000e+01 3.245164e+01
      vertex   -3.750000e+01 7.150000e+01 3.245164e+01
      vertex   2.949273e+01 7.145164e+01 3.294097e+01
    endloop
  endfacet
  facet normal -3.747004e-04 9.888337e-01 1.490226e-01
    outer loop
      vertex   2.949273e+01 7.145164e+01 3.294097e+01
      vertex   -3.750000e+01 7.150000e+01 3.245164e+01
      vertex   1.833333e+01 7.143732e+01 3.300795e+01
    endloop
  endfacet
  facet normal 5.197577e-04 9.566659e-01 2.911873e-01
    outer loop
      vertex   2.949273e+01 7.145164e+01 3.294097e+01
      vertex   1.833333e+01 7.143732e+01 3.300795e+01
      vertex   2.947104e+01 7.130856e+01 3.341111e+01
    endloop
  endfacet
  facet normal -1.043065e-03 9.438828e-01 3.302789e-01
    outer loop
      vertex   2.947104e+01 7.130856e+01 3.341111e+01
      vertex   1.833333e+01 7.143732e+01 3.300795e+01
      vertex   1.833333e+01 7.125242e+01 3.353635e+01
    endloop
  endfacet
  facet normal 8.725056e-04 8.812912e-01 4.725727e-01
    outer loop
      vertex   2.947104e+01 7.130856e+01 3.341111e+01
      vertex   1.833333e+01 7.125242e+01 3.353635e+01
      vertex   2.943553e+01 7.107680e+01 3.384337e+01
    endloop
  endfacet
  facet normal -1.318544e-03 8.467235e-01 5.320316e-01
    outer loop
      vertex   2.943553e+01 7.107680e+01 3.384337e+01
      vertex   1.833333e+01 7.125242e+01 3.353635e+01
      vertex   1.833333e+01 7.095458e+01 3.401037e+01
    endloop
  endfacet
  facet normal 1.058282e-03 7.721374e-01 6.354548e-01
    outer loop
      vertex   2.943553e+01 7.107680e+01 3.384337e+01
      vertex   1.833333e+01 7.095458e+01 3.401037e+01
      vertex   2.938701e+01 7.076565e+01 3.422152e+01
    endloop
  endfacet
  facet normal -1.421940e-03 7.071061e-01 7.071061e-01
    outer loop
      vertex   2.938701e+01 7.076565e+01 3.422152e+01
      vertex   1.833333e+01 7.095458e+01 3.401037e+01
      vertex   1.833333e+01 7.055872e+01 3.440622e+01
    endloop
  endfacet
  facet normal 1.064014e-03 6.336672e-01 7.736051e-01
    outer loop
      vertex   2.938701e+01 7.076565e+01 3.422152e+01
      vertex   1.833333e+01 7.055872e+01 3.440622e+01
      vertex   2.932678e+01 7.038805e+01 3.453090e+01
    endloop
  endfacet
  facet normal -1.343143e-03 5.320316e-01 8.467234e-01
    outer loop
      vertex   2.932678e+01 7.038805e+01 3.453090e+01
      vertex   1.833333e+01 7.055872e+01 3.440622e+01
      vertex   1.833333e+01 7.008471e+01 3.470407e+01
    endloop
  endfacet
  facet normal 8.837831e-04 4.714128e-01 8.819122e-01
    outer loop
      vertex   2.932678e+01 7.038805e+01 3.453090e+01
      vertex   1.833333e+01 7.008471e+01 3.470407e+01
      vertex   2.925628e+01 6.995836e+01 3.476066e+01
    endloop
  endfacet
  facet normal -1.069816e-03 3.302789e-01 9.438828e-01
    outer loop
      vertex   2.925628e+01 6.995836e+01 3.476066e+01
      vertex   1.833333e+01 7.008471e+01 3.470407e+01
      vertex   1.833333e+01 6.955630e+01 3.488896e+01
    endloop
  endfacet
  facet normal 5.067517e-04 2.914967e-01 9.565717e-01
    outer loop
      vertex   2.925628e+01 6.995836e+01 3.476066e+01
      vertex   1.833333e+01 6.955630e+01 3.488896e+01
      vertex   2.917729e+01 6.949259e+01 3.490264e+01
    endloop
  endfacet
  facet normal -6.612426e-04 1.009368e-01 9.948926e-01
    outer loop
      vertex   2.917729e+01 6.949259e+01 3.490264e+01
      vertex   1.833333e+01 6.955630e+01 3.488896e+01
      vertex   2.909214e+01 6.900914e+01 3.495163e+01
    endloop
  endfacet
  facet normal -5.679430e-03 2.848043e-03 9.999798e-01
    outer loop
      vertex   2.909214e+01 6.900914e+01 3.495163e+01
      vertex   1.833333e+01 6.955630e+01 3.488896e+01
      vertex   2.909050e+01 6.900000e+01 3.495164e+01
    endloop
  endfacet
  facet normal 1.120212e-09 1.119645e-01 9.937122e-01
    outer loop
      vertex   2.909050e+01 6.900000e+01 3.495164e+01
      vertex   1.833333e+01 6.955630e+01 3.488896e+01
      vertex   7.166667e+00 6.955630e+01 3.488896e+01
    endloop
  endfacet
  facet normal 1.120212e-09 1.119645e-01 9.937122e-01
    outer loop
      vertex   2.909050e+01 6.900000e+01 3.495164e+01
      vertex   7.166667e+00 6.955630e+01 3.488896e+01
      vertex   -4.000000e+00 6.955630e+01 3.488896e+01
    endloop
  endfacet
  facet normal 3.304464e-09 3.302791e-01 9.438833e-01
    outer loop
      vertex   -4.000000e+00 6.955630e+01 3.488896e+01
      vertex   7.166667e+00 6.955630e+01 3.488896e+01
      vertex   -4.000000e+00 7.008471e+01 3.470407e+01
    endloop
  endfacet
  facet normal 3.304464e-09 3.302791e-01 9.438833e-01
    outer loop
      vertex   -4.000000e+00 6.955630e+01 3.488896e+01
      vertex   -4.000000e+00 7.008471e+01 3.470407e+01
      vertex   -1.516667e+01 7.008471e+01 3.470407e+01
    endloop
  endfacet
  facet normal 5.323016e-09 5.320321e-01 8.467242e-01
    outer loop
      vertex   -1.516667e+01 7.008471e+01 3.470407e+01
      vertex   -4.000000e+00 7.008471e+01 3.470407e+01
      vertex   -1.516667e+01 7.055873e+01 3.440622e+01
    endloop
  endfacet
  facet normal 5.323016e-09 5.320321e-01 8.467242e-01
    outer loop
      vertex   -1.516667e+01 7.008471e+01 3.470407e+01
      vertex   -1.516667e+01 7.055873e+01 3.440622e+01
      vertex   -2.633333e+01 7.055873e+01 3.440622e+01
    endloop
  endfacet
  facet normal 7.074650e-09 7.071068e-01 7.071068e-01
    outer loop
      vertex   -2.633333e+01 7.055873e+01 3.440622e+01
      vertex   -1.516667e+01 7.055873e+01 3.440622e+01
      vertex   -2.633333e+01 7.095458e+01 3.401037e+01
    endloop
  endfacet
  facet normal 1.423830e-03 7.071061e-01 7.071061e-01
    outer loop
      vertex   -2.633333e+01 7.055873e+01 3.440622e+01
      vertex   -2.633333e+01 7.095458e+01 3.401037e+01
      vertex   -3.727957e+01 7.074926e+01 3.423773e+01
    endloop
  endfacet
  facet normal -1.038173e-03 7.665163e-01 6.422240e-01
    outer loop
      vertex   -3.727957e+01 7.074926e+01 3.423773e+01
      vertex   -2.633333e+01 7.095458e+01 3.401037e+01
      vertex   -3.737374e+01 7.106533e+01 3.386034e+01
    endloop
  endfacet
  facet normal 1.263878e-03 8.467235e-01 5.320317e-01
    outer loop
      vertex   -3.737374e+01 7.106533e+01 3.386034e+01
      vertex   -2.633333e+01 7.095458e+01 3.401037e+01
      vertex   -2.633333e+01 7.125242e+01 3.353635e+01
    endloop
  endfacet
  facet normal -8.206064e-04 8.778342e-01 4.789639e-01
    outer loop
      vertex   -3.737374e+01 7.106533e+01 3.386034e+01
      vertex   -2.633333e+01 7.125242e+01 3.353635e+01
      vertex   -3.744308e+01 7.130253e+01 3.342549e+01
    endloop
  endfacet
  facet normal 9.609950e-04 9.438829e-01 3.302789e-01
    outer loop
      vertex   -3.744308e+01 7.130253e+01 3.342549e+01
      vertex   -2.633333e+01 7.125242e+01 3.353635e+01
      vertex   -2.633333e+01 7.143732e+01 3.300795e+01
    endloop
  endfacet
  facet normal -4.744624e-04 9.552626e-01 2.957587e-01
    outer loop
      vertex   -3.744308e+01 7.130253e+01 3.342549e+01
      vertex   -2.633333e+01 7.143732e+01 3.300795e+01
      vertex   -3.748568e+01 7.145001e+01 3.294906e+01
    endloop
  endfacet
  facet normal 6.044914e-04 9.949898e-01 9.997466e-02
    outer loop
      vertex   -3.748568e+01 7.145001e+01 3.294906e+01
      vertex   -2.633333e+01 7.143732e+01 3.300795e+01
      vertex   -3.750000e+01 7.150000e+01 3.245164e+01
    endloop
  endfacet
  facet normal 9.942156e-09 9.937122e-01 1.119645e-01
    outer loop
      vertex   -3.750000e+01 7.150000e+01 3.245164e+01
      vertex   -2.633333e+01 7.143732e+01 3.300795e+01
      vertex   -1.516667e+01 7.143732e+01 3.300795e+01
    endloop
  endfacet
  facet normal 9.942156e-09 9.937122e-01 1.119645e-01
    outer loop
      vertex   -3.750000e+01 7.150000e+01 3.245164e+01
      vertex   -1.516667e+01 7.143732e+01 3.300795e+01
      vertex   -4.000000e+00 7.143732e+01 3.300795e+01
    endloop
  endfacet
  facet normal 9.443615e-09 9.438833e-01 3.302791e-01
    outer loop
      vertex   -4.000000e+00 7.143732e+01 3.300795e+01
      vertex   -1.516667e+01 7.143732e+01 3.300795e+01
      vertex   -4.000000e+00 7.125242e+01 3.353635e+01
    endloop
  endfacet
  facet normal 9.443614e-09 9.438833e-01 3.302791e-01
    outer loop
      vertex   -4.000000e+00 7.143732e+01 3.300795e+01
      vertex   -4.000000e+00 7.125242e+01 3.353635e+01
      vertex   7.166667e+00 7.125242e+01 3.353635e+01
    endloop
  endfacet
  facet normal 8.471530e-09 8.467242e-01 5.320321e-01
    outer loop
      vertex   7.166667e+00 7.125242e+01 3.353635e+01
      vertex   -4.000000e+00 7.125242e+01 3.353635e+01
      vertex   7.166667e+00 7.095458e+01 3.401037e+01
    endloop
  endfacet
  facet normal 8.471532e-09 8.467242e-01 5.320321e-01
    outer loop
      vertex   7.166667e+00 7.125242e+01 3.353635e+01
      vertex   7.166667e+00 7.095458e+01 3.401037e+01
      vertex   1.833333e+01 7.095458e+01 3.401037e+01
    endloop
  endfacet
  facet normal 7.074650e-09 7.071068e-01 7.071068e-01
    outer loop
      vertex   1.833333e+01 7.095458e+01 3.401037e+01
      vertex   7.166667e+00 7.095458e+01 3.401037e+01
      vertex   1.833333e+01 7.055872e+01 3.440622e+01
    endloop
  endfacet
  facet normal -1.090063e-03 6.265772e-01 7.793586e-01
    outer loop
      vertex   -3.727957e+01 7.074926e+01 3.423773e+01
      vertex   -3.716370e+01 7.036972e+01 3.454303e+01
      vertex   -2.633333e+01 7.055873e+01 3.440622e+01
    endloop
  endfacet
  facet normal 1.410772e-03 5.320315e-01 8.467234e-01
    outer loop
      vertex   -2.633333e+01 7.055873e+01 3.440622e+01
      vertex   -3.716370e+01 7.036972e+01 3.454303e+01
      vertex   -2.633333e+01 7.008471e+01 3.470407e+01
    endloop
  endfacet
  facet normal 5.323016e-09 5.320321e-01 8.467242e-01
    outer loop
      vertex   -2.633333e+01 7.055873e+01 3.440622e+01
      vertex   -2.633333e+01 7.008471e+01 3.470407e+01
      vertex   -1.516667e+01 7.008471e+01 3.470407e+01
    endloop
  endfacet
  facet normal 3.304464e-09 3.302791e-01 9.438833e-01
    outer loop
      vertex   -1.516667e+01 7.008471e+01 3.470407e+01
      vertex   -2.633333e+01 7.008471e+01 3.470407e+01
      vertex   -1.516667e+01 6.955630e+01 3.488896e+01
    endloop
  endfacet
  facet normal 3.304463e-09 3.302791e-01 9.438833e-01
    outer loop
      vertex   -1.516667e+01 7.008471e+01 3.470407e+01
      vertex   -1.516667e+01 6.955630e+01 3.488896e+01
      vertex   -4.000000e+00 6.955630e+01 3.488896e+01
    endloop
  endfacet
  facet normal 1.135472e-09 1.134898e-01 9.935392e-01
    outer loop
      vertex   -4.000000e+00 6.955630e+01 3.488896e+01
      vertex   -1.516667e+01 6.955630e+01 3.488896e+01
      vertex   -3.671824e+01 6.900768e+01 3.495163e+01
    endloop
  endfacet
  facet normal 1.297058e-05 1.127262e-01 9.936261e-01
    outer loop
      vertex   -4.000000e+00 6.955630e+01 3.488896e+01
      vertex   -3.671824e+01 6.900768e+01 3.495163e+01
      vertex   2.909050e+01 6.900000e+01 3.495164e+01
    endloop
  endfacet
  facet normal 1.535845e-11 1.535067e-03 9.999988e-01
    outer loop
      vertex   2.909050e+01 6.900000e+01 3.495164e+01
      vertex   -3.671824e+01 6.900768e+01 3.495163e+01
      vertex   -3.671558e+01 6.900000e+01 3.495164e+01
    endloop
  endfacet
  facet normal -9.548617e-04 4.641834e-01 8.857386e-01
    outer loop
      vertex   -3.716370e+01 7.036972e+01 3.454303e+01
      vertex   -3.702897e+01 6.994152e+01 3.476758e+01
      vertex   -2.633333e+01 7.008471e+01 3.470407e+01
    endloop
  endfacet
  facet normal 1.183056e-03 3.302788e-01 9.438827e-01
    outer loop
      vertex   -2.633333e+01 7.008471e+01 3.470407e+01
      vertex   -3.702897e+01 6.994152e+01 3.476758e+01
      vertex   -2.633333e+01 6.955630e+01 3.488896e+01
    endloop
  endfacet
  facet normal 3.304464e-09 3.302791e-01 9.438833e-01
    outer loop
      vertex   -2.633333e+01 7.008471e+01 3.470407e+01
      vertex   -2.633333e+01 6.955630e+01 3.488896e+01
      vertex   -1.516667e+01 6.955630e+01 3.488896e+01
    endloop
  endfacet
  facet normal 1.135473e-09 1.134898e-01 9.935392e-01
    outer loop
      vertex   -1.516667e+01 6.955630e+01 3.488896e+01
      vertex   -2.633333e+01 6.955630e+01 3.488896e+01
      vertex   -3.671824e+01 6.900768e+01 3.495163e+01
    endloop
  endfacet
  facet normal -5.825771e-04 2.857959e-01 9.582903e-01
    outer loop
      vertex   -3.702897e+01 6.994152e+01 3.476758e+01
      vertex   -3.687909e+01 6.948174e+01 3.490479e+01
      vertex   -2.633333e+01 6.955630e+01 3.488896e+01
    endloop
  endfacet
  facet normal 7.963813e-04 9.859655e-02 9.951272e-01
    outer loop
      vertex   -2.633333e+01 6.955630e+01 3.488896e+01
      vertex   -3.687909e+01 6.948174e+01 3.490479e+01
      vertex   -3.671824e+01 6.900768e+01 3.495163e+01
    endloop
  endfacet
  facet normal 9.443615e-09 9.438833e-01 3.302791e-01
    outer loop
      vertex   -1.516667e+01 7.143732e+01 3.300795e+01
      vertex   -2.633333e+01 7.143732e+01 3.300795e+01
      vertex   -1.516667e+01 7.125242e+01 3.353635e+01
    endloop
  endfacet
  facet normal 9.443615e-09 9.438833e-01 3.302791e-01
    outer loop
      vertex   -1.516667e+01 7.125242e+01 3.353635e+01
      vertex   -2.633333e+01 7.143732e+01 3.300795e+01
      vertex   -2.633333e+01 7.125242e+01 3.353635e+01
    endloop
  endfacet
  facet normal 8.471532e-09 8.467242e-01 5.320321e-01
    outer loop
      vertex   -1.516667e+01 7.125242e+01 3.353635e+01
      vertex   -2.633333e+01 7.125242e+01 3.353635e+01
      vertex   -1.516667e+01 7.095458e+01 3.401037e+01
    endloop
  endfacet
  facet normal 8.471530e-09 8.467242e-01 5.320321e-01
    outer loop
      vertex   -1.516667e+01 7.095458e+01 3.401037e+01
      vertex   -2.633333e+01 7.125242e+01 3.353635e+01
      vertex   -2.633333e+01 7.095458e+01 3.401037e+01
    endloop
  endfacet
  facet normal 7.074649e-09 7.071068e-01 7.071068e-01
    outer loop
      vertex   -1.516667e+01 7.095458e+01 3.401037e+01
      vertex   -2.633333e+01 7.095458e+01 3.401037e+01
      vertex   -1.516667e+01 7.055873e+01 3.440622e+01
    endloop
  endfacet
  facet normal 9.942156e-09 9.937122e-01 1.119645e-01
    outer loop
      vertex   1.833333e+01 7.143732e+01 3.300795e+01
      vertex   -3.750000e+01 7.150000e+01 3.245164e+01
      vertex   7.166667e+00 7.143732e+01 3.300795e+01
    endloop
  endfacet
  facet normal 9.942155e-09 9.937122e-01 1.119645e-01
    outer loop
      vertex   7.166667e+00 7.143732e+01 3.300795e+01
      vertex   -3.750000e+01 7.150000e+01 3.245164e+01
      vertex   -4.000000e+00 7.143732e+01 3.300795e+01
    endloop
  endfacet
  facet normal 9.443614e-09 9.438833e-01 3.302791e-01
    outer loop
      vertex   7.166667e+00 7.143732e+01 3.300795e+01
      vertex   -4.000000e+00 7.143732e+01 3.300795e+01
      vertex   7.166667e+00 7.125242e+01 3.353635e+01
    endloop
  endfacet
  facet normal 9.443615e-09 9.438833e-01 3.302791e-01
    outer loop
      vertex   1.833333e+01 7.125242e+01 3.353635e+01
      vertex   1.833333e+01 7.143732e+01 3.300795e+01
      vertex   7.166667e+00 7.143732e+01 3.300795e+01
    endloop
  endfacet
  facet normal 9.443615e-09 9.438833e-01 3.302791e-01
    outer loop
      vertex   1.833333e+01 7.125242e+01 3.353635e+01
      vertex   7.166667e+00 7.143732e+01 3.300795e+01
      vertex   7.166667e+00 7.125242e+01 3.353635e+01
    endloop
  endfacet
  facet normal 9.443615e-09 9.438833e-01 3.302791e-01
    outer loop
      vertex   -1.516667e+01 7.143732e+01 3.300795e+01
      vertex   -1.516667e+01 7.125242e+01 3.353635e+01
      vertex   -4.000000e+00 7.125242e+01 3.353635e+01
    endloop
  endfacet
  facet normal 8.471532e-09 8.467242e-01 5.320321e-01
    outer loop
      vertex   -4.000000e+00 7.125242e+01 3.353635e+01
      vertex   -1.516667e+01 7.125242e+01 3.353635e+01
      vertex   -4.000000e+00 7.095458e+01 3.401037e+01
    endloop
  endfacet
  facet normal 8.471532e-09 8.467242e-01 5.320321e-01
    outer loop
      vertex   -4.000000e+00 7.125242e+01 3.353635e+01
      vertex   -4.000000e+00 7.095458e+01 3.401037e+01
      vertex   7.166667e+00 7.095458e+01 3.401037e+01
    endloop
  endfacet
  facet normal 7.074650e-09 7.071068e-01 7.071068e-01
    outer loop
      vertex   7.166667e+00 7.095458e+01 3.401037e+01
      vertex   -4.000000e+00 7.095458e+01 3.401037e+01
      vertex   7.166667e+00 7.055873e+01 3.440622e+01
    endloop
  endfacet
  facet normal 7.074650e-09 7.071068e-01 7.071068e-01
    outer loop
      vertex   7.166667e+00 7.095458e+01 3.401037e+01
      vertex   7.166667e+00 7.055873e+01 3.440622e+01
      vertex   1.833333e+01 7.055872e+01 3.440622e+01
    endloop
  endfacet
  facet normal 5.323016e-09 5.320321e-01 8.467242e-01
    outer loop
      vertex   1.833333e+01 7.055872e+01 3.440622e+01
      vertex   7.166667e+00 7.055873e+01 3.440622e+01
      vertex   1.833333e+01 7.008471e+01 3.470407e+01
    endloop
  endfacet
  facet normal 8.471532e-09 8.467242e-01 5.320321e-01
    outer loop
      vertex   -4.000000e+00 7.095458e+01 3.401037e+01
      vertex   -1.516667e+01 7.125242e+01 3.353635e+01
      vertex   -1.516667e+01 7.095458e+01 3.401037e+01
    endloop
  endfacet
  facet normal 8.471532e-09 8.467242e-01 5.320321e-01
    outer loop
      vertex   1.833333e+01 7.095458e+01 3.401037e+01
      vertex   1.833333e+01 7.125242e+01 3.353635e+01
      vertex   7.166667e+00 7.125242e+01 3.353635e+01
    endloop
  endfacet
  facet normal 7.074650e-09 7.071068e-01 7.071068e-01
    outer loop
      vertex   -4.000000e+00 7.095458e+01 3.401037e+01
      vertex   -1.516667e+01 7.095458e+01 3.401037e+01
      vertex   -4.000000e+00 7.055873e+01 3.440622e+01
    endloop
  endfacet
  facet normal 7.074650e-09 7.071068e-01 7.071068e-01
    outer loop
      vertex   -4.000000e+00 7.055873e+01 3.440622e+01
      vertex   -1.516667e+01 7.095458e+01 3.401037e+01
      vertex   -1.516667e+01 7.055873e+01 3.440622e+01
    endloop
  endfacet
  facet normal 5.323016e-09 5.320321e-01 8.467242e-01
    outer loop
      vertex   -4.000000e+00 7.055873e+01 3.440622e+01
      vertex   -1.516667e+01 7.055873e+01 3.440622e+01
      vertex   -4.000000e+00 7.008471e+01 3.470407e+01
    endloop
  endfacet
  facet normal 7.074649e-09 7.071068e-01 7.071068e-01
    outer loop
      vertex   -4.000000e+00 7.095458e+01 3.401037e+01
      vertex   -4.000000e+00 7.055873e+01 3.440622e+01
      vertex   7.166667e+00 7.055873e+01 3.440622e+01
    endloop
  endfacet
  facet normal 5.323015e-09 5.320321e-01 8.467242e-01
    outer loop
      vertex   7.166667e+00 7.055873e+01 3.440622e+01
      vertex   -4.000000e+00 7.055873e+01 3.440622e+01
      vertex   7.166667e+00 7.008471e+01 3.470407e+01
    endloop
  endfacet
  facet normal 5.323016e-09 5.320321e-01 8.467242e-01
    outer loop
      vertex   7.166667e+00 7.055873e+01 3.440622e+01
      vertex   7.166667e+00 7.008471e+01 3.470407e+01
      vertex   1.833333e+01 7.008471e+01 3.470407e+01
    endloop
  endfacet
  facet normal 3.304464e-09 3.302791e-01 9.438833e-01
    outer loop
      vertex   1.833333e+01 7.008471e+01 3.470407e+01
      vertex   7.166667e+00 7.008471e+01 3.470407e+01
      vertex   1.833333e+01 6.955630e+01 3.488896e+01
    endloop
  endfacet
  facet normal 5.323015e-09 5.320321e-01 8.467242e-01
    outer loop
      vertex   7.166667e+00 7.008471e+01 3.470407e+01
      vertex   -4.000000e+00 7.055873e+01 3.440622e+01
      vertex   -4.000000e+00 7.008471e+01 3.470407e+01
    endloop
  endfacet
  facet normal 3.304464e-09 3.302791e-01 9.438833e-01
    outer loop
      vertex   1.833333e+01 6.955630e+01 3.488896e+01
      vertex   7.166667e+00 7.008471e+01 3.470407e+01
      vertex   7.166667e+00 6.955630e+01 3.488896e+01
    endloop
  endfacet
  facet normal 3.304463e-09 3.302791e-01 9.438833e-01
    outer loop
      vertex   7.166667e+00 6.955630e+01 3.488896e+01
      vertex   7.166667e+00 7.008471e+01 3.470407e+01
      vertex   -4.000000e+00 7.008471e+01 3.470407e+01
    endloop
  endfacet
  facet normal 1.000000e+00 -8.085746e-17 0.000000e+00
    outer loop
      vertex   3.550000e+01 -2.450000e+01 3.245164e+01
      vertex   3.550000e+01 -2.450000e+01 2.545164e+01
      vertex   3.550000e+01 6.337596e+01 3.245164e+01
    endloop
  endfacet
  facet normal 1.000000e+00 -8.085746e-17 0.000000e+00
    outer loop
      vertex   3.550000e+01 6.337596e+01 3.245164e+01
      vertex   3.550000e+01 -2.450000e+01 2.545164e+01
      vertex   3.550000e+01 6.337596e+01 2.545164e+01
    endloop
  endfacet
  facet normal 8.131733e-01 -5.820217e-01 0.000000e+00
    outer loop
      vertex   3.550000e+01 -2.450000e+01 2.545164e+01
      vertex   3.550000e+01 -2.450000e+01 3.245164e+01
      vertex   3.487405e+01 -2.537455e+01 2.545164e+01
    endloop
  endfacet
  facet normal 8.131733e-01 -5.820217e-01 0.000000e+00
    outer loop
      vertex   3.487405e+01 -2.537455e+01 2.545164e+01
      vertex   3.550000e+01 -2.450000e+01 3.245164e+01
      vertex   3.487405e+01 -2.537455e+01 3.245164e+01
    endloop
  endfacet
  facet normal 7.331705e-01 -6.800448e-01 0.000000e+00
    outer loop
      vertex   3.487405e+01 -2.537455e+01 2.545164e+01
      vertex   3.487405e+01 -2.537455e+01 3.245164e+01
      vertex   3.414268e+01 -2.616306e+01 2.545164e+01
    endloop
  endfacet
  facet normal 7.331705e-01 -6.800448e-01 -3.451435e-16
    outer loop
      vertex   3.414268e+01 -2.616306e+01 2.545164e+01
      vertex   3.487405e+01 -2.537455e+01 3.245164e+01
      vertex   3.414268e+01 -2.616306e+01 3.245164e+01
    endloop
  endfacet
  facet normal 6.414305e-01 -7.671812e-01 -3.893679e-16
    outer loop
      vertex   3.414268e+01 -2.616306e+01 2.545164e+01
      vertex   3.414268e+01 -2.616306e+01 3.245164e+01
      vertex   3.331759e+01 -2.685290e+01 2.545164e+01
    endloop
  endfacet
  facet normal 6.414305e-01 -7.671812e-01 1.276447e-16
    outer loop
      vertex   3.331759e+01 -2.685290e+01 2.545164e+01
      vertex   3.414268e+01 -2.616306e+01 3.245164e+01
      vertex   3.331759e+01 -2.685290e+01 3.245164e+01
    endloop
  endfacet
  facet normal 5.394217e-01 -8.420357e-01 3.071717e-16
    outer loop
      vertex   3.331759e+01 -2.685290e+01 2.545164e+01
      vertex   3.331759e+01 -2.685290e+01 3.245164e+01
      vertex   3.241200e+01 -2.743303e+01 2.545164e+01
    endloop
  endfacet
  facet normal 5.394217e-01 -8.420357e-01 -5.475460e-16
    outer loop
      vertex   3.241200e+01 -2.743303e+01 2.545164e+01
      vertex   3.331759e+01 -2.685290e+01 3.245164e+01
      vertex   3.241200e+01 -2.743303e+01 3.245164e+01
    endloop
  endfacet
  facet normal 4.287774e-01 -9.034102e-01 -4.352353e-16
    outer loop
      vertex   3.241200e+01 -2.743303e+01 2.545164e+01
      vertex   3.241200e+01 -2.743303e+01 3.245164e+01
      vertex   3.144041e+01 -2.789417e+01 2.545164e+01
    endloop
  endfacet
  facet normal 4.287774e-01 -9.034102e-01 -6.761259e-16
    outer loop
      vertex   3.144041e+01 -2.789417e+01 2.545164e+01
      vertex   3.241200e+01 -2.743303e+01 3.245164e+01
      vertex   3.144041e+01 -2.789417e+01 3.245164e+01
    endloop
  endfacet
  facet normal 3.112688e-01 -9.503219e-01 -6.402958e-16
    outer loop
      vertex   3.144041e+01 -2.789417e+01 2.545164e+01
      vertex   3.144041e+01 -2.789417e+01 3.245164e+01
      vertex   3.041836e+01 -2.822894e+01 2.545164e+01
    endloop
  endfacet
  facet normal 3.112688e-01 -9.503219e-01 -4.739353e-16
    outer loop
      vertex   3.041836e+01 -2.822894e+01 2.545164e+01
      vertex   3.144041e+01 -2.789417e+01 3.245164e+01
      vertex   3.041836e+01 -2.822894e+01 3.245164e+01
    endloop
  endfacet
  facet normal 1.887771e-01 -9.820200e-01 -2.874305e-16
    outer loop
      vertex   3.041836e+01 -2.822894e+01 2.545164e+01
      vertex   3.041836e+01 -2.822894e+01 3.245164e+01
      vertex   2.936222e+01 -2.843196e+01 2.545164e+01
    endloop
  endfacet
  facet normal 1.887771e-01 -9.820200e-01 -9.581016e-17
    outer loop
      vertex   2.936222e+01 -2.843196e+01 2.545164e+01
      vertex   3.041836e+01 -2.822894e+01 3.245164e+01
      vertex   2.936222e+01 -2.843196e+01 3.245164e+01
    endloop
  endfacet
  facet normal 6.326331e-02 -9.979969e-01 -3.210806e-17
    outer loop
      vertex   2.936222e+01 -2.843196e+01 2.545164e+01
      vertex   2.936222e+01 -2.843196e+01 3.245164e+01
      vertex   2.828890e+01 -2.850000e+01 2.545164e+01
    endloop
  endfacet
  facet normal 6.326331e-02 -9.979969e-01 0.000000e+00
    outer loop
      vertex   2.828890e+01 -2.850000e+01 2.545164e+01
      vertex   2.936222e+01 -2.843196e+01 3.245164e+01
      vertex   2.828890e+01 -2.850000e+01 3.245164e+01
    endloop
  endfacet
  facet normal 3.501407e-01 9.366971e-01 1.777071e-16
    outer loop
      vertex   2.950000e+01 7.150000e+01 2.545164e+01
      vertex   2.950000e+01 7.150000e+01 3.245164e+01
      vertex   3.044197e+01 7.114789e+01 2.545164e+01
    endloop
  endfacet
  facet normal 3.501407e-01 9.366971e-01 -5.331212e-16
    outer loop
      vertex   3.044197e+01 7.114789e+01 2.545164e+01
      vertex   2.950000e+01 7.150000e+01 3.245164e+01
      vertex   3.044197e+01 7.114789e+01 3.245164e+01
    endloop
  endfacet
  facet normal 4.583159e-01 8.887894e-01 -6.978279e-16
    outer loop
      vertex   3.044197e+01 7.114789e+01 2.545164e+01
      vertex   3.044197e+01 7.114789e+01 3.245164e+01
      vertex   3.133576e+01 7.068699e+01 2.545164e+01
    endloop
  endfacet
  facet normal 4.583159e-01 8.887894e-01 -2.326093e-16
    outer loop
      vertex   3.133576e+01 7.068699e+01 2.545164e+01
      vertex   3.044197e+01 7.114789e+01 3.245164e+01
      vertex   3.133576e+01 7.068699e+01 3.245164e+01
    endloop
  endfacet
  facet normal 5.600760e-01 8.284412e-01 -2.842557e-16
    outer loop
      vertex   3.133576e+01 7.068699e+01 2.545164e+01
      vertex   3.133576e+01 7.068699e+01 3.245164e+01
      vertex   3.216886e+01 7.012377e+01 2.545164e+01
    endloop
  endfacet
  facet normal 5.600760e-01 8.284412e-01 -1.113326e-15
    outer loop
      vertex   3.216886e+01 7.012377e+01 2.545164e+01
      vertex   3.133576e+01 7.068699e+01 3.245164e+01
      vertex   3.216886e+01 7.012377e+01 3.245164e+01
    endloop
  endfacet
  facet normal 6.539967e-01 7.564974e-01 -8.719355e-16
    outer loop
      vertex   3.216886e+01 7.012377e+01 2.545164e+01
      vertex   3.216886e+01 7.012377e+01 3.245164e+01
      vertex   3.292961e+01 6.946609e+01 2.545164e+01
    endloop
  endfacet
  facet normal 6.539967e-01 7.564974e-01 -0.000000e+00
    outer loop
      vertex   3.292961e+01 6.946609e+01 2.545164e+01
      vertex   3.216886e+01 7.012377e+01 3.245164e+01
      vertex   3.292961e+01 6.946609e+01 3.245164e+01
    endloop
  endfacet
  facet normal 1.064369e-09 -1.000000e+00 2.030122e-15
    outer loop
      vertex   -3.300000e+01 -2.850000e+01 3.245164e+01
      vertex   -3.300000e+01 -2.850000e+01 2.545164e+01
      vertex   2.828890e+01 -2.850000e+01 3.245164e+01
    endloop
  endfacet
  facet normal 1.064369e-09 -1.000000e+00 0.000000e+00
    outer loop
      vertex   2.828890e+01 -2.850000e+01 3.245164e+01
      vertex   -3.300000e+01 -2.850000e+01 2.545164e+01
      vertex   2.828890e+01 -2.850000e+01 2.545164e+01
    endloop
  endfacet
  facet normal -7.975852e-01 -6.032063e-01 0.000000e+00
    outer loop
      vertex   -3.946609e+01 -2.551722e+01 2.545164e+01
      vertex   -3.946609e+01 -2.551722e+01 3.245164e+01
      vertex   -4.006937e+01 -2.471953e+01 2.545164e+01
    endloop
  endfacet
  facet normal -7.975852e-01 -6.032063e-01 0.000000e+00
    outer loop
      vertex   -4.006937e+01 -2.471953e+01 2.545164e+01
      vertex   -3.946609e+01 -2.551722e+01 3.245164e+01
      vertex   -4.006937e+01 -2.471953e+01 3.245164e+01
    endloop
  endfacet
  facet normal -8.629157e-01 -5.053478e-01 0.000000e+00
    outer loop
      vertex   -4.006937e+01 -2.471953e+01 2.545164e+01
      vertex   -4.006937e+01 -2.471953e+01 3.245164e+01
      vertex   -4.057479e+01 -2.385650e+01 2.545164e+01
    endloop
  endfacet
  facet normal -8.629157e-01 -5.053478e-01 0.000000e+00
    outer loop
      vertex   -4.057479e+01 -2.385650e+01 2.545164e+01
      vertex   -4.006937e+01 -2.471953e+01 3.245164e+01
      vertex   -4.057479e+01 -2.385650e+01 3.245164e+01
    endloop
  endfacet
  facet normal -9.162997e-01 -4.004932e-01 0.000000e+00
    outer loop
      vertex   -4.057479e+01 -2.385650e+01 2.545164e+01
      vertex   -4.057479e+01 -2.385650e+01 3.245164e+01
      vertex   -4.097533e+01 -2.294009e+01 2.545164e+01
    endloop
  endfacet
  facet normal -9.162997e-01 -4.004932e-01 0.000000e+00
    outer loop
      vertex   -4.097533e+01 -2.294009e+01 2.545164e+01
      vertex   -4.057479e+01 -2.385650e+01 3.245164e+01
      vertex   -4.097533e+01 -2.294009e+01 3.245164e+01
    endloop
  endfacet
  facet normal -9.569982e-01 -2.900939e-01 0.000000e+00
    outer loop
      vertex   -4.097533e+01 -2.294009e+01 2.545164e+01
      vertex   -4.097533e+01 -2.294009e+01 3.245164e+01
      vertex   -4.126546e+01 -2.198297e+01 2.545164e+01
    endloop
  endfacet
  facet normal -9.569982e-01 -2.900939e-01 9.714116e-16
    outer loop
      vertex   -4.126546e+01 -2.198297e+01 2.545164e+01
      vertex   -4.097533e+01 -2.294009e+01 3.245164e+01
      vertex   -4.126546e+01 -2.198297e+01 3.245164e+01
    endloop
  endfacet
  facet normal -9.844476e-01 -1.756785e-01 9.992744e-16
    outer loop
      vertex   -4.126546e+01 -2.198297e+01 2.545164e+01
      vertex   -4.126546e+01 -2.198297e+01 3.245164e+01
      vertex   -4.144116e+01 -2.099840e+01 2.545164e+01
    endloop
  endfacet
  facet normal -9.844476e-01 -1.756785e-01 0.000000e+00
    outer loop
      vertex   -4.144116e+01 -2.099840e+01 2.545164e+01
      vertex   -4.126546e+01 -2.198297e+01 3.245164e+01
      vertex   -4.144116e+01 -2.099840e+01 3.245164e+01
    endloop
  endfacet
  facet normal -9.982680e-01 -5.883101e-02 0.000000e+00
    outer loop
      vertex   -4.144116e+01 -2.099840e+01 2.545164e+01
      vertex   -4.144116e+01 -2.099840e+01 3.245164e+01
      vertex   -4.150000e+01 -2.000000e+01 2.545164e+01
    endloop
  endfacet
  facet normal -9.982680e-01 -5.883101e-02 0.000000e+00
    outer loop
      vertex   -4.150000e+01 -2.000000e+01 2.545164e+01
      vertex   -4.144116e+01 -2.099840e+01 3.245164e+01
      vertex   -4.150000e+01 -2.000000e+01 3.245164e+01
    endloop
  endfacet
  facet normal -5.883101e-02 -9.982680e-01 2.086323e-15
    outer loop
      vertex   -3.300000e+01 -2.850000e+01 2.545164e+01
      vertex   -3.300000e+01 -2.850000e+01 3.245164e+01
      vertex   -3.399840e+01 -2.844116e+01 2.545164e+01
    endloop
  endfacet
  facet normal -5.883101e-02 -9.982680e-01 0.000000e+00
    outer loop
      vertex   -3.399840e+01 -2.844116e+01 2.545164e+01
      vertex   -3.300000e+01 -2.850000e+01 3.245164e+01
      vertex   -3.399840e+01 -2.844116e+01 3.245164e+01
    endloop
  endfacet
  facet normal -1.756785e-01 -9.844476e-01 0.000000e+00
    outer loop
      vertex   -3.399840e+01 -2.844116e+01 2.545164e+01
      vertex   -3.399840e+01 -2.844116e+01 3.245164e+01
      vertex   -3.498297e+01 -2.826546e+01 2.545164e+01
    endloop
  endfacet
  facet normal -1.756785e-01 -9.844476e-01 0.000000e+00
    outer loop
      vertex   -3.498297e+01 -2.826546e+01 2.545164e+01
      vertex   -3.399840e+01 -2.844116e+01 3.245164e+01
      vertex   -3.498297e+01 -2.826546e+01 3.245164e+01
    endloop
  endfacet
  facet normal -2.900939e-01 -9.569982e-01 0.000000e+00
    outer loop
      vertex   -3.498297e+01 -2.826546e+01 2.545164e+01
      vertex   -3.498297e+01 -2.826546e+01 3.245164e+01
      vertex   -3.594009e+01 -2.797533e+01 2.545164e+01
    endloop
  endfacet
  facet normal -2.900939e-01 -9.569982e-01 2.944631e-16
    outer loop
      vertex   -3.594009e+01 -2.797533e+01 2.545164e+01
      vertex   -3.498297e+01 -2.826546e+01 3.245164e+01
      vertex   -3.594009e+01 -2.797533e+01 3.245164e+01
    endloop
  endfacet
  facet normal -4.004932e-01 -9.162998e-01 4.065250e-16
    outer loop
      vertex   -3.594009e+01 -2.797533e+01 2.545164e+01
      vertex   -3.594009e+01 -2.797533e+01 3.245164e+01
      vertex   -3.685650e+01 -2.757479e+01 2.545164e+01
    endloop
  endfacet
  facet normal -4.004932e-01 -9.162998e-01 3.479999e-16
    outer loop
      vertex   -3.685650e+01 -2.757479e+01 2.545164e+01
      vertex   -3.594009e+01 -2.797533e+01 3.245164e+01
      vertex   -3.685650e+01 -2.757479e+01 3.245164e+01
    endloop
  endfacet
  facet normal -5.053478e-01 -8.629157e-01 5.879617e-16
    outer loop
      vertex   -3.685650e+01 -2.757479e+01 2.545164e+01
      vertex   -3.685650e+01 -2.757479e+01 3.245164e+01
      vertex   -3.771953e+01 -2.706937e+01 2.545164e+01
    endloop
  endfacet
  facet normal -5.053478e-01 -8.629157e-01 5.129589e-16
    outer loop
      vertex   -3.771953e+01 -2.706937e+01 2.545164e+01
      vertex   -3.685650e+01 -2.757479e+01 3.245164e+01
      vertex   -3.771953e+01 -2.706937e+01 3.245164e+01
    endloop
  endfacet
  facet normal -6.032063e-01 -7.975852e-01 6.122912e-16
    outer loop
      vertex   -3.771953e+01 -2.706937e+01 2.545164e+01
      vertex   -3.771953e+01 -2.706937e+01 3.245164e+01
      vertex   -3.851722e+01 -2.646609e+01 2.545164e+01
    endloop
  endfacet
  facet normal -6.032063e-01 -7.975852e-01 6.122912e-16
    outer loop
      vertex   -3.851722e+01 -2.646609e+01 2.545164e+01
      vertex   -3.771953e+01 -2.706937e+01 3.245164e+01
      vertex   -3.851722e+01 -2.646609e+01 3.245164e+01
    endloop
  endfacet
  facet normal -0.000000e+00 0.000000e+00 1.000000e+00
    outer loop
      vertex   1.632080e+01 2.078270e+01 3.495164e+01
      vertex   3.300000e+01 -2.371558e+01 3.495164e+01
      vertex   1.639619e+01 2.150000e+01 3.495164e+01
    endloop
  endfacet
  facet normal -0.000000e+00 0.000000e+00 1.000000e+00
    outer loop
      vertex   1.639619e+01 2.150000e+01 3.495164e+01
      vertex   3.300000e+01 -2.371558e+01 3.495164e+01
      vertex   3.300000e+01 6.337596e+01 3.495164e+01
    endloop
  endfacet
  facet normal 0.000000e+00 -0.000000e+00 1.000000e+00
    outer loop
      vertex   1.639619e+01 2.150000e+01 3.495164e+01
      vertex   3.300000e+01 6.337596e+01 3.495164e+01
      vertex   1.632080e+01 2.221730e+01 3.495164e+01
    endloop
  endfacet
  facet normal 0.000000e+00 -0.000000e+00 1.000000e+00
    outer loop
      vertex   1.632080e+01 2.221730e+01 3.495164e+01
      vertex   3.300000e+01 6.337596e+01 3.495164e+01
      vertex   1.609793e+01 2.290324e+01 3.495164e+01
    endloop
  endfacet
  facet normal 0.000000e+00 -0.000000e+00 1.000000e+00
    outer loop
      vertex   1.609793e+01 2.290324e+01 3.495164e+01
      vertex   3.300000e+01 6.337596e+01 3.495164e+01
      vertex   1.573730e+01 2.352786e+01 3.495164e+01
    endloop
  endfacet
  facet normal 0.000000e+00 -0.000000e+00 1.000000e+00
    outer loop
      vertex   1.573730e+01 2.352786e+01 3.495164e+01
      vertex   3.300000e+01 6.337596e+01 3.495164e+01
      vertex   1.525469e+01 2.406385e+01 3.495164e+01
    endloop
  endfacet
  facet normal 0.000000e+00 -0.000000e+00 1.000000e+00
    outer loop
      vertex   1.525469e+01 2.406385e+01 3.495164e+01
      vertex   3.300000e+01 6.337596e+01 3.495164e+01
      vertex   1.467119e+01 2.448779e+01 3.495164e+01
    endloop
  endfacet
  facet normal 0.000000e+00 -0.000000e+00 1.000000e+00
    outer loop
      vertex   1.467119e+01 2.448779e+01 3.495164e+01
      vertex   3.300000e+01 6.337596e+01 3.495164e+01
      vertex   3.794051e+00 4.378825e+01 3.495164e+01
    endloop
  endfacet
  facet normal 0.000000e+00 0.000000e+00 1.000000e+00
    outer loop
      vertex   1.467119e+01 2.448779e+01 3.495164e+01
      vertex   3.794051e+00 4.378825e+01 3.495164e+01
      vertex   1.401230e+01 2.478114e+01 3.495164e+01
    endloop
  endfacet
  facet normal 0.000000e+00 0.000000e+00 1.000000e+00
    outer loop
      vertex   1.401230e+01 2.478114e+01 3.495164e+01
      vertex   3.794051e+00 4.378825e+01 3.495164e+01
      vertex   3.794051e+00 4.221175e+01 3.495164e+01
    endloop
  endfacet
  facet normal 0.000000e+00 0.000000e+00 1.000000e+00
    outer loop
      vertex   1.401230e+01 2.478114e+01 3.495164e+01
      vertex   3.794051e+00 4.221175e+01 3.495164e+01
      vertex   1.330682e+01 2.493110e+01 3.495164e+01
    endloop
  endfacet
  facet normal 0.000000e+00 0.000000e+00 1.000000e+00
    outer loop
      vertex   1.330682e+01 2.493110e+01 3.495164e+01
      vertex   3.794051e+00 4.221175e+01 3.495164e+01
      vertex   3.637082e+00 4.064309e+01 3.495164e+01
    endloop
  endfacet
  facet normal 0.000000e+00 0.000000e+00 1.000000e+00
    outer loop
      vertex   1.330682e+01 2.493110e+01 3.495164e+01
      vertex   3.637082e+00 4.064309e+01 3.495164e+01
      vertex   1.258557e+01 2.493110e+01 3.495164e+01
    endloop
  endfacet
  facet normal 0.000000e+00 0.000000e+00 1.000000e+00
    outer loop
      vertex   1.258557e+01 2.493110e+01 3.495164e+01
      vertex   3.637082e+00 4.064309e+01 3.495164e+01
      vertex   3.324706e+00 3.909785e+01 3.495164e+01
    endloop
  endfacet
  facet normal 0.000000e+00 0.000000e+00 1.000000e+00
    outer loop
      vertex   1.258557e+01 2.493110e+01 3.495164e+01
      vertex   3.324706e+00 3.909785e+01 3.495164e+01
      vertex   1.188008e+01 2.478114e+01 3.495164e+01
    endloop
  endfacet
  facet normal 0.000000e+00 0.000000e+00 1.000000e+00
    outer loop
      vertex   1.188008e+01 2.478114e+01 3.495164e+01
      vertex   3.324706e+00 3.909785e+01 3.495164e+01
      vertex   2.860025e+00 3.759139e+01 3.495164e+01
    endloop
  endfacet
  facet normal 0.000000e+00 0.000000e+00 1.000000e+00
    outer loop
      vertex   1.188008e+01 2.478114e+01 3.495164e+01
      vertex   2.860025e+00 3.759139e+01 3.495164e+01
      vertex   1.122119e+01 2.448779e+01 3.495164e+01
    endloop
  endfacet
  facet normal 0.000000e+00 0.000000e+00 1.000000e+00
    outer loop
      vertex   1.122119e+01 2.448779e+01 3.495164e+01
      vertex   2.860025e+00 3.759139e+01 3.495164e+01
      vertex   2.247659e+00 3.613869e+01 3.495164e+01
    endloop
  endfacet
  facet normal 0.000000e+00 0.000000e+00 1.000000e+00
    outer loop
      vertex   1.122119e+01 2.448779e+01 3.495164e+01
      vertex   2.247659e+00 3.613869e+01 3.495164e+01
      vertex   1.063769e+01 2.406385e+01 3.495164e+01
    endloop
  endfacet
  facet normal 0.000000e+00 0.000000e+00 1.000000e+00
    outer loop
      vertex   1.063769e+01 2.406385e+01 3.495164e+01
      vertex   2.247659e+00 3.613869e+01 3.495164e+01
      vertex   1.493693e+00 3.475418e+01 3.495164e+01
    endloop
  endfacet
  facet normal 0.000000e+00 0.000000e+00 1.000000e+00
    outer loop
      vertex   1.063769e+01 2.406385e+01 3.495164e+01
      vertex   1.493693e+00 3.475418e+01 3.495164e+01
      vertex   1.015508e+01 2.352786e+01 3.495164e+01
    endloop
  endfacet
  facet normal 0.000000e+00 0.000000e+00 1.000000e+00
    outer loop
      vertex   1.015508e+01 2.352786e+01 3.495164e+01
      vertex   1.493693e+00 3.475418e+01 3.495164e+01
      vertex   6.056211e-01 3.345161e+01 3.495164e+01
    endloop
  endfacet
  facet normal 0.000000e+00 0.000000e+00 1.000000e+00
    outer loop
      vertex   1.015508e+01 2.352786e+01 3.495164e+01
      vertex   6.056211e-01 3.345161e+01 3.495164e+01
      vertex   9.794461e+00 2.290324e+01 3.495164e+01
    endloop
  endfacet
  facet normal 0.000000e+00 0.000000e+00 1.000000e+00
    outer loop
      vertex   9.794461e+00 2.290324e+01 3.495164e+01
      vertex   6.056211e-01 3.345161e+01 3.495164e+01
      vertex   -4.077314e-01 3.224395e+01 3.495164e+01
    endloop
  endfacet
  facet normal 0.000000e+00 0.000000e+00 1.000000e+00
    outer loop
      vertex   9.794461e+00 2.290324e+01 3.495164e+01
      vertex   -4.077314e-01 3.224395e+01 3.495164e+01
      vertex   9.571584e+00 2.221730e+01 3.495164e+01
    endloop
  endfacet
  facet normal 0.000000e+00 0.000000e+00 1.000000e+00
    outer loop
      vertex   9.571584e+00 2.221730e+01 3.495164e+01
      vertex   -4.077314e-01 3.224395e+01 3.495164e+01
      vertex   -1.536293e+00 3.114318e+01 3.495164e+01
    endloop
  endfacet
  facet normal 0.000000e+00 0.000000e+00 1.000000e+00
    outer loop
      vertex   9.571584e+00 2.221730e+01 3.495164e+01
      vertex   -1.536293e+00 3.114318e+01 3.495164e+01
      vertex   9.496193e+00 2.150000e+01 3.495164e+01
    endloop
  endfacet
  facet normal 0.000000e+00 0.000000e+00 1.000000e+00
    outer loop
      vertex   9.496193e+00 2.150000e+01 3.495164e+01
      vertex   -1.536293e+00 3.114318e+01 3.495164e+01
      vertex   -2.768848e+00 3.016025e+01 3.495164e+01
    endloop
  endfacet
  facet normal 0.000000e+00 0.000000e+00 1.000000e+00
    outer loop
      vertex   9.496193e+00 2.150000e+01 3.495164e+01
      vertex   -2.768848e+00 3.016025e+01 3.495164e+01
      vertex   -2.768848e+00 1.283975e+01 3.495164e+01
    endloop
  endfacet
  facet normal 0.000000e+00 -0.000000e+00 1.000000e+00
    outer loop
      vertex   -2.768848e+00 1.283975e+01 3.495164e+01
      vertex   -2.768848e+00 3.016025e+01 3.495164e+01
      vertex   -4.093146e+00 2.930493e+01 3.495164e+01
    endloop
  endfacet
  facet normal 0.000000e+00 0.000000e+00 1.000000e+00
    outer loop
      vertex   -2.768848e+00 1.283975e+01 3.495164e+01
      vertex   -4.093146e+00 2.930493e+01 3.495164e+01
      vertex   -4.093146e+00 1.369507e+01 3.495164e+01
    endloop
  endfacet
  facet normal 0.000000e+00 -0.000000e+00 1.000000e+00
    outer loop
      vertex   -4.093146e+00 1.369507e+01 3.495164e+01
      vertex   -4.093146e+00 2.930493e+01 3.495164e+01
      vertex   -5.496026e+00 2.858571e+01 3.495164e+01
    endloop
  endfacet
  facet normal 0.000000e+00 0.000000e+00 1.000000e+00
    outer loop
      vertex   -4.093146e+00 1.369507e+01 3.495164e+01
      vertex   -5.496026e+00 2.858571e+01 3.495164e+01
      vertex   -5.496026e+00 1.441429e+01 3.495164e+01
    endloop
  endfacet
  facet normal 0.000000e+00 -0.000000e+00 1.000000e+00
    outer loop
      vertex   -5.496026e+00 1.441429e+01 3.495164e+01
      vertex   -5.496026e+00 2.858571e+01 3.495164e+01
      vertex   -6.963545e+00 2.800975e+01 3.495164e+01
    endloop
  endfacet
  facet normal 0.000000e+00 0.000000e+00 1.000000e+00
    outer loop
      vertex   -5.496026e+00 1.441429e+01 3.495164e+01
      vertex   -6.963545e+00 2.800975e+01 3.495164e+01
      vertex   -6.963545e+00 1.499025e+01 3.495164e+01
    endloop
  endfacet
  facet normal 0.000000e+00 -0.000000e+00 1.000000e+00
    outer loop
      vertex   -6.963545e+00 1.499025e+01 3.495164e+01
      vertex   -6.963545e+00 2.800975e+01 3.495164e+01
      vertex   -8.481119e+00 2.758277e+01 3.495164e+01
    endloop
  endfacet
  facet normal 0.000000e+00 0.000000e+00 1.000000e+00
    outer loop
      vertex   -6.963545e+00 1.499025e+01 3.495164e+01
      vertex   -8.481119e+00 2.758277e+01 3.495164e+01
      vertex   -8.481119e+00 1.541723e+01 3.495164e+01
    endloop
  endfacet
  facet normal 0.000000e+00 -0.000000e+00 1.000000e+00
    outer loop
      vertex   -8.481119e+00 1.541723e+01 3.495164e+01
      vertex   -8.481119e+00 2.758277e+01 3.495164e+01
      vertex   -1.003367e+01 2.730902e+01 3.495164e+01
    endloop
  endfacet
  facet normal 0.000000e+00 0.000000e+00 1.000000e+00
    outer loop
      vertex   -8.481119e+00 1.541723e+01 3.495164e+01
      vertex   -1.003367e+01 2.730902e+01 3.495164e+01
      vertex   -1.003367e+01 1.569098e+01 3.495164e+01
    endloop
  endfacet
  facet normal 0.000000e+00 -0.000000e+00 1.000000e+00
    outer loop
      vertex   -1.003367e+01 1.569098e+01 3.495164e+01
      vertex   -1.003367e+01 2.730902e+01 3.495164e+01
      vertex   -1.160575e+01 2.719121e+01 3.495164e+01
    endloop
  endfacet
  facet normal 0.000000e+00 0.000000e+00 1.000000e+00
    outer loop
      vertex   -1.003367e+01 1.569098e+01 3.495164e+01
      vertex   -1.160575e+01 2.719121e+01 3.495164e+01
      vertex   -1.160575e+01 1.580879e+01 3.495164e+01
    endloop
  endfacet
  facet normal 0.000000e+00 -0.000000e+00 1.000000e+00
    outer loop
      vertex   -1.160575e+01 1.580879e+01 3.495164e+01
      vertex   -1.160575e+01 2.719121e+01 3.495164e+01
      vertex   -1.318176e+01 2.723051e+01 3.495164e+01
    endloop
  endfacet
  facet normal 0.000000e+00 0.000000e+00 1.000000e+00
    outer loop
      vertex   -1.160575e+01 1.580879e+01 3.495164e+01
      vertex   -1.318176e+01 2.723051e+01 3.495164e+01
      vertex   -1.318176e+01 1.576949e+01 3.495164e+01
    endloop
  endfacet
  facet normal 0.000000e+00 -0.000000e+00 1.000000e+00
    outer loop
      vertex   -1.318176e+01 1.576949e+01 3.495164e+01
      vertex   -1.318176e+01 2.723051e+01 3.495164e+01
      vertex   -1.474602e+01 2.742654e+01 3.495164e+01
    endloop
  endfacet
  facet normal 0.000000e+00 0.000000e+00 1.000000e+00
    outer loop
      vertex   -1.318176e+01 1.576949e+01 3.495164e+01
      vertex   -1.474602e+01 2.742654e+01 3.495164e+01
      vertex   -1.474602e+01 1.557346e+01 3.495164e+01
    endloop
  endfacet
  facet normal 0.000000e+00 -0.000000e+00 1.000000e+00
    outer loop
      vertex   -1.474602e+01 1.557346e+01 3.495164e+01
      vertex   -1.474602e+01 2.742654e+01 3.495164e+01
      vertex   -1.628299e+01 2.777734e+01 3.495164e+01
    endloop
  endfacet
  facet normal 0.000000e+00 0.000000e+00 1.000000e+00
    outer loop
      vertex   -1.474602e+01 1.557346e+01 3.495164e+01
      vertex   -1.628299e+01 2.777734e+01 3.495164e+01
      vertex   -1.628299e+01 1.522266e+01 3.495164e+01
    endloop
  endfacet
  facet normal 0.000000e+00 -0.000000e+00 1.000000e+00
    outer loop
      vertex   -1.628299e+01 1.522266e+01 3.495164e+01
      vertex   -1.628299e+01 2.777734e+01 3.495164e+01
      vertex   -1.777740e+01 2.827943e+01 3.495164e+01
    endloop
  endfacet
  facet normal 0.000000e+00 0.000000e+00 1.000000e+00
    outer loop
      vertex   -1.628299e+01 1.522266e+01 3.495164e+01
      vertex   -1.777740e+01 2.827943e+01 3.495164e+01
      vertex   -1.777740e+01 1.472057e+01 3.495164e+01
    endloop
  endfacet
  facet normal 0.000000e+00 -0.000000e+00 1.000000e+00
    outer loop
      vertex   -1.777740e+01 1.472057e+01 3.495164e+01
      vertex   -1.777740e+01 2.827943e+01 3.495164e+01
      vertex   -1.921438e+01 2.892783e+01 3.495164e+01
    endloop
  endfacet
  facet normal 0.000000e+00 0.000000e+00 1.000000e+00
    outer loop
      vertex   -1.777740e+01 1.472057e+01 3.495164e+01
      vertex   -1.921438e+01 2.892783e+01 3.495164e+01
      vertex   -1.921438e+01 1.407217e+01 3.495164e+01
    endloop
  endfacet
  facet normal 0.000000e+00 -0.000000e+00 1.000000e+00
    outer loop
      vertex   -1.921438e+01 1.407217e+01 3.495164e+01
      vertex   -1.921438e+01 2.892783e+01 3.495164e+01
      vertex   -2.057967e+01 2.971607e+01 3.495164e+01
    endloop
  endfacet
  facet normal 0.000000e+00 0.000000e+00 1.000000e+00
    outer loop
      vertex   -1.921438e+01 1.407217e+01 3.495164e+01
      vertex   -2.057967e+01 2.971607e+01 3.495164e+01
      vertex   -2.057967e+01 1.328393e+01 3.495164e+01
    endloop
  endfacet
  facet normal 0.000000e+00 -0.000000e+00 1.000000e+00
    outer loop
      vertex   -2.057967e+01 1.328393e+01 3.495164e+01
      vertex   -2.057967e+01 2.971607e+01 3.495164e+01
      vertex   -2.185969e+01 3.063634e+01 3.495164e+01
    endloop
  endfacet
  facet normal 0.000000e+00 0.000000e+00 1.000000e+00
    outer loop
      vertex   -2.057967e+01 1.328393e+01 3.495164e+01
      vertex   -2.185969e+01 3.063634e+01 3.495164e+01
      vertex   -2.185969e+01 1.236366e+01 3.495164e+01
    endloop
  endfacet
  facet normal 0.000000e+00 -0.000000e+00 1.000000e+00
    outer loop
      vertex   -2.185969e+01 1.236366e+01 3.495164e+01
      vertex   -2.185969e+01 3.063634e+01 3.495164e+01
      vertex   -2.304171e+01 3.167949e+01 3.495164e+01
    endloop
  endfacet
  facet normal 0.000000e+00 0.000000e+00 1.000000e+00
    outer loop
      vertex   -2.185969e+01 1.236366e+01 3.495164e+01
      vertex   -2.304171e+01 3.167949e+01 3.495164e+01
      vertex   -2.304171e+01 1.132051e+01 3.495164e+01
    endloop
  endfacet
  facet normal 0.000000e+00 -0.000000e+00 1.000000e+00
    outer loop
      vertex   -2.304171e+01 1.132051e+01 3.495164e+01
      vertex   -2.304171e+01 3.167949e+01 3.495164e+01
      vertex   -2.411400e+01 3.283514e+01 3.495164e+01
    endloop
  endfacet
  facet normal 0.000000e+00 0.000000e+00 1.000000e+00
    outer loop
      vertex   -2.304171e+01 1.132051e+01 3.495164e+01
      vertex   -2.411400e+01 3.283514e+01 3.495164e+01
      vertex   -2.411400e+01 1.016486e+01 3.495164e+01
    endloop
  endfacet
  facet normal 0.000000e+00 -0.000000e+00 1.000000e+00
    outer loop
      vertex   -2.411400e+01 1.016486e+01 3.495164e+01
      vertex   -2.411400e+01 3.283514e+01 3.495164e+01
      vertex   -2.506590e+01 3.409182e+01 3.495164e+01
    endloop
  endfacet
  facet normal 0.000000e+00 0.000000e+00 1.000000e+00
    outer loop
      vertex   -2.411400e+01 1.016486e+01 3.495164e+01
      vertex   -2.506590e+01 3.409182e+01 3.495164e+01
      vertex   -2.506590e+01 8.908179e+00 3.495164e+01
    endloop
  endfacet
  facet normal 0.000000e+00 -0.000000e+00 1.000000e+00
    outer loop
      vertex   -2.506590e+01 8.908179e+00 3.495164e+01
      vertex   -2.506590e+01 3.409182e+01 3.495164e+01
      vertex   -2.588794e+01 3.543703e+01 3.495164e+01
    endloop
  endfacet
  facet normal 0.000000e+00 0.000000e+00 1.000000e+00
    outer loop
      vertex   -2.506590e+01 8.908179e+00 3.495164e+01
      vertex   -2.588794e+01 3.543703e+01 3.495164e+01
      vertex   -2.588794e+01 7.562969e+00 3.495164e+01
    endloop
  endfacet
  facet normal 0.000000e+00 -0.000000e+00 1.000000e+00
    outer loop
      vertex   -2.588794e+01 7.562969e+00 3.495164e+01
      vertex   -2.588794e+01 3.543703e+01 3.495164e+01
      vertex   -2.657196e+01 3.685741e+01 3.495164e+01
    endloop
  endfacet
  facet normal 0.000000e+00 0.000000e+00 1.000000e+00
    outer loop
      vertex   -2.588794e+01 7.562969e+00 3.495164e+01
      vertex   -2.657196e+01 3.685741e+01 3.495164e+01
      vertex   -2.657196e+01 6.142595e+00 3.495164e+01
    endloop
  endfacet
  facet normal 0.000000e+00 -0.000000e+00 1.000000e+00
    outer loop
      vertex   -2.657196e+01 6.142595e+00 3.495164e+01
      vertex   -2.657196e+01 3.685741e+01 3.495164e+01
      vertex   -2.711115e+01 4.661172e+00 3.495164e+01
    endloop
  endfacet
  facet normal 0.000000e+00 0.000000e+00 1.000000e+00
    outer loop
      vertex   -2.711115e+01 4.661172e+00 3.495164e+01
      vertex   -2.657196e+01 3.685741e+01 3.495164e+01
      vertex   -2.711115e+01 3.833883e+01 3.495164e+01
    endloop
  endfacet
  facet normal 0.000000e+00 -0.000000e+00 1.000000e+00
    outer loop
      vertex   -2.711115e+01 4.661172e+00 3.495164e+01
      vertex   -2.711115e+01 3.833883e+01 3.495164e+01
      vertex   -2.750016e+01 3.133425e+00 3.495164e+01
    endloop
  endfacet
  facet normal 0.000000e+00 0.000000e+00 1.000000e+00
    outer loop
      vertex   -2.750016e+01 3.133425e+00 3.495164e+01
      vertex   -2.711115e+01 3.833883e+01 3.495164e+01
      vertex   -2.750016e+01 3.986657e+01 3.495164e+01
    endloop
  endfacet
  facet normal 0.000000e+00 -0.000000e+00 1.000000e+00
    outer loop
      vertex   -2.750016e+01 3.133425e+00 3.495164e+01
      vertex   -2.750016e+01 3.986657e+01 3.495164e+01
      vertex   -3.900000e+01 -2.000000e+01 3.495164e+01
    endloop
  endfacet
  facet normal 0.000000e+00 -0.000000e+00 1.000000e+00
    outer loop
      vertex   -3.900000e+01 -2.000000e+01 3.495164e+01
      vertex   -2.750016e+01 3.986657e+01 3.495164e+01
      vertex   -3.900000e+01 6.428890e+01 3.495164e+01
    endloop
  endfacet
  facet normal 0.000000e+00 0.000000e+00 1.000000e+00
    outer loop
      vertex   -3.900000e+01 6.428890e+01 3.495164e+01
      vertex   -2.750016e+01 3.986657e+01 3.495164e+01
      vertex   -2.773513e+01 4.142546e+01 3.495164e+01
    endloop
  endfacet
  facet normal 0.000000e+00 0.000000e+00 1.000000e+00
    outer loop
      vertex   -3.900000e+01 6.428890e+01 3.495164e+01
      vertex   -2.773513e+01 4.142546e+01 3.495164e+01
      vertex   -2.781371e+01 4.300000e+01 3.495164e+01
    endloop
  endfacet
  facet normal 0.000000e+00 0.000000e+00 1.000000e+00
    outer loop
      vertex   1.632080e+01 2.078270e+01 3.495164e+01
      vertex   1.609793e+01 2.009676e+01 3.495164e+01
      vertex   3.300000e+01 -2.371558e+01 3.495164e+01
    endloop
  endfacet
  facet normal 0.000000e+00 0.000000e+00 1.000000e+00
    outer loop
      vertex   3.300000e+01 -2.371558e+01 3.495164e+01
      vertex   1.609793e+01 2.009676e+01 3.495164e+01
      vertex   1.573730e+01 1.947214e+01 3.495164e+01
    endloop
  endfacet
  facet normal 0.000000e+00 0.000000e+00 1.000000e+00
    outer loop
      vertex   3.300000e+01 -2.371558e+01 3.495164e+01
      vertex   1.573730e+01 1.947214e+01 3.495164e+01
      vertex   1.525469e+01 1.893615e+01 3.495164e+01
    endloop
  endfacet
  facet normal 0.000000e+00 0.000000e+00 1.000000e+00
    outer loop
      vertex   3.300000e+01 -2.371558e+01 3.495164e+01
      vertex   1.525469e+01 1.893615e+01 3.495164e+01
      vertex   2.828890e+01 -2.600000e+01 3.495164e+01
    endloop
  endfacet
  facet normal 0.000000e+00 0.000000e+00 1.000000e+00
    outer loop
      vertex   2.828890e+01 -2.600000e+01 3.495164e+01
      vertex   1.525469e+01 1.893615e+01 3.495164e+01
      vertex   1.467119e+01 1.851221e+01 3.495164e+01
    endloop
  endfacet
  facet normal 0.000000e+00 0.000000e+00 1.000000e+00
    outer loop
      vertex   2.828890e+01 -2.600000e+01 3.495164e+01
      vertex   1.467119e+01 1.851221e+01 3.495164e+01
      vertex   3.794051e+00 -7.882483e-01 3.495164e+01
    endloop
  endfacet
  facet normal 0.000000e+00 0.000000e+00 1.000000e+00
    outer loop
      vertex   3.794051e+00 -7.882483e-01 3.495164e+01
      vertex   1.467119e+01 1.851221e+01 3.495164e+01
      vertex   1.401230e+01 1.821886e+01 3.495164e+01
    endloop
  endfacet
  facet normal 0.000000e+00 0.000000e+00 1.000000e+00
    outer loop
      vertex   3.794051e+00 -7.882483e-01 3.495164e+01
      vertex   1.401230e+01 1.821886e+01 3.495164e+01
      vertex   3.794051e+00 7.882483e-01 3.495164e+01
    endloop
  endfacet
  facet normal 0.000000e+00 0.000000e+00 1.000000e+00
    outer loop
      vertex   3.794051e+00 7.882483e-01 3.495164e+01
      vertex   1.401230e+01 1.821886e+01 3.495164e+01
      vertex   1.330682e+01 1.806890e+01 3.495164e+01
    endloop
  endfacet
  facet normal 0.000000e+00 -0.000000e+00 1.000000e+00
    outer loop
      vertex   3.794051e+00 7.882483e-01 3.495164e+01
      vertex   1.330682e+01 1.806890e+01 3.495164e+01
      vertex   3.637082e+00 2.356911e+00 3.495164e+01
    endloop
  endfacet
  facet normal 0.000000e+00 0.000000e+00 1.000000e+00
    outer loop
      vertex   3.637082e+00 2.356911e+00 3.495164e+01
      vertex   1.330682e+01 1.806890e+01 3.495164e+01
      vertex   1.258557e+01 1.806890e+01 3.495164e+01
    endloop
  endfacet
  facet normal 0.000000e+00 -0.000000e+00 1.000000e+00
    outer loop
      vertex   3.637082e+00 2.356911e+00 3.495164e+01
      vertex   1.258557e+01 1.806890e+01 3.495164e+01
      vertex   3.324706e+00 3.902150e+00 3.495164e+01
    endloop
  endfacet
  facet normal 0.000000e+00 0.000000e+00 1.000000e+00
    outer loop
      vertex   3.324706e+00 3.902150e+00 3.495164e+01
      vertex   1.258557e+01 1.806890e+01 3.495164e+01
      vertex   1.188008e+01 1.821886e+01 3.495164e+01
    endloop
  endfacet
  facet normal 0.000000e+00 -0.000000e+00 1.000000e+00
    outer loop
      vertex   3.324706e+00 3.902150e+00 3.495164e+01
      vertex   1.188008e+01 1.821886e+01 3.495164e+01
      vertex   2.860025e+00 5.408607e+00 3.495164e+01
    endloop
  endfacet
  facet normal 0.000000e+00 0.000000e+00 1.000000e+00
    outer loop
      vertex   2.860025e+00 5.408607e+00 3.495164e+01
      vertex   1.188008e+01 1.821886e+01 3.495164e+01
      vertex   1.122119e+01 1.851221e+01 3.495164e+01
    endloop
  endfacet
  facet normal 0.000000e+00 -0.000000e+00 1.000000e+00
    outer loop
      vertex   2.860025e+00 5.408607e+00 3.495164e+01
      vertex   1.122119e+01 1.851221e+01 3.495164e+01
      vertex   2.247659e+00 6.861311e+00 3.495164e+01
    endloop
  endfacet
  facet normal 0.000000e+00 0.000000e+00 1.000000e+00
    outer loop
      vertex   2.247659e+00 6.861311e+00 3.495164e+01
      vertex   1.122119e+01 1.851221e+01 3.495164e+01
      vertex   1.063769e+01 1.893615e+01 3.495164e+01
    endloop
  endfacet
  facet normal 0.000000e+00 -0.000000e+00 1.000000e+00
    outer loop
      vertex   2.247659e+00 6.861311e+00 3.495164e+01
      vertex   1.063769e+01 1.893615e+01 3.495164e+01
      vertex   1.493693e+00 8.245824e+00 3.495164e+01
    endloop
  endfacet
  facet normal 0.000000e+00 0.000000e+00 1.000000e+00
    outer loop
      vertex   1.493693e+00 8.245824e+00 3.495164e+01
      vertex   1.063769e+01 1.893615e+01 3.495164e+01
      vertex   1.015508e+01 1.947214e+01 3.495164e+01
    endloop
  endfacet
  facet normal 0.000000e+00 -0.000000e+00 1.000000e+00
    outer loop
      vertex   1.493693e+00 8.245824e+00 3.495164e+01
      vertex   1.015508e+01 1.947214e+01 3.495164e+01
      vertex   6.056211e-01 9.548387e+00 3.495164e+01
    endloop
  endfacet
  facet normal 0.000000e+00 0.000000e+00 1.000000e+00
    outer loop
      vertex   6.056211e-01 9.548387e+00 3.495164e+01
      vertex   1.015508e+01 1.947214e+01 3.495164e+01
      vertex   9.794461e+00 2.009676e+01 3.495164e+01
    endloop
  endfacet
  facet normal 0.000000e+00 -0.000000e+00 1.000000e+00
    outer loop
      vertex   6.056211e-01 9.548387e+00 3.495164e+01
      vertex   9.794461e+00 2.009676e+01 3.495164e+01
      vertex   -4.077314e-01 1.075605e+01 3.495164e+01
    endloop
  endfacet
  facet normal 0.000000e+00 0.000000e+00 1.000000e+00
    outer loop
      vertex   -4.077314e-01 1.075605e+01 3.495164e+01
      vertex   9.794461e+00 2.009676e+01 3.495164e+01
      vertex   9.571584e+00 2.078270e+01 3.495164e+01
    endloop
  endfacet
  facet normal 0.000000e+00 -0.000000e+00 1.000000e+00
    outer loop
      vertex   -4.077314e-01 1.075605e+01 3.495164e+01
      vertex   9.571584e+00 2.078270e+01 3.495164e+01
      vertex   -1.536293e+00 1.185682e+01 3.495164e+01
    endloop
  endfacet
  facet normal 0.000000e+00 0.000000e+00 1.000000e+00
    outer loop
      vertex   -1.536293e+00 1.185682e+01 3.495164e+01
      vertex   9.571584e+00 2.078270e+01 3.495164e+01
      vertex   9.496193e+00 2.150000e+01 3.495164e+01
    endloop
  endfacet
  facet normal 0.000000e+00 -0.000000e+00 1.000000e+00
    outer loop
      vertex   -1.536293e+00 1.185682e+01 3.495164e+01
      vertex   9.496193e+00 2.150000e+01 3.495164e+01
      vertex   -2.768848e+00 1.283975e+01 3.495164e+01
    endloop
  endfacet
  facet normal 0.000000e+00 0.000000e+00 1.000000e+00
    outer loop
      vertex   -2.773513e+01 -1.574537e+00 3.495164e+01
      vertex   -2.781371e+01 -2.220446e-15 3.495164e+01
      vertex   -3.900000e+01 -2.000000e+01 3.495164e+01
    endloop
  endfacet
  facet normal 0.000000e+00 0.000000e+00 1.000000e+00
    outer loop
      vertex   -3.900000e+01 -2.000000e+01 3.495164e+01
      vertex   -2.781371e+01 -2.220446e-15 3.495164e+01
      vertex   -2.773513e+01 1.574537e+00 3.495164e+01
    endloop
  endfacet
  facet normal 0.000000e+00 0.000000e+00 1.000000e+00
    outer loop
      vertex   -3.900000e+01 -2.000000e+01 3.495164e+01
      vertex   -2.773513e+01 1.574537e+00 3.495164e+01
      vertex   -2.750016e+01 3.133425e+00 3.495164e+01
    endloop
  endfacet
  facet normal 0.000000e+00 0.000000e+00 1.000000e+00
    outer loop
      vertex   3.794051e+00 -7.882483e-01 3.495164e+01
      vertex   3.637082e+00 -2.356911e+00 3.495164e+01
      vertex   2.828890e+01 -2.600000e+01 3.495164e+01
    endloop
  endfacet
  facet normal 0.000000e+00 0.000000e+00 1.000000e+00
    outer loop
      vertex   2.828890e+01 -2.600000e+01 3.495164e+01
      vertex   3.637082e+00 -2.356911e+00 3.495164e+01
      vertex   3.324706e+00 -3.902150e+00 3.495164e+01
    endloop
  endfacet
  facet normal 0.000000e+00 0.000000e+00 1.000000e+00
    outer loop
      vertex   2.828890e+01 -2.600000e+01 3.495164e+01
      vertex   3.324706e+00 -3.902150e+00 3.495164e+01
      vertex   2.860025e+00 -5.408607e+00 3.495164e+01
    endloop
  endfacet
  facet normal 0.000000e+00 0.000000e+00 1.000000e+00
    outer loop
      vertex   2.860025e+00 -5.408607e+00 3.495164e+01
      vertex   2.247659e+00 -6.861311e+00 3.495164e+01
      vertex   2.828890e+01 -2.600000e+01 3.495164e+01
    endloop
  endfacet
  facet normal 0.000000e+00 0.000000e+00 1.000000e+00
    outer loop
      vertex   2.828890e+01 -2.600000e+01 3.495164e+01
      vertex   2.247659e+00 -6.861311e+00 3.495164e+01
      vertex   1.493693e+00 -8.245824e+00 3.495164e+01
    endloop
  endfacet
  facet normal 0.000000e+00 0.000000e+00 1.000000e+00
    outer loop
      vertex   2.828890e+01 -2.600000e+01 3.495164e+01
      vertex   1.493693e+00 -8.245824e+00 3.495164e+01
      vertex   6.056211e-01 -9.548387e+00 3.495164e+01
    endloop
  endfacet
  facet normal 0.000000e+00 0.000000e+00 1.000000e+00
    outer loop
      vertex   6.056211e-01 -9.548387e+00 3.495164e+01
      vertex   -4.077314e-01 -1.075605e+01 3.495164e+01
      vertex   2.828890e+01 -2.600000e+01 3.495164e+01
    endloop
  endfacet
  facet normal 0.000000e+00 0.000000e+00 1.000000e+00
    outer loop
      vertex   2.828890e+01 -2.600000e+01 3.495164e+01
      vertex   -4.077314e-01 -1.075605e+01 3.495164e+01
      vertex   -1.536293e+00 -1.185682e+01 3.495164e+01
    endloop
  endfacet
  facet normal 0.000000e+00 0.000000e+00 1.000000e+00
    outer loop
      vertex   2.828890e+01 -2.600000e+01 3.495164e+01
      vertex   -1.536293e+00 -1.185682e+01 3.495164e+01
      vertex   -2.768848e+00 -1.283975e+01 3.495164e+01
    endloop
  endfacet
  facet normal 0.000000e+00 0.000000e+00 1.000000e+00
    outer loop
      vertex   -2.768848e+00 -1.283975e+01 3.495164e+01
      vertex   -4.093146e+00 -1.369507e+01 3.495164e+01
      vertex   2.828890e+01 -2.600000e+01 3.495164e+01
    endloop
  endfacet
  facet normal 0.000000e+00 0.000000e+00 1.000000e+00
    outer loop
      vertex   2.828890e+01 -2.600000e+01 3.495164e+01
      vertex   -4.093146e+00 -1.369507e+01 3.495164e+01
      vertex   -5.496026e+00 -1.441429e+01 3.495164e+01
    endloop
  endfacet
  facet normal 0.000000e+00 0.000000e+00 1.000000e+00
    outer loop
      vertex   2.828890e+01 -2.600000e+01 3.495164e+01
      vertex   -5.496026e+00 -1.441429e+01 3.495164e+01
      vertex   -6.963545e+00 -1.499025e+01 3.495164e+01
    endloop
  endfacet
  facet normal 0.000000e+00 0.000000e+00 1.000000e+00
    outer loop
      vertex   -6.963545e+00 -1.499025e+01 3.495164e+01
      vertex   -8.481119e+00 -1.541723e+01 3.495164e+01
      vertex   2.828890e+01 -2.600000e+01 3.495164e+01
    endloop
  endfacet
  facet normal 0.000000e+00 0.000000e+00 1.000000e+00
    outer loop
      vertex   2.828890e+01 -2.600000e+01 3.495164e+01
      vertex   -8.481119e+00 -1.541723e+01 3.495164e+01
      vertex   -1.003367e+01 -1.569098e+01 3.495164e+01
    endloop
  endfacet
  facet normal 0.000000e+00 0.000000e+00 1.000000e+00
    outer loop
      vertex   2.828890e+01 -2.600000e+01 3.495164e+01
      vertex   -1.003367e+01 -1.569098e+01 3.495164e+01
      vertex   -3.300000e+01 -2.600000e+01 3.495164e+01
    endloop
  endfacet
  facet normal 0.000000e+00 0.000000e+00 1.000000e+00
    outer loop
      vertex   -3.300000e+01 -2.600000e+01 3.495164e+01
      vertex   -1.003367e+01 -1.569098e+01 3.495164e+01
      vertex   -1.160575e+01 -1.580879e+01 3.495164e+01
    endloop
  endfacet
  facet normal 0.000000e+00 0.000000e+00 1.000000e+00
    outer loop
      vertex   -3.300000e+01 -2.600000e+01 3.495164e+01
      vertex   -1.160575e+01 -1.580879e+01 3.495164e+01
      vertex   -1.318176e+01 -1.576949e+01 3.495164e+01
    endloop
  endfacet
  facet normal 0.000000e+00 0.000000e+00 1.000000e+00
    outer loop
      vertex   -1.318176e+01 -1.576949e+01 3.495164e+01
      vertex   -1.474602e+01 -1.557346e+01 3.495164e+01
      vertex   -3.300000e+01 -2.600000e+01 3.495164e+01
    endloop
  endfacet
  facet normal 0.000000e+00 0.000000e+00 1.000000e+00
    outer loop
      vertex   -3.300000e+01 -2.600000e+01 3.495164e+01
      vertex   -1.474602e+01 -1.557346e+01 3.495164e+01
      vertex   -1.628299e+01 -1.522266e+01 3.495164e+01
    endloop
  endfacet
  facet normal 0.000000e+00 0.000000e+00 1.000000e+00
    outer loop
      vertex   -3.300000e+01 -2.600000e+01 3.495164e+01
      vertex   -1.628299e+01 -1.522266e+01 3.495164e+01
      vertex   -1.777740e+01 -1.472057e+01 3.495164e+01
    endloop
  endfacet
  facet normal 0.000000e+00 0.000000e+00 1.000000e+00
    outer loop
      vertex   -1.777740e+01 -1.472057e+01 3.495164e+01
      vertex   -1.921438e+01 -1.407217e+01 3.495164e+01
      vertex   -3.300000e+01 -2.600000e+01 3.495164e+01
    endloop
  endfacet
  facet normal 0.000000e+00 0.000000e+00 1.000000e+00
    outer loop
      vertex   -3.300000e+01 -2.600000e+01 3.495164e+01
      vertex   -1.921438e+01 -1.407217e+01 3.495164e+01
      vertex   -2.057967e+01 -1.328393e+01 3.495164e+01
    endloop
  endfacet
  facet normal 0.000000e+00 0.000000e+00 1.000000e+00
    outer loop
      vertex   -3.300000e+01 -2.600000e+01 3.495164e+01
      vertex   -2.057967e+01 -1.328393e+01 3.495164e+01
      vertex   -2.185969e+01 -1.236366e+01 3.495164e+01
    endloop
  endfacet
  facet normal 0.000000e+00 0.000000e+00 1.000000e+00
    outer loop
      vertex   -2.185969e+01 -1.236366e+01 3.495164e+01
      vertex   -2.304171e+01 -1.132051e+01 3.495164e+01
      vertex   -3.300000e+01 -2.600000e+01 3.495164e+01
    endloop
  endfacet
  facet normal 0.000000e+00 0.000000e+00 1.000000e+00
    outer loop
      vertex   -3.300000e+01 -2.600000e+01 3.495164e+01
      vertex   -2.304171e+01 -1.132051e+01 3.495164e+01
      vertex   -2.411400e+01 -1.016486e+01 3.495164e+01
    endloop
  endfacet
  facet normal 0.000000e+00 0.000000e+00 1.000000e+00
    outer loop
      vertex   -3.300000e+01 -2.600000e+01 3.495164e+01
      vertex   -2.411400e+01 -1.016486e+01 3.495164e+01
      vertex   -2.506590e+01 -8.908179e+00 3.495164e+01
    endloop
  endfacet
  facet normal 0.000000e+00 -0.000000e+00 1.000000e+00
    outer loop
      vertex   -3.300000e+01 -2.600000e+01 3.495164e+01
      vertex   -2.506590e+01 -8.908179e+00 3.495164e+01
      vertex   -3.900000e+01 -2.000000e+01 3.495164e+01
    endloop
  endfacet
  facet normal 0.000000e+00 0.000000e+00 1.000000e+00
    outer loop
      vertex   -3.900000e+01 -2.000000e+01 3.495164e+01
      vertex   -2.506590e+01 -8.908179e+00 3.495164e+01
      vertex   -2.588794e+01 -7.562969e+00 3.495164e+01
    endloop
  endfacet
  facet normal 0.000000e+00 0.000000e+00 1.000000e+00
    outer loop
      vertex   -3.900000e+01 -2.000000e+01 3.495164e+01
      vertex   -2.588794e+01 -7.562969e+00 3.495164e+01
      vertex   -2.657196e+01 -6.142595e+00 3.495164e+01
    endloop
  endfacet
  facet normal 0.000000e+00 0.000000e+00 1.000000e+00
    outer loop
      vertex   -2.657196e+01 -6.142595e+00 3.495164e+01
      vertex   -2.711115e+01 -4.661172e+00 3.495164e+01
      vertex   -3.900000e+01 -2.000000e+01 3.495164e+01
    endloop
  endfacet
  facet normal 0.000000e+00 0.000000e+00 1.000000e+00
    outer loop
      vertex   -3.900000e+01 -2.000000e+01 3.495164e+01
      vertex   -2.711115e+01 -4.661172e+00 3.495164e+01
      vertex   -2.750016e+01 -3.133425e+00 3.495164e+01
    endloop
  endfacet
  facet normal 0.000000e+00 0.000000e+00 1.000000e+00
    outer loop
      vertex   -3.900000e+01 -2.000000e+01 3.495164e+01
      vertex   -2.750016e+01 -3.133425e+00 3.495164e+01
      vertex   -2.773513e+01 -1.574537e+00 3.495164e+01
    endloop
  endfacet
  facet normal 0.000000e+00 -0.000000e+00 1.000000e+00
    outer loop
      vertex   -2.781371e+01 4.300000e+01 3.495164e+01
      vertex   -2.773513e+01 4.457454e+01 3.495164e+01
      vertex   -3.900000e+01 6.428890e+01 3.495164e+01
    endloop
  endfacet
  facet normal 0.000000e+00 0.000000e+00 1.000000e+00
    outer loop
      vertex   -3.900000e+01 6.428890e+01 3.495164e+01
      vertex   -2.773513e+01 4.457454e+01 3.495164e+01
      vertex   -2.750016e+01 4.613343e+01 3.495164e+01
    endloop
  endfacet
  facet normal 0.000000e+00 0.000000e+00 1.000000e+00
    outer loop
      vertex   -3.900000e+01 6.428890e+01 3.495164e+01
      vertex   -2.750016e+01 4.613343e+01 3.495164e+01
      vertex   -2.711115e+01 4.766117e+01 3.495164e+01
    endloop
  endfacet
  facet normal 0.000000e+00 -0.000000e+00 1.000000e+00
    outer loop
      vertex   -2.711115e+01 4.766117e+01 3.495164e+01
      vertex   -2.657196e+01 4.914259e+01 3.495164e+01
      vertex   -3.900000e+01 6.428890e+01 3.495164e+01
    endloop
  endfacet
  facet normal 0.000000e+00 0.000000e+00 1.000000e+00
    outer loop
      vertex   -3.900000e+01 6.428890e+01 3.495164e+01
      vertex   -2.657196e+01 4.914259e+01 3.495164e+01
      vertex   -2.588794e+01 5.056297e+01 3.495164e+01
    endloop
  endfacet
  facet normal 0.000000e+00 0.000000e+00 1.000000e+00
    outer loop
      vertex   -3.900000e+01 6.428890e+01 3.495164e+01
      vertex   -2.588794e+01 5.056297e+01 3.495164e+01
      vertex   -2.506590e+01 5.190818e+01 3.495164e+01
    endloop
  endfacet
  facet normal -0.000000e+00 0.000000e+00 1.000000e+00
    outer loop
      vertex   -3.900000e+01 6.428890e+01 3.495164e+01
      vertex   -2.506590e+01 5.190818e+01 3.495164e+01
      vertex   -3.671558e+01 6.900000e+01 3.495164e+01
    endloop
  endfacet
  facet normal 0.000000e+00 0.000000e+00 1.000000e+00
    outer loop
      vertex   -3.671558e+01 6.900000e+01 3.495164e+01
      vertex   -2.506590e+01 5.190818e+01 3.495164e+01
      vertex   -2.411400e+01 5.316486e+01 3.495164e+01
    endloop
  endfacet
  facet normal 0.000000e+00 0.000000e+00 1.000000e+00
    outer loop
      vertex   -3.671558e+01 6.900000e+01 3.495164e+01
      vertex   -2.411400e+01 5.316486e+01 3.495164e+01
      vertex   -2.304171e+01 5.432051e+01 3.495164e+01
    endloop
  endfacet
  facet normal 0.000000e+00 -0.000000e+00 1.000000e+00
    outer loop
      vertex   -2.304171e+01 5.432051e+01 3.495164e+01
      vertex   -2.185969e+01 5.536366e+01 3.495164e+01
      vertex   -3.671558e+01 6.900000e+01 3.495164e+01
    endloop
  endfacet
  facet normal 0.000000e+00 0.000000e+00 1.000000e+00
    outer loop
      vertex   -3.671558e+01 6.900000e+01 3.495164e+01
      vertex   -2.185969e+01 5.536366e+01 3.495164e+01
      vertex   -2.057967e+01 5.628393e+01 3.495164e+01
    endloop
  endfacet
  facet normal 0.000000e+00 0.000000e+00 1.000000e+00
    outer loop
      vertex   -3.671558e+01 6.900000e+01 3.495164e+01
      vertex   -2.057967e+01 5.628393e+01 3.495164e+01
      vertex   -1.921438e+01 5.707217e+01 3.495164e+01
    endloop
  endfacet
  facet normal 0.000000e+00 -0.000000e+00 1.000000e+00
    outer loop
      vertex   -1.921438e+01 5.707217e+01 3.495164e+01
      vertex   -1.777740e+01 5.772057e+01 3.495164e+01
      vertex   -3.671558e+01 6.900000e+01 3.495164e+01
    endloop
  endfacet
  facet normal 0.000000e+00 0.000000e+00 1.000000e+00
    outer loop
      vertex   -3.671558e+01 6.900000e+01 3.495164e+01
      vertex   -1.777740e+01 5.772057e+01 3.495164e+01
      vertex   -1.628299e+01 5.822266e+01 3.495164e+01
    endloop
  endfacet
  facet normal 0.000000e+00 0.000000e+00 1.000000e+00
    outer loop
      vertex   -3.671558e+01 6.900000e+01 3.495164e+01
      vertex   -1.628299e+01 5.822266e+01 3.495164e+01
      vertex   -1.474602e+01 5.857346e+01 3.495164e+01
    endloop
  endfacet
  facet normal 0.000000e+00 -0.000000e+00 1.000000e+00
    outer loop
      vertex   -1.474602e+01 5.857346e+01 3.495164e+01
      vertex   -1.318176e+01 5.876949e+01 3.495164e+01
      vertex   -3.671558e+01 6.900000e+01 3.495164e+01
    endloop
  endfacet
  facet normal 0.000000e+00 0.000000e+00 1.000000e+00
    outer loop
      vertex   -3.671558e+01 6.900000e+01 3.495164e+01
      vertex   -1.318176e+01 5.876949e+01 3.495164e+01
      vertex   -1.160575e+01 5.880879e+01 3.495164e+01
    endloop
  endfacet
  facet normal 0.000000e+00 0.000000e+00 1.000000e+00
    outer loop
      vertex   -3.671558e+01 6.900000e+01 3.495164e+01
      vertex   -1.160575e+01 5.880879e+01 3.495164e+01
      vertex   -1.003367e+01 5.869098e+01 3.495164e+01
    endloop
  endfacet
  facet normal 0.000000e+00 0.000000e+00 1.000000e+00
    outer loop
      vertex   -3.671558e+01 6.900000e+01 3.495164e+01
      vertex   -1.003367e+01 5.869098e+01 3.495164e+01
      vertex   2.909050e+01 6.900000e+01 3.495164e+01
    endloop
  endfacet
  facet normal 0.000000e+00 0.000000e+00 1.000000e+00
    outer loop
      vertex   2.909050e+01 6.900000e+01 3.495164e+01
      vertex   -1.003367e+01 5.869098e+01 3.495164e+01
      vertex   -8.481119e+00 5.841723e+01 3.495164e+01
    endloop
  endfacet
  facet normal 0.000000e+00 0.000000e+00 1.000000e+00
    outer loop
      vertex   2.909050e+01 6.900000e+01 3.495164e+01
      vertex   -8.481119e+00 5.841723e+01 3.495164e+01
      vertex   -6.963545e+00 5.799025e+01 3.495164e+01
    endloop
  endfacet
  facet normal -0.000000e+00 0.000000e+00 1.000000e+00
    outer loop
      vertex   -6.963545e+00 5.799025e+01 3.495164e+01
      vertex   -5.496026e+00 5.741429e+01 3.495164e+01
      vertex   2.909050e+01 6.900000e+01 3.495164e+01
    endloop
  endfacet
  facet normal 0.000000e+00 0.000000e+00 1.000000e+00
    outer loop
      vertex   2.909050e+01 6.900000e+01 3.495164e+01
      vertex   -5.496026e+00 5.741429e+01 3.495164e+01
      vertex   -4.093146e+00 5.669507e+01 3.495164e+01
    endloop
  endfacet
  facet normal 0.000000e+00 0.000000e+00 1.000000e+00
    outer loop
      vertex   2.909050e+01 6.900000e+01 3.495164e+01
      vertex   -4.093146e+00 5.669507e+01 3.495164e+01
      vertex   -2.768848e+00 5.583975e+01 3.495164e+01
    endloop
  endfacet
  facet normal -0.000000e+00 0.000000e+00 1.000000e+00
    outer loop
      vertex   -2.768848e+00 5.583975e+01 3.495164e+01
      vertex   -1.536293e+00 5.485682e+01 3.495164e+01
      vertex   2.909050e+01 6.900000e+01 3.495164e+01
    endloop
  endfacet
  facet normal 0.000000e+00 0.000000e+00 1.000000e+00
    outer loop
      vertex   2.909050e+01 6.900000e+01 3.495164e+01
      vertex   -1.536293e+00 5.485682e+01 3.495164e+01
      vertex   -4.077314e-01 5.375605e+01 3.495164e+01
    endloop
  endfacet
  facet normal 0.000000e+00 0.000000e+00 1.000000e+00
    outer loop
      vertex   2.909050e+01 6.900000e+01 3.495164e+01
      vertex   -4.077314e-01 5.375605e+01 3.495164e+01
      vertex   6.056211e-01 5.254839e+01 3.495164e+01
    endloop
  endfacet
  facet normal -0.000000e+00 0.000000e+00 1.000000e+00
    outer loop
      vertex   6.056211e-01 5.254839e+01 3.495164e+01
      vertex   1.493693e+00 5.124582e+01 3.495164e+01
      vertex   2.909050e+01 6.900000e+01 3.495164e+01
    endloop
  endfacet
  facet normal 0.000000e+00 0.000000e+00 1.000000e+00
    outer loop
      vertex   2.909050e+01 6.900000e+01 3.495164e+01
      vertex   1.493693e+00 5.124582e+01 3.495164e+01
      vertex   2.247659e+00 4.986131e+01 3.495164e+01
    endloop
  endfacet
  facet normal 0.000000e+00 0.000000e+00 1.000000e+00
    outer loop
      vertex   2.909050e+01 6.900000e+01 3.495164e+01
      vertex   2.247659e+00 4.986131e+01 3.495164e+01
      vertex   2.860025e+00 4.840861e+01 3.495164e+01
    endloop
  endfacet
  facet normal -0.000000e+00 0.000000e+00 1.000000e+00
    outer loop
      vertex   2.860025e+00 4.840861e+01 3.495164e+01
      vertex   3.324706e+00 4.690215e+01 3.495164e+01
      vertex   2.909050e+01 6.900000e+01 3.495164e+01
    endloop
  endfacet
  facet normal 0.000000e+00 0.000000e+00 1.000000e+00
    outer loop
      vertex   2.909050e+01 6.900000e+01 3.495164e+01
      vertex   3.324706e+00 4.690215e+01 3.495164e+01
      vertex   3.300000e+01 6.337596e+01 3.495164e+01
    endloop
  endfacet
  facet normal 0.000000e+00 0.000000e+00 1.000000e+00
    outer loop
      vertex   2.909050e+01 6.900000e+01 3.495164e+01
      vertex   3.300000e+01 6.337596e+01 3.495164e+01
      vertex   2.991725e+01 6.861902e+01 3.495164e+01
    endloop
  endfacet
  facet normal 0.000000e+00 0.000000e+00 1.000000e+00
    outer loop
      vertex   2.991725e+01 6.861902e+01 3.495164e+01
      vertex   3.300000e+01 6.337596e+01 3.495164e+01
      vertex   3.067685e+01 6.811735e+01 3.495164e+01
    endloop
  endfacet
  facet normal 0.000000e+00 0.000000e+00 1.000000e+00
    outer loop
      vertex   3.067685e+01 6.811735e+01 3.495164e+01
      vertex   3.300000e+01 6.337596e+01 3.495164e+01
      vertex   3.135182e+01 6.750654e+01 3.495164e+01
    endloop
  endfacet
  facet normal 0.000000e+00 0.000000e+00 1.000000e+00
    outer loop
      vertex   3.135182e+01 6.750654e+01 3.495164e+01
      vertex   3.300000e+01 6.337596e+01 3.495164e+01
      vertex   3.192661e+01 6.680065e+01 3.495164e+01
    endloop
  endfacet
  facet normal 0.000000e+00 0.000000e+00 1.000000e+00
    outer loop
      vertex   3.192661e+01 6.680065e+01 3.495164e+01
      vertex   3.300000e+01 6.337596e+01 3.495164e+01
      vertex   3.238800e+01 6.601593e+01 3.495164e+01
    endloop
  endfacet
  facet normal 0.000000e+00 0.000000e+00 1.000000e+00
    outer loop
      vertex   3.238800e+01 6.601593e+01 3.495164e+01
      vertex   3.300000e+01 6.337596e+01 3.495164e+01
      vertex   3.272537e+01 6.517044e+01 3.495164e+01
    endloop
  endfacet
  facet normal 0.000000e+00 0.000000e+00 1.000000e+00
    outer loop
      vertex   3.272537e+01 6.517044e+01 3.495164e+01
      vertex   3.300000e+01 6.337596e+01 3.495164e+01
      vertex   3.293094e+01 6.428365e+01 3.495164e+01
    endloop
  endfacet
  facet normal -0.000000e+00 0.000000e+00 1.000000e+00
    outer loop
      vertex   3.324706e+00 4.690215e+01 3.495164e+01
      vertex   3.637082e+00 4.535691e+01 3.495164e+01
      vertex   3.300000e+01 6.337596e+01 3.495164e+01
    endloop
  endfacet
  facet normal 0.000000e+00 0.000000e+00 1.000000e+00
    outer loop
      vertex   3.300000e+01 6.337596e+01 3.495164e+01
      vertex   3.637082e+00 4.535691e+01 3.495164e+01
      vertex   3.794051e+00 4.378825e+01 3.495164e+01
    endloop
  endfacet
  facet normal 0.000000e+00 0.000000e+00 1.000000e+00
    outer loop
      vertex   -3.671558e+01 6.900000e+01 3.495164e+01
      vertex   -3.737992e+01 6.838967e+01 3.495164e+01
      vertex   -3.900000e+01 6.428890e+01 3.495164e+01
    endloop
  endfacet
  facet normal 0.000000e+00 0.000000e+00 1.000000e+00
    outer loop
      vertex   -3.900000e+01 6.428890e+01 3.495164e+01
      vertex   -3.737992e+01 6.838967e+01 3.495164e+01
      vertex   -3.794524e+01 6.768663e+01 3.495164e+01
    endloop
  endfacet
  facet normal 0.000000e+00 0.000000e+00 1.000000e+00
    outer loop
      vertex   -3.900000e+01 6.428890e+01 3.495164e+01
      vertex   -3.794524e+01 6.768663e+01 3.495164e+01
      vertex   -3.839877e+01 6.690677e+01 3.495164e+01
    endloop
  endfacet
  facet normal 0.000000e+00 0.000000e+00 1.000000e+00
    outer loop
      vertex   -3.839877e+01 6.690677e+01 3.495164e+01
      vertex   -3.873025e+01 6.606774e+01 3.495164e+01
      vertex   -3.900000e+01 6.428890e+01 3.495164e+01
    endloop
  endfacet
  facet normal 0.000000e+00 0.000000e+00 1.000000e+00
    outer loop
      vertex   -3.900000e+01 6.428890e+01 3.495164e+01
      vertex   -3.873025e+01 6.606774e+01 3.495164e+01
      vertex   -3.893218e+01 6.518849e+01 3.495164e+01
    endloop
  endfacet
  facet normal -0.000000e+00 -0.000000e+00 1.000000e+00
    outer loop
      vertex   -3.892613e+01 -2.093861e+01 3.495164e+01
      vertex   -3.870634e+01 -2.185410e+01 3.495164e+01
      vertex   -3.900000e+01 -2.000000e+01 3.495164e+01
    endloop
  endfacet
  facet normal 0.000000e+00 0.000000e+00 1.000000e+00
    outer loop
      vertex   -3.900000e+01 -2.000000e+01 3.495164e+01
      vertex   -3.870634e+01 -2.185410e+01 3.495164e+01
      vertex   -3.834604e+01 -2.272394e+01 3.495164e+01
    endloop
  endfacet
  facet normal 0.000000e+00 0.000000e+00 1.000000e+00
    outer loop
      vertex   -3.900000e+01 -2.000000e+01 3.495164e+01
      vertex   -3.834604e+01 -2.272394e+01 3.495164e+01
      vertex   -3.785410e+01 -2.352671e+01 3.495164e+01
    endloop
  endfacet
  facet normal -0.000000e+00 -0.000000e+00 1.000000e+00
    outer loop
      vertex   -3.785410e+01 -2.352671e+01 3.495164e+01
      vertex   -3.724264e+01 -2.424264e+01 3.495164e+01
      vertex   -3.900000e+01 -2.000000e+01 3.495164e+01
    endloop
  endfacet
  facet normal 0.000000e+00 0.000000e+00 1.000000e+00
    outer loop
      vertex   -3.900000e+01 -2.000000e+01 3.495164e+01
      vertex   -3.724264e+01 -2.424264e+01 3.495164e+01
      vertex   -3.652671e+01 -2.485410e+01 3.495164e+01
    endloop
  endfacet
  facet normal 0.000000e+00 0.000000e+00 1.000000e+00
    outer loop
      vertex   -3.900000e+01 -2.000000e+01 3.495164e+01
      vertex   -3.652671e+01 -2.485410e+01 3.495164e+01
      vertex   -3.572394e+01 -2.534604e+01 3.495164e+01
    endloop
  endfacet
  facet normal -0.000000e+00 -0.000000e+00 1.000000e+00
    outer loop
      vertex   -3.572394e+01 -2.534604e+01 3.495164e+01
      vertex   -3.485410e+01 -2.570634e+01 3.495164e+01
      vertex   -3.900000e+01 -2.000000e+01 3.495164e+01
    endloop
  endfacet
  facet normal 0.000000e+00 0.000000e+00 1.000000e+00
    outer loop
      vertex   -3.900000e+01 -2.000000e+01 3.495164e+01
      vertex   -3.485410e+01 -2.570634e+01 3.495164e+01
      vertex   -3.393861e+01 -2.592613e+01 3.495164e+01
    endloop
  endfacet
  facet normal 0.000000e+00 0.000000e+00 1.000000e+00
    outer loop
      vertex   -3.900000e+01 -2.000000e+01 3.495164e+01
      vertex   -3.393861e+01 -2.592613e+01 3.495164e+01
      vertex   -3.300000e+01 -2.600000e+01 3.495164e+01
    endloop
  endfacet
  facet normal 0.000000e+00 0.000000e+00 1.000000e+00
    outer loop
      vertex   2.828890e+01 -2.600000e+01 3.495164e+01
      vertex   2.918849e+01 -2.593218e+01 3.495164e+01
      vertex   3.300000e+01 -2.371558e+01 3.495164e+01
    endloop
  endfacet
  facet normal 0.000000e+00 0.000000e+00 1.000000e+00
    outer loop
      vertex   3.300000e+01 -2.371558e+01 3.495164e+01
      vertex   2.918849e+01 -2.593218e+01 3.495164e+01
      vertex   3.006774e+01 -2.573025e+01 3.495164e+01
    endloop
  endfacet
  facet normal 0.000000e+00 0.000000e+00 1.000000e+00
    outer loop
      vertex   3.300000e+01 -2.371558e+01 3.495164e+01
      vertex   3.006774e+01 -2.573025e+01 3.495164e+01
      vertex   3.090677e+01 -2.539877e+01 3.495164e+01
    endloop
  endfacet
  facet normal 0.000000e+00 0.000000e+00 1.000000e+00
    outer loop
      vertex   3.090677e+01 -2.539877e+01 3.495164e+01
      vertex   3.168663e+01 -2.494524e+01 3.495164e+01
      vertex   3.300000e+01 -2.371558e+01 3.495164e+01
    endloop
  endfacet
  facet normal 0.000000e+00 0.000000e+00 1.000000e+00
    outer loop
      vertex   3.300000e+01 -2.371558e+01 3.495164e+01
      vertex   3.168663e+01 -2.494524e+01 3.495164e+01
      vertex   3.238967e+01 -2.437992e+01 3.495164e+01
    endloop
  endfacet
  facet normal -1.000000e+00 -1.064368e-09 -0.000000e+00
    outer loop
      vertex   -4.150000e+01 6.428890e+01 3.245164e+01
      vertex   -4.150000e+01 6.428890e+01 2.545164e+01
      vertex   -4.150000e+01 -2.000000e+01 3.245164e+01
    endloop
  endfacet
  facet normal -1.000000e+00 -1.064368e-09 -0.000000e+00
    outer loop
      vertex   -4.150000e+01 -2.000000e+01 3.245164e+01
      vertex   -4.150000e+01 6.428890e+01 2.545164e+01
      vertex   -4.150000e+01 -2.000000e+01 2.545164e+01
    endloop
  endfacet
  facet normal 0.000000e+00 0.000000e+00 -1.000000e+00
    outer loop
      vertex   3.550000e+01 6.337596e+01 2.545164e+01
      vertex   3.550000e+01 -2.450000e+01 2.545164e+01
      vertex   3.346609e+01 -2.450000e+01 2.545164e+01
    endloop
  endfacet
  facet normal 0.000000e+00 0.000000e+00 -1.000000e+00
    outer loop
      vertex   3.346609e+01 -2.450000e+01 2.545164e+01
      vertex   3.550000e+01 -2.450000e+01 2.545164e+01
      vertex   3.487405e+01 -2.537455e+01 2.545164e+01
    endloop
  endfacet
  facet normal 0.000000e+00 0.000000e+00 -1.000000e+00
    outer loop
      vertex   3.346609e+01 -2.450000e+01 2.545164e+01
      vertex   3.487405e+01 -2.537455e+01 2.545164e+01
      vertex   3.414268e+01 -2.616306e+01 2.545164e+01
    endloop
  endfacet
  facet normal 0.000000e+00 0.000000e+00 -1.000000e+00
    outer loop
      vertex   3.346609e+01 -2.450000e+01 2.545164e+01
      vertex   3.414268e+01 -2.616306e+01 2.545164e+01
      vertex   3.346609e+01 -2.646609e+01 2.545164e+01
    endloop
  endfacet
  facet normal 0.000000e+00 -0.000000e+00 -1.000000e+00
    outer loop
      vertex   3.346609e+01 -2.646609e+01 2.545164e+01
      vertex   3.414268e+01 -2.616306e+01 2.545164e+01
      vertex   3.331759e+01 -2.685290e+01 2.545164e+01
    endloop
  endfacet
  facet normal 0.000000e+00 0.000000e+00 -1.000000e+00
    outer loop
      vertex   3.346609e+01 -2.646609e+01 2.545164e+01
      vertex   3.331759e+01 -2.685290e+01 2.545164e+01
      vertex   3.241200e+01 -2.743303e+01 2.545164e+01
    endloop
  endfacet
  facet normal -0.000000e+00 0.000000e+00 -1.000000e+00
    outer loop
      vertex   3.241200e+01 -2.743303e+01 2.545164e+01
      vertex   3.144041e+01 -2.789417e+01 2.545164e+01
      vertex   3.346609e+01 -2.646609e+01 2.545164e+01
    endloop
  endfacet
  facet normal 0.000000e+00 0.000000e+00 -1.000000e+00
    outer loop
      vertex   3.346609e+01 -2.646609e+01 2.545164e+01
      vertex   3.144041e+01 -2.789417e+01 2.545164e+01
      vertex   3.041836e+01 -2.822894e+01 2.545164e+01
    endloop
  endfacet
  facet normal 0.000000e+00 0.000000e+00 -1.000000e+00
    outer loop
      vertex   3.346609e+01 -2.646609e+01 2.545164e+01
      vertex   3.041836e+01 -2.822894e+01 2.545164e+01
      vertex   2.936222e+01 -2.843196e+01 2.545164e+01
    endloop
  endfacet
  facet normal -0.000000e+00 0.000000e+00 -1.000000e+00
    outer loop
      vertex   2.936222e+01 -2.843196e+01 2.545164e+01
      vertex   2.828890e+01 -2.850000e+01 2.545164e+01
      vertex   3.346609e+01 -2.646609e+01 2.545164e+01
    endloop
  endfacet
  facet normal 0.000000e+00 0.000000e+00 -1.000000e+00
    outer loop
      vertex   3.346609e+01 -2.646609e+01 2.545164e+01
      vertex   2.828890e+01 -2.850000e+01 2.545164e+01
      vertex   -3.300000e+01 -2.850000e+01 2.545164e+01
    endloop
  endfacet
  facet normal 0.000000e+00 0.000000e+00 -1.000000e+00
    outer loop
      vertex   3.346609e+01 -2.646609e+01 2.545164e+01
      vertex   -3.300000e+01 -2.850000e+01 2.545164e+01
      vertex   -3.851722e+01 -2.646609e+01 2.545164e+01
    endloop
  endfacet
  facet normal 0.000000e+00 0.000000e+00 -1.000000e+00
    outer loop
      vertex   -3.851722e+01 -2.646609e+01 2.545164e+01
      vertex   -3.300000e+01 -2.850000e+01 2.545164e+01
      vertex   -3.399840e+01 -2.844116e+01 2.545164e+01
    endloop
  endfacet
  facet normal 0.000000e+00 0.000000e+00 -1.000000e+00
    outer loop
      vertex   -3.851722e+01 -2.646609e+01 2.545164e+01
      vertex   -3.399840e+01 -2.844116e+01 2.545164e+01
      vertex   -3.498297e+01 -2.826546e+01 2.545164e+01
    endloop
  endfacet
  facet normal 0.000000e+00 0.000000e+00 -1.000000e+00
    outer loop
      vertex   -3.498297e+01 -2.826546e+01 2.545164e+01
      vertex   -3.594009e+01 -2.797533e+01 2.545164e+01
      vertex   -3.851722e+01 -2.646609e+01 2.545164e+01
    endloop
  endfacet
  facet normal 0.000000e+00 0.000000e+00 -1.000000e+00
    outer loop
      vertex   -3.851722e+01 -2.646609e+01 2.545164e+01
      vertex   -3.594009e+01 -2.797533e+01 2.545164e+01
      vertex   -3.685650e+01 -2.757479e+01 2.545164e+01
    endloop
  endfacet
  facet normal 0.000000e+00 0.000000e+00 -1.000000e+00
    outer loop
      vertex   -3.851722e+01 -2.646609e+01 2.545164e+01
      vertex   -3.685650e+01 -2.757479e+01 2.545164e+01
      vertex   -3.771953e+01 -2.706937e+01 2.545164e+01
    endloop
  endfacet
  facet normal 0.000000e+00 0.000000e+00 -1.000000e+00
    outer loop
      vertex   3.346609e+01 -2.450000e+01 2.545164e+01
      vertex   3.346609e+01 6.889318e+01 2.545164e+01
      vertex   3.550000e+01 6.337596e+01 2.545164e+01
    endloop
  endfacet
  facet normal 0.000000e+00 0.000000e+00 -1.000000e+00
    outer loop
      vertex   3.550000e+01 6.337596e+01 2.545164e+01
      vertex   3.346609e+01 6.889318e+01 2.545164e+01
      vertex   3.406937e+01 6.809549e+01 2.545164e+01
    endloop
  endfacet
  facet normal 0.000000e+00 0.000000e+00 -1.000000e+00
    outer loop
      vertex   3.550000e+01 6.337596e+01 2.545164e+01
      vertex   3.406937e+01 6.809549e+01 2.545164e+01
      vertex   3.457479e+01 6.723247e+01 2.545164e+01
    endloop
  endfacet
  facet normal 0.000000e+00 0.000000e+00 -1.000000e+00
    outer loop
      vertex   3.457479e+01 6.723247e+01 2.545164e+01
      vertex   3.497533e+01 6.631605e+01 2.545164e+01
      vertex   3.550000e+01 6.337596e+01 2.545164e+01
    endloop
  endfacet
  facet normal 0.000000e+00 0.000000e+00 -1.000000e+00
    outer loop
      vertex   3.550000e+01 6.337596e+01 2.545164e+01
      vertex   3.497533e+01 6.631605e+01 2.545164e+01
      vertex   3.526546e+01 6.535893e+01 2.545164e+01
    endloop
  endfacet
  facet normal 0.000000e+00 0.000000e+00 -1.000000e+00
    outer loop
      vertex   3.550000e+01 6.337596e+01 2.545164e+01
      vertex   3.526546e+01 6.535893e+01 2.545164e+01
      vertex   3.544116e+01 6.437436e+01 2.545164e+01
    endloop
  endfacet
  facet normal 7.975852e-01 6.032063e-01 -0.000000e+00
    outer loop
      vertex   3.346609e+01 6.889318e+01 2.545164e+01
      vertex   3.346609e+01 6.889318e+01 3.245164e+01
      vertex   3.406937e+01 6.809549e+01 2.545164e+01
    endloop
  endfacet
  facet normal 7.975852e-01 6.032063e-01 -8.095977e-16
    outer loop
      vertex   3.406937e+01 6.809549e+01 2.545164e+01
      vertex   3.346609e+01 6.889318e+01 3.245164e+01
      vertex   3.406937e+01 6.809549e+01 3.245164e+01
    endloop
  endfacet
  facet normal 8.629157e-01 5.053478e-01 -8.759122e-16
    outer loop
      vertex   3.406937e+01 6.809549e+01 2.545164e+01
      vertex   3.406937e+01 6.809549e+01 3.245164e+01
      vertex   3.457479e+01 6.723247e+01 2.545164e+01
    endloop
  endfacet
  facet normal 8.629157e-01 5.053478e-01 8.759122e-16
    outer loop
      vertex   3.457479e+01 6.723247e+01 2.545164e+01
      vertex   3.406937e+01 6.809549e+01 3.245164e+01
      vertex   3.457479e+01 6.723247e+01 3.245164e+01
    endloop
  endfacet
  facet normal 9.162998e-01 4.004932e-01 9.301002e-16
    outer loop
      vertex   3.457479e+01 6.723247e+01 2.545164e+01
      vertex   3.457479e+01 6.723247e+01 3.245164e+01
      vertex   3.497533e+01 6.631605e+01 2.545164e+01
    endloop
  endfacet
  facet normal 9.162998e-01 4.004932e-01 -0.000000e+00
    outer loop
      vertex   3.497533e+01 6.631605e+01 2.545164e+01
      vertex   3.457479e+01 6.723247e+01 3.245164e+01
      vertex   3.497533e+01 6.631605e+01 3.245164e+01
    endloop
  endfacet
  facet normal 9.569982e-01 2.900939e-01 -0.000000e+00
    outer loop
      vertex   3.497533e+01 6.631605e+01 2.545164e+01
      vertex   3.497533e+01 6.631605e+01 3.245164e+01
      vertex   3.526546e+01 6.535893e+01 2.545164e+01
    endloop
  endfacet
  facet normal 9.569982e-01 2.900939e-01 -5.889261e-16
    outer loop
      vertex   3.526546e+01 6.535893e+01 2.545164e+01
      vertex   3.497533e+01 6.631605e+01 3.245164e+01
      vertex   3.526546e+01 6.535893e+01 3.245164e+01
    endloop
  endfacet
  facet normal 9.844476e-01 1.756785e-01 -3.566489e-16
    outer loop
      vertex   3.526546e+01 6.535893e+01 2.545164e+01
      vertex   3.526546e+01 6.535893e+01 3.245164e+01
      vertex   3.544116e+01 6.437436e+01 2.545164e+01
    endloop
  endfacet
  facet normal 9.844476e-01 1.756785e-01 -0.000000e+00
    outer loop
      vertex   3.544116e+01 6.437436e+01 2.545164e+01
      vertex   3.526546e+01 6.535893e+01 3.245164e+01
      vertex   3.544116e+01 6.437436e+01 3.245164e+01
    endloop
  endfacet
  facet normal 9.982680e-01 5.883101e-02 -0.000000e+00
    outer loop
      vertex   3.544116e+01 6.437436e+01 2.545164e+01
      vertex   3.544116e+01 6.437436e+01 3.245164e+01
      vertex   3.550000e+01 6.337596e+01 2.545164e+01
    endloop
  endfacet
  facet normal 9.982680e-01 5.883101e-02 -0.000000e+00
    outer loop
      vertex   3.550000e+01 6.337596e+01 2.545164e+01
      vertex   3.544116e+01 6.437436e+01 3.245164e+01
      vertex   3.550000e+01 6.337596e+01 3.245164e+01
    endloop
  endfacet
  facet normal -5.820216e-01 8.131733e-01 0.000000e+00
    outer loop
      vertex   -3.750000e+01 7.150000e+01 3.245164e+01
      vertex   -3.750000e+01 7.150000e+01 2.545164e+01
      vertex   -3.837455e+01 7.087405e+01 3.245164e+01
    endloop
  endfacet
  facet normal -5.820216e-01 8.131733e-01 5.907875e-16
    outer loop
      vertex   -3.837455e+01 7.087405e+01 3.245164e+01
      vertex   -3.750000e+01 7.150000e+01 2.545164e+01
      vertex   -3.837455e+01 7.087405e+01 2.545164e+01
    endloop
  endfacet
  facet normal -6.800448e-01 7.331705e-01 6.902870e-16
    outer loop
      vertex   -3.837455e+01 7.087405e+01 3.245164e+01
      vertex   -3.837455e+01 7.087405e+01 2.545164e+01
      vertex   -3.916306e+01 7.014268e+01 3.245164e+01
    endloop
  endfacet
  facet normal -6.800448e-01 7.331705e-01 0.000000e+00
    outer loop
      vertex   -3.916306e+01 7.014268e+01 3.245164e+01
      vertex   -3.837455e+01 7.087405e+01 2.545164e+01
      vertex   -3.916306e+01 7.014268e+01 2.545164e+01
    endloop
  endfacet
  facet normal -7.671812e-01 6.414305e-01 0.000000e+00
    outer loop
      vertex   -3.916306e+01 7.014268e+01 3.245164e+01
      vertex   -3.916306e+01 7.014268e+01 2.545164e+01
      vertex   -3.985290e+01 6.931759e+01 3.245164e+01
    endloop
  endfacet
  facet normal -7.671812e-01 6.414305e-01 2.080918e-15
    outer loop
      vertex   -3.985290e+01 6.931759e+01 3.245164e+01
      vertex   -3.916306e+01 7.014268e+01 2.545164e+01
      vertex   -3.985290e+01 6.931759e+01 2.545164e+01
    endloop
  endfacet
  facet normal -8.420357e-01 5.394218e-01 1.949810e-15
    outer loop
      vertex   -3.985290e+01 6.931759e+01 3.245164e+01
      vertex   -3.985290e+01 6.931759e+01 2.545164e+01
      vertex   -4.043303e+01 6.841200e+01 3.245164e+01
    endloop
  endfacet
  facet normal -8.420357e-01 5.394218e-01 0.000000e+00
    outer loop
      vertex   -4.043303e+01 6.841200e+01 3.245164e+01
      vertex   -3.985290e+01 6.931759e+01 2.545164e+01
      vertex   -4.043303e+01 6.841200e+01 2.545164e+01
    endloop
  endfacet
  facet normal -9.034102e-01 4.287774e-01 0.000000e+00
    outer loop
      vertex   -4.043303e+01 6.841200e+01 3.245164e+01
      vertex   -4.043303e+01 6.841200e+01 2.545164e+01
      vertex   -4.089417e+01 6.744041e+01 3.245164e+01
    endloop
  endfacet
  facet normal -9.034102e-01 4.287774e-01 0.000000e+00
    outer loop
      vertex   -4.089417e+01 6.744041e+01 3.245164e+01
      vertex   -4.043303e+01 6.841200e+01 2.545164e+01
      vertex   -4.089417e+01 6.744041e+01 2.545164e+01
    endloop
  endfacet
  facet normal -9.503219e-01 3.112688e-01 0.000000e+00
    outer loop
      vertex   -4.089417e+01 6.744041e+01 3.245164e+01
      vertex   -4.089417e+01 6.744041e+01 2.545164e+01
      vertex   -4.122894e+01 6.641836e+01 3.245164e+01
    endloop
  endfacet
  facet normal -9.503219e-01 3.112688e-01 -6.319137e-16
    outer loop
      vertex   -4.122894e+01 6.641836e+01 3.245164e+01
      vertex   -4.089417e+01 6.744041e+01 2.545164e+01
      vertex   -4.122894e+01 6.641836e+01 2.545164e+01
    endloop
  endfacet
  facet normal -9.820200e-01 1.887771e-01 -3.832406e-16
    outer loop
      vertex   -4.122894e+01 6.641836e+01 3.245164e+01
      vertex   -4.122894e+01 6.641836e+01 2.545164e+01
      vertex   -4.143196e+01 6.536222e+01 3.245164e+01
    endloop
  endfacet
  facet normal -9.820200e-01 1.887771e-01 0.000000e+00
    outer loop
      vertex   -4.143196e+01 6.536222e+01 3.245164e+01
      vertex   -4.122894e+01 6.641836e+01 2.545164e+01
      vertex   -4.143196e+01 6.536222e+01 2.545164e+01
    endloop
  endfacet
  facet normal -9.979969e-01 6.326331e-02 0.000000e+00
    outer loop
      vertex   -4.143196e+01 6.536222e+01 3.245164e+01
      vertex   -4.143196e+01 6.536222e+01 2.545164e+01
      vertex   -4.150000e+01 6.428890e+01 3.245164e+01
    endloop
  endfacet
  facet normal -9.979969e-01 6.326331e-02 0.000000e+00
    outer loop
      vertex   -4.150000e+01 6.428890e+01 3.245164e+01
      vertex   -4.143196e+01 6.536222e+01 2.545164e+01
      vertex   -4.150000e+01 6.428890e+01 2.545164e+01
    endloop
  endfacet
  facet normal 0.000000e+00 -0.000000e+00 -1.000000e+00
    outer loop
      vertex   -3.946609e+01 6.946609e+01 2.545164e+01
      vertex   -3.946609e+01 -2.551722e+01 2.545164e+01
      vertex   -4.150000e+01 -2.000000e+01 2.545164e+01
    endloop
  endfacet
  facet normal 0.000000e+00 0.000000e+00 -1.000000e+00
    outer loop
      vertex   -4.150000e+01 -2.000000e+01 2.545164e+01
      vertex   -3.946609e+01 -2.551722e+01 2.545164e+01
      vertex   -4.006937e+01 -2.471953e+01 2.545164e+01
    endloop
  endfacet
  facet normal 0.000000e+00 0.000000e+00 -1.000000e+00
    outer loop
      vertex   -4.150000e+01 -2.000000e+01 2.545164e+01
      vertex   -4.006937e+01 -2.471953e+01 2.545164e+01
      vertex   -4.057479e+01 -2.385650e+01 2.545164e+01
    endloop
  endfacet
  facet normal 0.000000e+00 0.000000e+00 -1.000000e+00
    outer loop
      vertex   -4.057479e+01 -2.385650e+01 2.545164e+01
      vertex   -4.097533e+01 -2.294009e+01 2.545164e+01
      vertex   -4.150000e+01 -2.000000e+01 2.545164e+01
    endloop
  endfacet
  facet normal 0.000000e+00 0.000000e+00 -1.000000e+00
    outer loop
      vertex   -4.150000e+01 -2.000000e+01 2.545164e+01
      vertex   -4.097533e+01 -2.294009e+01 2.545164e+01
      vertex   -4.126546e+01 -2.198297e+01 2.545164e+01
    endloop
  endfacet
  facet normal 0.000000e+00 0.000000e+00 -1.000000e+00
    outer loop
      vertex   -4.150000e+01 -2.000000e+01 2.545164e+01
      vertex   -4.126546e+01 -2.198297e+01 2.545164e+01
      vertex   -4.144116e+01 -2.099840e+01 2.545164e+01
    endloop
  endfacet
  facet normal 0.000000e+00 0.000000e+00 -1.000000e+00
    outer loop
      vertex   -4.150000e+01 -2.000000e+01 2.545164e+01
      vertex   -4.150000e+01 6.428890e+01 2.545164e+01
      vertex   -3.946609e+01 6.946609e+01 2.545164e+01
    endloop
  endfacet
  facet normal 0.000000e+00 0.000000e+00 -1.000000e+00
    outer loop
      vertex   -3.946609e+01 6.946609e+01 2.545164e+01
      vertex   -4.150000e+01 6.428890e+01 2.545164e+01
      vertex   -4.143196e+01 6.536222e+01 2.545164e+01
    endloop
  endfacet
  facet normal 0.000000e+00 0.000000e+00 -1.000000e+00
    outer loop
      vertex   -3.946609e+01 6.946609e+01 2.545164e+01
      vertex   -4.143196e+01 6.536222e+01 2.545164e+01
      vertex   -4.122894e+01 6.641836e+01 2.545164e+01
    endloop
  endfacet
  facet normal 0.000000e+00 0.000000e+00 -1.000000e+00
    outer loop
      vertex   -4.122894e+01 6.641836e+01 2.545164e+01
      vertex   -4.089417e+01 6.744041e+01 2.545164e+01
      vertex   -3.946609e+01 6.946609e+01 2.545164e+01
    endloop
  endfacet
  facet normal 0.000000e+00 0.000000e+00 -1.000000e+00
    outer loop
      vertex   -3.946609e+01 6.946609e+01 2.545164e+01
      vertex   -4.089417e+01 6.744041e+01 2.545164e+01
      vertex   -4.043303e+01 6.841200e+01 2.545164e+01
    endloop
  endfacet
  facet normal 0.000000e+00 0.000000e+00 -1.000000e+00
    outer loop
      vertex   -3.946609e+01 6.946609e+01 2.545164e+01
      vertex   -4.043303e+01 6.841200e+01 2.545164e+01
      vertex   -3.985290e+01 6.931759e+01 2.545164e+01
    endloop
  endfacet
  facet normal 0.000000e+00 0.000000e+00 -1.000000e+00
    outer loop
      vertex   -3.985290e+01 6.931759e+01 2.545164e+01
      vertex   -3.916306e+01 7.014268e+01 2.545164e+01
      vertex   -3.946609e+01 6.946609e+01 2.545164e+01
    endloop
  endfacet
  facet normal 0.000000e+00 0.000000e+00 -1.000000e+00
    outer loop
      vertex   -3.946609e+01 6.946609e+01 2.545164e+01
      vertex   -3.916306e+01 7.014268e+01 2.545164e+01
      vertex   -3.750000e+01 6.946609e+01 2.545164e+01
    endloop
  endfacet
  facet normal 0.000000e+00 0.000000e+00 -1.000000e+00
    outer loop
      vertex   -3.750000e+01 6.946609e+01 2.545164e+01
      vertex   -3.916306e+01 7.014268e+01 2.545164e+01
      vertex   -3.837455e+01 7.087405e+01 2.545164e+01
    endloop
  endfacet
  facet normal 0.000000e+00 0.000000e+00 -1.000000e+00
    outer loop
      vertex   -3.750000e+01 6.946609e+01 2.545164e+01
      vertex   -3.837455e+01 7.087405e+01 2.545164e+01
      vertex   -3.750000e+01 7.150000e+01 2.545164e+01
    endloop
  endfacet
  facet normal 0.000000e+00 0.000000e+00 -1.000000e+00
    outer loop
      vertex   -3.750000e+01 7.150000e+01 2.545164e+01
      vertex   2.950000e+01 7.150000e+01 2.545164e+01
      vertex   -3.750000e+01 6.946609e+01 2.545164e+01
    endloop
  endfacet
  facet normal 0.000000e+00 0.000000e+00 -1.000000e+00
    outer loop
      vertex   -3.750000e+01 6.946609e+01 2.545164e+01
      vertex   2.950000e+01 7.150000e+01 2.545164e+01
      vertex   2.950000e+01 6.946609e+01 2.545164e+01
    endloop
  endfacet
  facet normal 0.000000e+00 0.000000e+00 -1.000000e+00
    outer loop
      vertex   2.950000e+01 6.946609e+01 2.545164e+01
      vertex   2.950000e+01 7.150000e+01 2.545164e+01
      vertex   3.044197e+01 7.114789e+01 2.545164e+01
    endloop
  endfacet
  facet normal 0.000000e+00 0.000000e+00 -1.000000e+00
    outer loop
      vertex   2.950000e+01 6.946609e+01 2.545164e+01
      vertex   3.044197e+01 7.114789e+01 2.545164e+01
      vertex   3.133576e+01 7.068699e+01 2.545164e+01
    endloop
  endfacet
  facet normal 0.000000e+00 -0.000000e+00 -1.000000e+00
    outer loop
      vertex   3.133576e+01 7.068699e+01 2.545164e+01
      vertex   3.216886e+01 7.012377e+01 2.545164e+01
      vertex   2.950000e+01 6.946609e+01 2.545164e+01
    endloop
  endfacet
  facet normal 0.000000e+00 0.000000e+00 -1.000000e+00
    outer loop
      vertex   2.950000e+01 6.946609e+01 2.545164e+01
      vertex   3.216886e+01 7.012377e+01 2.545164e+01
      vertex   3.292961e+01 6.946609e+01 2.545164e+01
    endloop
  endfacet
  facet normal -1.000000e+00 -1.064366e-09 -0.000000e+00
    outer loop
      vertex   3.346609e+01 -2.646609e+01 3.245164e+01
      vertex   3.346609e+01 -2.450000e+01 3.245164e+01
      vertex   3.346609e+01 -2.646609e+01 2.545164e+01
    endloop
  endfacet
  facet normal -1.000000e+00 -1.064366e-09 0.000000e+00
    outer loop
      vertex   3.346609e+01 -2.646609e+01 2.545164e+01
      vertex   3.346609e+01 -2.450000e+01 3.245164e+01
      vertex   3.346609e+01 -2.450000e+01 2.545164e+01
    endloop
  endfacet
  facet normal -1.064369e-09 1.000000e+00 1.080399e-24
    outer loop
      vertex   -3.851722e+01 -2.646609e+01 3.245164e+01
      vertex   3.346609e+01 -2.646609e+01 3.245164e+01
      vertex   -3.851722e+01 -2.646609e+01 2.545164e+01
    endloop
  endfacet
  facet normal -1.064369e-09 1.000000e+00 0.000000e+00
    outer loop
      vertex   -3.851722e+01 -2.646609e+01 2.545164e+01
      vertex   3.346609e+01 -2.646609e+01 3.245164e+01
      vertex   3.346609e+01 -2.646609e+01 2.545164e+01
    endloop
  endfacet
  facet normal 1.000000e+00 1.064369e-09 -0.000000e+00
    outer loop
      vertex   -3.946609e+01 -2.551722e+01 2.545164e+01
      vertex   -3.946609e+01 6.946609e+01 2.545164e+01
      vertex   -3.946609e+01 -2.551722e+01 3.245164e+01
    endloop
  endfacet
  facet normal 1.000000e+00 1.064369e-09 -1.015061e-15
    outer loop
      vertex   -3.946609e+01 -2.551722e+01 3.245164e+01
      vertex   -3.946609e+01 6.946609e+01 2.545164e+01
      vertex   -3.946609e+01 6.946609e+01 3.245164e+01
    endloop
  endfacet
  facet normal 3.508159e-07 -1.000000e+00 0.000000e+00
    outer loop
      vertex   -3.750000e+01 6.946609e+01 3.245164e+01
      vertex   -3.946609e+01 6.946609e+01 3.245164e+01
      vertex   -3.750000e+01 6.946609e+01 2.545164e+01
    endloop
  endfacet
  facet normal 3.508159e-07 -1.000000e+00 -3.538884e-22
    outer loop
      vertex   -3.750000e+01 6.946609e+01 2.545164e+01
      vertex   -3.946609e+01 6.946609e+01 3.245164e+01
      vertex   -3.946609e+01 6.946609e+01 2.545164e+01
    endloop
  endfacet
  facet normal -1.000507e-08 -1.000000e+00 -0.000000e+00
    outer loop
      vertex   2.950000e+01 6.946609e+01 3.245164e+01
      vertex   -3.750000e+01 6.946609e+01 3.245164e+01
      vertex   2.950000e+01 6.946609e+01 2.545164e+01
    endloop
  endfacet
  facet normal -1.000507e-08 -1.000000e+00 0.000000e+00
    outer loop
      vertex   2.950000e+01 6.946609e+01 2.545164e+01
      vertex   -3.750000e+01 6.946609e+01 3.245164e+01
      vertex   -3.750000e+01 6.946609e+01 2.545164e+01
    endloop
  endfacet
  facet normal -0.000000e+00 -1.000000e+00 -0.000000e+00
    outer loop
      vertex   3.292961e+01 6.946609e+01 3.245164e+01
      vertex   2.950000e+01 6.946609e+01 3.245164e+01
      vertex   3.292961e+01 6.946609e+01 2.545164e+01
    endloop
  endfacet
  facet normal 0.000000e+00 -1.000000e+00 0.000000e+00
    outer loop
      vertex   3.292961e+01 6.946609e+01 2.545164e+01
      vertex   2.950000e+01 6.946609e+01 3.245164e+01
      vertex   2.950000e+01 6.946609e+01 2.545164e+01
    endloop
  endfacet
  facet normal -1.000000e+00 7.608080e-17 0.000000e+00
    outer loop
      vertex   3.346609e+01 6.889318e+01 2.545164e+01
      vertex   3.346609e+01 -2.450000e+01 2.545164e+01
      vertex   3.346609e+01 6.889318e+01 3.245164e+01
    endloop
  endfacet
  facet normal -1.000000e+00 7.608080e-17 0.000000e+00
    outer loop
      vertex   3.346609e+01 6.889318e+01 3.245164e+01
      vertex   3.346609e+01 -2.450000e+01 2.545164e+01
      vertex   3.346609e+01 -2.450000e+01 3.245164e+01
    endloop
  endfacet
  facet normal 1.000507e-08 1.000000e+00 5.077876e-24
    outer loop
      vertex   2.950000e+01 7.150000e+01 3.245164e+01
      vertex   2.950000e+01 7.150000e+01 2.545164e+01
      vertex   -3.750000e+01 7.150000e+01 3.245164e+01
    endloop
  endfacet
  facet normal 1.000507e-08 1.000000e+00 0.000000e+00
    outer loop
      vertex   -3.750000e+01 7.150000e+01 3.245164e+01
      vertex   2.950000e+01 7.150000e+01 2.545164e+01
      vertex   -3.750000e+01 7.150000e+01 2.545164e+01
    endloop
  endfacet
  facet normal 1.130004e-01 5.639615e-03 9.935789e-01
    outer loop
      vertex   -2.773513e+01 4.142546e+01 3.495164e+01
      vertex   -2.719232e+01 4.159222e+01 3.488896e+01
      vertex   -2.781371e+01 4.300000e+01 3.495164e+01
    endloop
  endfacet
  facet normal 1.119630e-01 5.176361e-03 9.936989e-01
    outer loop
      vertex   -2.781371e+01 4.300000e+01 3.495164e+01
      vertex   -2.719232e+01 4.159222e+01 3.488896e+01
      vertex   -2.725741e+01 4.300000e+01 3.488896e+01
    endloop
  endfacet
  facet normal 1.119630e-01 -5.176361e-03 9.936989e-01
    outer loop
      vertex   -2.781371e+01 4.300000e+01 3.495164e+01
      vertex   -2.725741e+01 4.300000e+01 3.488896e+01
      vertex   -2.719232e+01 4.440778e+01 3.488896e+01
    endloop
  endfacet
  facet normal 3.302406e-01 -1.526794e-02 9.437733e-01
    outer loop
      vertex   -2.719232e+01 4.440778e+01 3.488896e+01
      vertex   -2.725741e+01 4.300000e+01 3.488896e+01
      vertex   -2.672900e+01 4.300000e+01 3.470407e+01
    endloop
  endfacet
  facet normal 3.302406e-01 -1.526794e-02 9.437733e-01
    outer loop
      vertex   -2.719232e+01 4.440778e+01 3.488896e+01
      vertex   -2.672900e+01 4.300000e+01 3.470407e+01
      vertex   -2.666617e+01 4.435902e+01 3.470407e+01
    endloop
  endfacet
  facet normal 5.318712e-01 -2.458989e-02 8.464682e-01
    outer loop
      vertex   -2.666617e+01 4.435902e+01 3.470407e+01
      vertex   -2.672900e+01 4.300000e+01 3.470407e+01
      vertex   -2.625498e+01 4.300000e+01 3.440622e+01
    endloop
  endfacet
  facet normal 5.318712e-01 -2.458989e-02 8.464682e-01
    outer loop
      vertex   -2.666617e+01 4.435902e+01 3.470407e+01
      vertex   -2.625498e+01 4.300000e+01 3.440622e+01
      vertex   -2.619418e+01 4.431528e+01 3.440622e+01
    endloop
  endfacet
  facet normal 7.067292e-01 -3.267406e-02 7.067292e-01
    outer loop
      vertex   -2.619418e+01 4.431528e+01 3.440622e+01
      vertex   -2.625498e+01 4.300000e+01 3.440622e+01
      vertex   -2.585913e+01 4.300000e+01 3.401037e+01
    endloop
  endfacet
  facet normal 7.067292e-01 -3.267406e-02 7.067292e-01
    outer loop
      vertex   -2.619418e+01 4.431528e+01 3.440622e+01
      vertex   -2.585913e+01 4.300000e+01 3.401037e+01
      vertex   -2.580001e+01 4.427876e+01 3.401037e+01
    endloop
  endfacet
  facet normal 8.460762e-01 -3.911646e-02 5.316249e-01
    outer loop
      vertex   -2.580001e+01 4.427876e+01 3.401037e+01
      vertex   -2.585913e+01 4.300000e+01 3.401037e+01
      vertex   -2.556129e+01 4.300000e+01 3.353635e+01
    endloop
  endfacet
  facet normal 8.460762e-01 -3.911646e-02 5.316249e-01
    outer loop
      vertex   -2.580001e+01 4.427876e+01 3.401037e+01
      vertex   -2.556129e+01 4.300000e+01 3.353635e+01
      vertex   -2.550344e+01 4.425128e+01 3.353635e+01
    endloop
  endfacet
  facet normal 9.429859e-01 -4.359687e-02 3.299650e-01
    outer loop
      vertex   -2.550344e+01 4.425128e+01 3.353635e+01
      vertex   -2.556129e+01 4.300000e+01 3.353635e+01
      vertex   -2.537639e+01 4.300000e+01 3.300795e+01
    endloop
  endfacet
  facet normal 9.429859e-01 -4.359687e-02 3.299650e-01
    outer loop
      vertex   -2.550344e+01 4.425128e+01 3.353635e+01
      vertex   -2.537639e+01 4.300000e+01 3.300795e+01
      vertex   -2.531933e+01 4.423422e+01 3.300795e+01
    endloop
  endfacet
  facet normal 9.926652e-01 -4.589368e-02 1.118465e-01
    outer loop
      vertex   -2.531933e+01 4.423422e+01 3.300795e+01
      vertex   -2.537639e+01 4.300000e+01 3.300795e+01
      vertex   -2.531371e+01 4.300000e+01 3.245164e+01
    endloop
  endfacet
  facet normal 9.901761e-01 -5.368579e-02 1.291090e-01
    outer loop
      vertex   -2.531933e+01 4.423422e+01 3.300795e+01
      vertex   -2.531371e+01 4.300000e+01 3.245164e+01
      vertex   -2.523566e+01 4.443947e+01 3.245164e+01
    endloop
  endfacet
  facet normal 1.100435e-01 1.535041e-02 9.938082e-01
    outer loop
      vertex   -2.719232e+01 4.159222e+01 3.488896e+01
      vertex   -2.773513e+01 4.142546e+01 3.495164e+01
      vertex   -2.699762e+01 4.019646e+01 3.488896e+01
    endloop
  endfacet
  facet normal 1.127565e-01 1.699531e-02 9.934773e-01
    outer loop
      vertex   -2.699762e+01 4.019646e+01 3.488896e+01
      vertex   -2.773513e+01 4.142546e+01 3.495164e+01
      vertex   -2.750016e+01 3.986657e+01 3.495164e+01
    endloop
  endfacet
  facet normal 1.073856e-01 2.525687e-02 9.938966e-01
    outer loop
      vertex   -2.699762e+01 4.019646e+01 3.488896e+01
      vertex   -2.750016e+01 3.986657e+01 3.495164e+01
      vertex   -2.667496e+01 3.882461e+01 3.488896e+01
    endloop
  endfacet
  facet normal 1.112130e-01 2.831831e-02 9.933930e-01
    outer loop
      vertex   -2.667496e+01 3.882461e+01 3.488896e+01
      vertex   -2.750016e+01 3.986657e+01 3.495164e+01
      vertex   -2.711115e+01 3.833883e+01 3.495164e+01
    endloop
  endfacet
  facet normal 1.040092e-01 3.486039e-02 9.939652e-01
    outer loop
      vertex   -2.667496e+01 3.882461e+01 3.488896e+01
      vertex   -2.711115e+01 3.833883e+01 3.495164e+01
      vertex   -2.622711e+01 3.748839e+01 3.488896e+01
    endloop
  endfacet
  facet normal 1.083744e-01 3.944506e-02 9.933273e-01
    outer loop
      vertex   -2.622711e+01 3.748839e+01 3.488896e+01
      vertex   -2.711115e+01 3.833883e+01 3.495164e+01
      vertex   -2.657196e+01 3.685741e+01 3.495164e+01
    endloop
  endfacet
  facet normal 9.993513e-02 4.412567e-02 9.940150e-01
    outer loop
      vertex   -2.622711e+01 3.748839e+01 3.488896e+01
      vertex   -2.657196e+01 3.685741e+01 3.495164e+01
      vertex   -2.565787e+01 3.619919e+01 3.488896e+01
    endloop
  endfacet
  facet normal 1.042680e-01 5.021284e-02 9.932809e-01
    outer loop
      vertex   -2.565787e+01 3.619919e+01 3.488896e+01
      vertex   -2.657196e+01 3.685741e+01 3.495164e+01
      vertex   -2.588794e+01 3.543703e+01 3.495164e+01
    endloop
  endfacet
  facet normal 9.518500e-02 5.301769e-02 9.940467e-01
    outer loop
      vertex   -2.565787e+01 3.619919e+01 3.488896e+01
      vertex   -2.588794e+01 3.543703e+01 3.495164e+01
      vertex   -2.497211e+01 3.496801e+01 3.488896e+01
    endloop
  endfacet
  facet normal 9.894387e-02 6.046334e-02 9.932544e-01
    outer loop
      vertex   -2.497211e+01 3.496801e+01 3.488896e+01
      vertex   -2.588794e+01 3.543703e+01 3.495164e+01
      vertex   -2.506590e+01 3.409182e+01 3.495164e+01
    endloop
  endfacet
  facet normal 8.978155e-02 6.150179e-02 9.940608e-01
    outer loop
      vertex   -2.497211e+01 3.496801e+01 3.488896e+01
      vertex   -2.506590e+01 3.409182e+01 3.495164e+01
      vertex   -2.417567e+01 3.380536e+01 3.488896e+01
    endloop
  endfacet
  facet normal 9.247381e-02 7.004619e-02 9.932483e-01
    outer loop
      vertex   -2.417567e+01 3.380536e+01 3.488896e+01
      vertex   -2.506590e+01 3.409182e+01 3.495164e+01
      vertex   -2.411400e+01 3.283514e+01 3.495164e+01
    endloop
  endfacet
  facet normal 8.374848e-02 6.954385e-02 9.940573e-01
    outer loop
      vertex   -2.417567e+01 3.380536e+01 3.488896e+01
      vertex   -2.411400e+01 3.283514e+01 3.495164e+01
      vertex   -2.327536e+01 3.272115e+01 3.488896e+01
    endloop
  endfacet
  facet normal 8.495025e-02 7.882231e-02 9.932626e-01
    outer loop
      vertex   -2.327536e+01 3.272115e+01 3.488896e+01
      vertex   -2.411400e+01 3.283514e+01 3.495164e+01
      vertex   -2.304171e+01 3.167949e+01 3.495164e+01
    endloop
  endfacet
  facet normal 7.711037e-02 7.711037e-02 9.940362e-01
    outer loop
      vertex   -2.327536e+01 3.272115e+01 3.488896e+01
      vertex   -2.304171e+01 3.167949e+01 3.495164e+01
      vertex   -2.227885e+01 3.172464e+01 3.488896e+01
    endloop
  endfacet
  facet normal 7.648403e-02 8.666694e-02 9.932971e-01
    outer loop
      vertex   -2.227885e+01 3.172464e+01 3.488896e+01
      vertex   -2.304171e+01 3.167949e+01 3.495164e+01
      vertex   -2.185969e+01 3.063634e+01 3.495164e+01
    endloop
  endfacet
  facet normal 6.989272e-02 8.416860e-02 9.939973e-01
    outer loop
      vertex   -2.227885e+01 3.172464e+01 3.488896e+01
      vertex   -2.185969e+01 3.063634e+01 3.495164e+01
      vertex   -2.119464e+01 3.082433e+01 3.488896e+01
    endloop
  endfacet
  facet normal 6.720203e-02 9.347233e-02 9.933513e-01
    outer loop
      vertex   -2.119464e+01 3.082433e+01 3.488896e+01
      vertex   -2.185969e+01 3.063634e+01 3.495164e+01
      vertex   -2.057967e+01 2.971607e+01 3.495164e+01
    endloop
  endfacet
  facet normal 6.212174e-02 9.068656e-02 9.939401e-01
    outer loop
      vertex   -2.119464e+01 3.082433e+01 3.488896e+01
      vertex   -2.057967e+01 2.971607e+01 3.495164e+01
      vertex   -2.003199e+01 3.002789e+01 3.488896e+01
    endloop
  endfacet
  facet normal 5.724421e-02 9.914988e-02 9.934246e-01
    outer loop
      vertex   -2.003199e+01 3.002789e+01 3.488896e+01
      vertex   -2.057967e+01 2.971607e+01 3.495164e+01
      vertex   -1.921438e+01 2.892783e+01 3.495164e+01
    endloop
  endfacet
  facet normal 5.382428e-02 9.663309e-02 9.938637e-01
    outer loop
      vertex   -2.003199e+01 3.002789e+01 3.488896e+01
      vertex   -1.921438e+01 2.892783e+01 3.495164e+01
      vertex   -1.880081e+01 2.934213e+01 3.488896e+01
    endloop
  endfacet
  facet normal 4.676045e-02 1.036318e-01 9.935159e-01
    outer loop
      vertex   -1.880081e+01 2.934213e+01 3.488896e+01
      vertex   -1.921438e+01 2.892783e+01 3.495164e+01
      vertex   -1.777740e+01 2.827943e+01 3.495164e+01
    endloop
  endfacet
  facet normal 4.502762e-02 1.019778e-01 9.937671e-01
    outer loop
      vertex   -1.880081e+01 2.934213e+01 3.488896e+01
      vertex   -1.777740e+01 2.827943e+01 3.495164e+01
      vertex   -1.751161e+01 2.877289e+01 3.488896e+01
    endloop
  endfacet
  facet normal 3.590713e-02 1.068722e-01 9.936242e-01
    outer loop
      vertex   -1.751161e+01 2.877289e+01 3.488896e+01
      vertex   -1.777740e+01 2.827943e+01 3.495164e+01
      vertex   -1.628299e+01 2.777734e+01 3.495164e+01
    endloop
  endfacet
  facet normal 3.575932e-02 1.066913e-01 9.936490e-01
    outer loop
      vertex   -1.751161e+01 2.877289e+01 3.488896e+01
      vertex   -1.628299e+01 2.777734e+01 3.495164e+01
      vertex   -1.617539e+01 2.832504e+01 3.488896e+01
    endloop
  endfacet
  facet normal 2.556713e-02 1.087048e-01 9.937452e-01
    outer loop
      vertex   -1.617539e+01 2.832504e+01 3.488896e+01
      vertex   -1.628299e+01 2.777734e+01 3.495164e+01
      vertex   -1.480354e+01 2.800238e+01 3.488896e+01
    endloop
  endfacet
  facet normal 7.568952e-02 3.218121e-01 9.437733e-01
    outer loop
      vertex   -1.617539e+01 2.832504e+01 3.488896e+01
      vertex   -1.480354e+01 2.800238e+01 3.488896e+01
      vertex   -1.470645e+01 2.852179e+01 3.470407e+01
    endloop
  endfacet
  facet normal 4.567357e-02 3.274231e-01 9.437733e-01
    outer loop
      vertex   -1.470645e+01 2.852179e+01 3.470407e+01
      vertex   -1.480354e+01 2.800238e+01 3.488896e+01
      vertex   -1.335902e+01 2.833383e+01 3.470407e+01
    endloop
  endfacet
  facet normal 7.355988e-02 5.273335e-01 8.464682e-01
    outer loop
      vertex   -1.470645e+01 2.852179e+01 3.470407e+01
      vertex   -1.335902e+01 2.833383e+01 3.470407e+01
      vertex   -1.331528e+01 2.880583e+01 3.440622e+01
    endloop
  endfacet
  facet normal 2.458989e-02 5.318712e-01 8.464682e-01
    outer loop
      vertex   -1.331528e+01 2.880583e+01 3.440622e+01
      vertex   -1.335902e+01 2.833383e+01 3.470407e+01
      vertex   -1.200000e+01 2.874502e+01 3.440622e+01
    endloop
  endfacet
  facet normal 3.267406e-02 7.067292e-01 7.067292e-01
    outer loop
      vertex   -1.331528e+01 2.880583e+01 3.440622e+01
      vertex   -1.200000e+01 2.874502e+01 3.440622e+01
      vertex   -1.200000e+01 2.914087e+01 3.401037e+01
    endloop
  endfacet
  facet normal -3.267406e-02 7.067292e-01 7.067292e-01
    outer loop
      vertex   -1.200000e+01 2.914087e+01 3.401037e+01
      vertex   -1.200000e+01 2.874502e+01 3.440622e+01
      vertex   -1.072124e+01 2.919999e+01 3.401037e+01
    endloop
  endfacet
  facet normal -3.911646e-02 8.460762e-01 5.316249e-01
    outer loop
      vertex   -1.200000e+01 2.914087e+01 3.401037e+01
      vertex   -1.072124e+01 2.919999e+01 3.401037e+01
      vertex   -1.074872e+01 2.949656e+01 3.353635e+01
    endloop
  endfacet
  facet normal -1.170157e-01 8.388577e-01 5.316249e-01
    outer loop
      vertex   -1.074872e+01 2.949656e+01 3.353635e+01
      vertex   -1.072124e+01 2.919999e+01 3.401037e+01
      vertex   -9.508120e+00 2.966962e+01 3.353635e+01
    endloop
  endfacet
  facet normal -1.304187e-01 9.349407e-01 3.299650e-01
    outer loop
      vertex   -1.074872e+01 2.949656e+01 3.353635e+01
      vertex   -9.508120e+00 2.966962e+01 3.353635e+01
      vertex   -9.542095e+00 2.985137e+01 3.300795e+01
    endloop
  endfacet
  facet normal -2.161278e-01 9.189189e-01 3.299650e-01
    outer loop
      vertex   -9.542095e+00 2.985137e+01 3.300795e+01
      vertex   -9.508120e+00 2.966962e+01 3.353635e+01
      vertex   -8.339378e+00 3.013425e+01 3.300795e+01
    endloop
  endfacet
  facet normal -2.276752e-01 9.680155e-01 1.054044e-01
    outer loop
      vertex   -9.542095e+00 2.985137e+01 3.300795e+01
      vertex   -8.339378e+00 3.013425e+01 3.300795e+01
      vertex   -8.438206e+00 3.017158e+01 3.245164e+01
    endloop
  endfacet
  facet normal -3.155247e-01 9.413977e-01 1.192249e-01
    outer loop
      vertex   -8.438206e+00 3.017158e+01 3.245164e+01
      vertex   -8.339378e+00 3.013425e+01 3.300795e+01
      vertex   -7.167891e+00 3.052689e+01 3.300795e+01
    endloop
  endfacet
  facet normal -3.168803e-01 9.404673e-01 1.229147e-01
    outer loop
      vertex   -8.438206e+00 3.017158e+01 3.245164e+01
      vertex   -7.167891e+00 3.052689e+01 3.300795e+01
      vertex   -7.072089e+00 3.063187e+01 3.245164e+01
    endloop
  endfacet
  facet normal -4.017920e-01 9.099722e-01 1.025367e-01
    outer loop
      vertex   -7.072089e+00 3.063187e+01 3.245164e+01
      vertex   -7.167891e+00 3.052689e+01 3.300795e+01
      vertex   -6.037631e+00 3.102595e+01 3.300795e+01
    endloop
  endfacet
  facet normal -4.159535e-01 8.990688e-01 1.365941e-01
    outer loop
      vertex   -7.072089e+00 3.063187e+01 3.245164e+01
      vertex   -6.037631e+00 3.102595e+01 3.300795e+01
      vertex   -5.763747e+00 3.123718e+01 3.245164e+01
    endloop
  endfacet
  facet normal -4.845516e-01 8.699367e-01 9.175971e-02
    outer loop
      vertex   -5.763747e+00 3.123718e+01 3.245164e+01
      vertex   -6.037631e+00 3.102595e+01 3.300795e+01
      vertex   -4.958239e+00 3.162716e+01 3.300795e+01
    endloop
  endfacet
  facet normal -5.101586e-01 8.478901e-01 1.442932e-01
    outer loop
      vertex   -5.763747e+00 3.123718e+01 3.245164e+01
      vertex   -4.958239e+00 3.162716e+01 3.300795e+01
      vertex   -4.528519e+00 3.198039e+01 3.245164e+01
    endloop
  endfacet
  facet normal -5.629956e-01 8.218723e-01 8.695880e-02
    outer loop
      vertex   -4.528519e+00 3.198039e+01 3.245164e+01
      vertex   -4.958239e+00 3.162716e+01 3.300795e+01
      vertex   -3.938925e+00 3.232541e+01 3.300795e+01
    endloop
  endfacet
  facet normal -5.986836e-01 7.875548e-01 1.460664e-01
    outer loop
      vertex   -4.528519e+00 3.198039e+01 3.245164e+01
      vertex   -3.938925e+00 3.232541e+01 3.300795e+01
      vertex   -3.380888e+00 3.285280e+01 3.245164e+01
    endloop
  endfacet
  facet normal -6.363594e-01 7.663385e-01 8.815964e-02
    outer loop
      vertex   -3.380888e+00 3.285280e+01 3.245164e+01
      vertex   -3.938925e+00 3.232541e+01 3.300795e+01
      vertex   -2.988385e+00 3.311473e+01 3.300795e+01
    endloop
  endfacet
  facet normal -6.807380e-01 7.186463e-01 1.419269e-01
    outer loop
      vertex   -3.380888e+00 3.285280e+01 3.245164e+01
      vertex   -2.988385e+00 3.311473e+01 3.300795e+01
      vertex   -2.334308e+00 3.384417e+01 3.245164e+01
    endloop
  endfacet
  facet normal -7.038847e-01 7.038847e-01 9.535600e-02
    outer loop
      vertex   -2.334308e+00 3.384417e+01 3.245164e+01
      vertex   -2.988385e+00 3.311473e+01 3.300795e+01
      vertex   -2.114730e+00 3.398839e+01 3.300795e+01
    endloop
  endfacet
  facet normal -7.555087e-01 6.417349e-01 1.318442e-01
    outer loop
      vertex   -2.334308e+00 3.384417e+01 3.245164e+01
      vertex   -2.114730e+00 3.398839e+01 3.300795e+01
      vertex   -1.401049e+00 3.494289e+01 3.245164e+01
    endloop
  endfacet
  facet normal -7.647915e-01 6.350748e-01 1.085079e-01
    outer loop
      vertex   -1.401049e+00 3.494289e+01 3.245164e+01
      vertex   -2.114730e+00 3.398839e+01 3.300795e+01
      vertex   -1.325411e+00 3.493892e+01 3.300795e+01
    endloop
  endfacet
  facet normal -8.194839e-01 5.613595e-01 1.154192e-01
    outer loop
      vertex   -1.401049e+00 3.494289e+01 3.245164e+01
      vertex   -1.325411e+00 3.493892e+01 3.300795e+01
      vertex   -6.271651e-01 3.595824e+01 3.300795e+01
    endloop
  endfacet
  facet normal -7.787920e-01 5.334849e-01 3.299650e-01
    outer loop
      vertex   -6.271651e-01 3.595824e+01 3.300795e+01
      vertex   -1.325411e+00 3.493892e+01 3.300795e+01
      vertex   -1.177860e+00 3.482750e+01 3.353635e+01
    endloop
  endfacet
  facet normal -7.787920e-01 5.334849e-01 3.299650e-01
    outer loop
      vertex   -6.271651e-01 3.595824e+01 3.300795e+01
      vertex   -1.177860e+00 3.482750e+01 3.353635e+01
      vertex   -4.699620e-01 3.586090e+01 3.353635e+01
    endloop
  endfacet
  facet normal -6.987563e-01 4.786592e-01 5.316249e-01
    outer loop
      vertex   -4.699620e-01 3.586090e+01 3.353635e+01
      vertex   -1.177860e+00 3.482750e+01 3.353635e+01
      vertex   -9.401757e-01 3.464801e+01 3.401037e+01
    endloop
  endfacet
  facet normal -6.987563e-01 4.786592e-01 5.316249e-01
    outer loop
      vertex   -4.699620e-01 3.586090e+01 3.353635e+01
      vertex   -9.401757e-01 3.464801e+01 3.401037e+01
      vertex   -2.167304e-01 3.570411e+01 3.401037e+01
    endloop
  endfacet
  facet normal -5.836726e-01 3.998250e-01 7.067292e-01
    outer loop
      vertex   -2.167304e-01 3.570411e+01 3.401037e+01
      vertex   -9.401757e-01 3.464801e+01 3.401037e+01
      vertex   -6.242772e-01 3.440945e+01 3.440622e+01
    endloop
  endfacet
  facet normal -5.836726e-01 3.998250e-01 7.067292e-01
    outer loop
      vertex   -2.167304e-01 3.570411e+01 3.401037e+01
      vertex   -6.242772e-01 3.440945e+01 3.440622e+01
      vertex   1.198316e-01 3.549572e+01 3.440622e+01
    endloop
  endfacet
  facet normal -4.392611e-01 3.009009e-01 8.464682e-01
    outer loop
      vertex   1.198316e-01 3.549572e+01 3.440622e+01
      vertex   -6.242772e-01 3.440945e+01 3.440622e+01
      vertex   -2.460050e-01 3.412379e+01 3.470407e+01
    endloop
  endfacet
  facet normal -4.392611e-01 3.009009e-01 8.464682e-01
    outer loop
      vertex   1.198316e-01 3.549572e+01 3.440622e+01
      vertex   -2.460050e-01 3.412379e+01 3.470407e+01
      vertex   5.228474e-01 3.524618e+01 3.470407e+01
    endloop
  endfacet
  facet normal -2.727387e-01 1.868303e-01 9.437733e-01
    outer loop
      vertex   5.228474e-01 3.524618e+01 3.470407e+01
      vertex   -2.460050e-01 3.412379e+01 3.470407e+01
      vertex   1.756729e-01 3.380536e+01 3.488896e+01
    endloop
  endfacet
  facet normal -2.727387e-01 1.868303e-01 9.437733e-01
    outer loop
      vertex   5.228474e-01 3.524618e+01 3.470407e+01
      vertex   1.756729e-01 3.380536e+01 3.488896e+01
      vertex   9.721081e-01 3.496801e+01 3.488896e+01
    endloop
  endfacet
  facet normal -9.264697e-02 6.346465e-02 9.936744e-01
    outer loop
      vertex   9.721081e-01 3.496801e+01 3.488896e+01
      vertex   1.756729e-01 3.380536e+01 3.488896e+01
      vertex   6.056211e-01 3.345161e+01 3.495164e+01
    endloop
  endfacet
  facet normal -9.331952e-02 6.362417e-02 9.936012e-01
    outer loop
      vertex   9.721081e-01 3.496801e+01 3.488896e+01
      vertex   6.056211e-01 3.345161e+01 3.495164e+01
      vertex   1.493693e+00 3.475418e+01 3.495164e+01
    endloop
  endfacet
  facet normal 2.525949e-02 1.106690e-01 9.935363e-01
    outer loop
      vertex   -1.628299e+01 2.777734e+01 3.495164e+01
      vertex   -1.474602e+01 2.742654e+01 3.495164e+01
      vertex   -1.480354e+01 2.800238e+01 3.488896e+01
    endloop
  endfacet
  facet normal 1.530365e-02 1.097083e-01 9.938460e-01
    outer loop
      vertex   -1.480354e+01 2.800238e+01 3.488896e+01
      vertex   -1.474602e+01 2.742654e+01 3.495164e+01
      vertex   -1.340778e+01 2.780768e+01 3.488896e+01
    endloop
  endfacet
  facet normal 4.567357e-02 3.274231e-01 9.437733e-01
    outer loop
      vertex   -1.480354e+01 2.800238e+01 3.488896e+01
      vertex   -1.340778e+01 2.780768e+01 3.488896e+01
      vertex   -1.335902e+01 2.833383e+01 3.470407e+01
    endloop
  endfacet
  facet normal 1.526794e-02 3.302406e-01 9.437733e-01
    outer loop
      vertex   -1.335902e+01 2.833383e+01 3.470407e+01
      vertex   -1.340778e+01 2.780768e+01 3.488896e+01
      vertex   -1.200000e+01 2.827100e+01 3.470407e+01
    endloop
  endfacet
  facet normal 2.458989e-02 5.318712e-01 8.464682e-01
    outer loop
      vertex   -1.335902e+01 2.833383e+01 3.470407e+01
      vertex   -1.200000e+01 2.827100e+01 3.470407e+01
      vertex   -1.200000e+01 2.874502e+01 3.440622e+01
    endloop
  endfacet
  facet normal -2.458989e-02 5.318712e-01 8.464682e-01
    outer loop
      vertex   -1.200000e+01 2.874502e+01 3.440622e+01
      vertex   -1.200000e+01 2.827100e+01 3.470407e+01
      vertex   -1.068472e+01 2.880583e+01 3.440622e+01
    endloop
  endfacet
  facet normal -3.267406e-02 7.067292e-01 7.067292e-01
    outer loop
      vertex   -1.200000e+01 2.874502e+01 3.440622e+01
      vertex   -1.068472e+01 2.880583e+01 3.440622e+01
      vertex   -1.072124e+01 2.919999e+01 3.401037e+01
    endloop
  endfacet
  facet normal -9.774343e-02 7.006997e-01 7.067292e-01
    outer loop
      vertex   -1.072124e+01 2.919999e+01 3.401037e+01
      vertex   -1.068472e+01 2.880583e+01 3.440622e+01
      vertex   -9.453392e+00 2.937685e+01 3.401037e+01
    endloop
  endfacet
  facet normal -1.170157e-01 8.388577e-01 5.316249e-01
    outer loop
      vertex   -1.072124e+01 2.919999e+01 3.401037e+01
      vertex   -9.453392e+00 2.937685e+01 3.401037e+01
      vertex   -9.508120e+00 2.966962e+01 3.353635e+01
    endloop
  endfacet
  facet normal -1.939165e-01 8.244825e-01 5.316249e-01
    outer loop
      vertex   -9.508120e+00 2.966962e+01 3.353635e+01
      vertex   -9.453392e+00 2.937685e+01 3.401037e+01
      vertex   -8.288778e+00 2.995641e+01 3.353635e+01
    endloop
  endfacet
  facet normal -2.161278e-01 9.189189e-01 3.299650e-01
    outer loop
      vertex   -9.508120e+00 2.966962e+01 3.353635e+01
      vertex   -8.288778e+00 2.995641e+01 3.353635e+01
      vertex   -8.339378e+00 3.013425e+01 3.300795e+01
    endloop
  endfacet
  facet normal -2.999929e-01 8.950572e-01 3.299650e-01
    outer loop
      vertex   -8.339378e+00 3.013425e+01 3.300795e+01
      vertex   -8.288778e+00 2.995641e+01 3.353635e+01
      vertex   -7.167891e+00 3.052689e+01 3.300795e+01
    endloop
  endfacet
  facet normal 1.421771e-02 1.134547e-01 9.934414e-01
    outer loop
      vertex   -1.474602e+01 2.742654e+01 3.495164e+01
      vertex   -1.318176e+01 2.723051e+01 3.495164e+01
      vertex   -1.340778e+01 2.780768e+01 3.488896e+01
    endloop
  endfacet
  facet normal 5.082369e-03 1.099300e-01 9.939263e-01
    outer loop
      vertex   -1.340778e+01 2.780768e+01 3.488896e+01
      vertex   -1.318176e+01 2.723051e+01 3.495164e+01
      vertex   -1.200000e+01 2.774259e+01 3.488896e+01
    endloop
  endfacet
  facet normal 1.526794e-02 3.302406e-01 9.437733e-01
    outer loop
      vertex   -1.340778e+01 2.780768e+01 3.488896e+01
      vertex   -1.200000e+01 2.774259e+01 3.488896e+01
      vertex   -1.200000e+01 2.827100e+01 3.470407e+01
    endloop
  endfacet
  facet normal -1.526794e-02 3.302406e-01 9.437733e-01
    outer loop
      vertex   -1.200000e+01 2.827100e+01 3.470407e+01
      vertex   -1.200000e+01 2.774259e+01 3.488896e+01
      vertex   -1.064098e+01 2.833383e+01 3.470407e+01
    endloop
  endfacet
  facet normal -2.458989e-02 5.318712e-01 8.464682e-01
    outer loop
      vertex   -1.200000e+01 2.827100e+01 3.470407e+01
      vertex   -1.064098e+01 2.833383e+01 3.470407e+01
      vertex   -1.068472e+01 2.880583e+01 3.440622e+01
    endloop
  endfacet
  facet normal -7.355988e-02 5.273335e-01 8.464682e-01
    outer loop
      vertex   -1.068472e+01 2.880583e+01 3.440622e+01
      vertex   -1.064098e+01 2.833383e+01 3.470407e+01
      vertex   -9.380654e+00 2.898773e+01 3.440622e+01
    endloop
  endfacet
  facet normal -9.774343e-02 7.006997e-01 7.067292e-01
    outer loop
      vertex   -1.068472e+01 2.880583e+01 3.440622e+01
      vertex   -9.380654e+00 2.898773e+01 3.440622e+01
      vertex   -9.453392e+00 2.937685e+01 3.401037e+01
    endloop
  endfacet
  facet normal -1.619789e-01 6.886920e-01 7.067292e-01
    outer loop
      vertex   -9.453392e+00 2.937685e+01 3.401037e+01
      vertex   -9.380654e+00 2.898773e+01 3.440622e+01
      vertex   -8.207269e+00 2.966993e+01 3.401037e+01
    endloop
  endfacet
  facet normal -1.939165e-01 8.244825e-01 5.316249e-01
    outer loop
      vertex   -9.453392e+00 2.937685e+01 3.401037e+01
      vertex   -8.207269e+00 2.966993e+01 3.401037e+01
      vertex   -8.288778e+00 2.995641e+01 3.353635e+01
    endloop
  endfacet
  facet normal -2.691629e-01 8.030730e-01 5.316249e-01
    outer loop
      vertex   -8.288778e+00 2.995641e+01 3.353635e+01
      vertex   -8.207269e+00 2.966993e+01 3.401037e+01
      vertex   -7.101098e+00 3.035448e+01 3.353635e+01
    endloop
  endfacet
  facet normal -2.999929e-01 8.950572e-01 3.299650e-01
    outer loop
      vertex   -8.288778e+00 2.995641e+01 3.353635e+01
      vertex   -7.101098e+00 3.035448e+01 3.353635e+01
      vertex   -7.167891e+00 3.052689e+01 3.300795e+01
    endloop
  endfacet
  facet normal -3.812987e-01 8.635591e-01 3.299650e-01
    outer loop
      vertex   -7.167891e+00 3.052689e+01 3.300795e+01
      vertex   -7.101098e+00 3.035448e+01 3.353635e+01
      vertex   -6.037631e+00 3.102595e+01 3.300795e+01
    endloop
  endfacet
  facet normal 2.867251e-03 1.149731e-01 9.933645e-01
    outer loop
      vertex   -1.318176e+01 2.723051e+01 3.495164e+01
      vertex   -1.160575e+01 2.719121e+01 3.495164e+01
      vertex   -1.200000e+01 2.774259e+01 3.488896e+01
    endloop
  endfacet
  facet normal -5.056856e-03 1.093781e-01 9.939874e-01
    outer loop
      vertex   -1.200000e+01 2.774259e+01 3.488896e+01
      vertex   -1.160575e+01 2.719121e+01 3.495164e+01
      vertex   -1.059222e+01 2.780768e+01 3.488896e+01
    endloop
  endfacet
  facet normal -1.526794e-02 3.302406e-01 9.437733e-01
    outer loop
      vertex   -1.200000e+01 2.774259e+01 3.488896e+01
      vertex   -1.059222e+01 2.780768e+01 3.488896e+01
      vertex   -1.064098e+01 2.833383e+01 3.470407e+01
    endloop
  endfacet
  facet normal -4.567357e-02 3.274231e-01 9.437733e-01
    outer loop
      vertex   -1.064098e+01 2.833383e+01 3.470407e+01
      vertex   -1.059222e+01 2.780768e+01 3.488896e+01
      vertex   -9.293554e+00 2.852179e+01 3.470407e+01
    endloop
  endfacet
  facet normal -7.355988e-02 5.273335e-01 8.464682e-01
    outer loop
      vertex   -1.064098e+01 2.833383e+01 3.470407e+01
      vertex   -9.293554e+00 2.852179e+01 3.470407e+01
      vertex   -9.380654e+00 2.898773e+01 3.440622e+01
    endloop
  endfacet
  facet normal -1.219023e-01 5.182967e-01 8.464682e-01
    outer loop
      vertex   -9.380654e+00 2.898773e+01 3.440622e+01
      vertex   -9.293554e+00 2.852179e+01 3.470407e+01
      vertex   -8.098939e+00 2.928919e+01 3.440622e+01
    endloop
  endfacet
  facet normal -1.619789e-01 6.886920e-01 7.067292e-01
    outer loop
      vertex   -9.380654e+00 2.898773e+01 3.440622e+01
      vertex   -8.098939e+00 2.928919e+01 3.440622e+01
      vertex   -8.207269e+00 2.966993e+01 3.401037e+01
    endloop
  endfacet
  facet normal -2.248324e-01 6.708086e-01 7.067292e-01
    outer loop
      vertex   -8.207269e+00 2.966993e+01 3.401037e+01
      vertex   -8.098939e+00 2.928919e+01 3.440622e+01
      vertex   -6.993505e+00 3.007675e+01 3.401037e+01
    endloop
  endfacet
  facet normal -2.691629e-01 8.030730e-01 5.316249e-01
    outer loop
      vertex   -8.207269e+00 2.966993e+01 3.401037e+01
      vertex   -6.993505e+00 3.007675e+01 3.401037e+01
      vertex   -7.101098e+00 3.035448e+01 3.353635e+01
    endloop
  endfacet
  facet normal -3.421130e-01 7.748120e-01 5.316249e-01
    outer loop
      vertex   -7.101098e+00 3.035448e+01 3.353635e+01
      vertex   -6.993505e+00 3.007675e+01 3.401037e+01
      vertex   -5.955215e+00 3.086043e+01 3.353635e+01
    endloop
  endfacet
  facet normal -3.812987e-01 8.635591e-01 3.299650e-01
    outer loop
      vertex   -7.101098e+00 3.035448e+01 3.353635e+01
      vertex   -5.955215e+00 3.086043e+01 3.353635e+01
      vertex   -6.037631e+00 3.102595e+01 3.300795e+01
    endloop
  endfacet
  facet normal -4.593513e-01 8.246936e-01 3.299650e-01
    outer loop
      vertex   -6.037631e+00 3.102595e+01 3.300795e+01
      vertex   -5.955215e+00 3.086043e+01 3.353635e+01
      vertex   -4.958239e+00 3.162716e+01 3.300795e+01
    endloop
  endfacet
  facet normal -8.632057e-03 1.151868e-01 9.933063e-01
    outer loop
      vertex   -1.160575e+01 2.719121e+01 3.495164e+01
      vertex   -1.003367e+01 2.730902e+01 3.495164e+01
      vertex   -1.059222e+01 2.780768e+01 3.488896e+01
    endloop
  endfacet
  facet normal -1.507401e-02 1.080620e-01 9.940299e-01
    outer loop
      vertex   -1.059222e+01 2.780768e+01 3.488896e+01
      vertex   -1.003367e+01 2.730902e+01 3.495164e+01
      vertex   -9.196459e+00 2.800238e+01 3.488896e+01
    endloop
  endfacet
  facet normal -4.567357e-02 3.274231e-01 9.437733e-01
    outer loop
      vertex   -1.059222e+01 2.780768e+01 3.488896e+01
      vertex   -9.196459e+00 2.800238e+01 3.488896e+01
      vertex   -9.293554e+00 2.852179e+01 3.470407e+01
    endloop
  endfacet
  facet normal -7.568952e-02 3.218121e-01 9.437733e-01
    outer loop
      vertex   -9.293554e+00 2.852179e+01 3.470407e+01
      vertex   -9.196459e+00 2.800238e+01 3.488896e+01
      vertex   -7.969218e+00 2.883327e+01 3.470407e+01
    endloop
  endfacet
  facet normal -1.219023e-01 5.182967e-01 8.464682e-01
    outer loop
      vertex   -9.293554e+00 2.852179e+01 3.470407e+01
      vertex   -7.969218e+00 2.883327e+01 3.470407e+01
      vertex   -8.098939e+00 2.928919e+01 3.440622e+01
    endloop
  endfacet
  facet normal -1.692047e-01 5.048380e-01 8.464682e-01
    outer loop
      vertex   -8.098939e+00 2.928919e+01 3.440622e+01
      vertex   -7.969218e+00 2.883327e+01 3.470407e+01
      vertex   -6.850506e+00 2.970762e+01 3.440622e+01
    endloop
  endfacet
  facet normal -2.248324e-01 6.708086e-01 7.067292e-01
    outer loop
      vertex   -8.098939e+00 2.928919e+01 3.440622e+01
      vertex   -6.850506e+00 2.970762e+01 3.440622e+01
      vertex   -6.993505e+00 3.007675e+01 3.401037e+01
    endloop
  endfacet
  facet normal -2.857677e-01 6.472021e-01 7.067292e-01
    outer loop
      vertex   -6.993505e+00 3.007675e+01 3.401037e+01
      vertex   -6.850506e+00 2.970762e+01 3.440622e+01
      vertex   -5.822454e+00 3.059382e+01 3.401037e+01
    endloop
  endfacet
  facet normal -3.421130e-01 7.748120e-01 5.316249e-01
    outer loop
      vertex   -6.993505e+00 3.007675e+01 3.401037e+01
      vertex   -5.822454e+00 3.059382e+01 3.401037e+01
      vertex   -5.955215e+00 3.086043e+01 3.353635e+01
    endloop
  endfacet
  facet normal -4.121442e-01 7.399406e-01 5.316249e-01
    outer loop
      vertex   -5.955215e+00 3.086043e+01 3.353635e+01
      vertex   -5.822454e+00 3.059382e+01 3.401037e+01
      vertex   -4.860903e+00 3.146996e+01 3.353635e+01
    endloop
  endfacet
  facet normal -4.593513e-01 8.246936e-01 3.299650e-01
    outer loop
      vertex   -5.955215e+00 3.086043e+01 3.353635e+01
      vertex   -4.860903e+00 3.146996e+01 3.353635e+01
      vertex   -4.958239e+00 3.162716e+01 3.300795e+01
    endloop
  endfacet
  facet normal -5.334849e-01 7.787920e-01 3.299650e-01
    outer loop
      vertex   -4.958239e+00 3.162716e+01 3.300795e+01
      vertex   -4.860903e+00 3.146996e+01 3.353635e+01
      vertex   -3.938925e+00 3.232541e+01 3.300795e+01
    endloop
  endfacet
  facet normal -2.011546e-02 1.140805e-01 9.932678e-01
    outer loop
      vertex   -1.003367e+01 2.730902e+01 3.495164e+01
      vertex   -8.481119e+00 2.758277e+01 3.495164e+01
      vertex   -9.196459e+00 2.800238e+01 3.488896e+01
    endloop
  endfacet
  facet normal -2.492905e-02 1.059918e-01 9.940545e-01
    outer loop
      vertex   -9.196459e+00 2.800238e+01 3.488896e+01
      vertex   -8.481119e+00 2.758277e+01 3.495164e+01
      vertex   -7.824613e+00 2.832504e+01 3.488896e+01
    endloop
  endfacet
  facet normal -7.568952e-02 3.218121e-01 9.437733e-01
    outer loop
      vertex   -9.196459e+00 2.800238e+01 3.488896e+01
      vertex   -7.824613e+00 2.832504e+01 3.488896e+01
      vertex   -7.969218e+00 2.883327e+01 3.470407e+01
    endloop
  endfacet
  facet normal -1.050597e-01 3.134556e-01 9.437733e-01
    outer loop
      vertex   -7.969218e+00 2.883327e+01 3.470407e+01
      vertex   -7.824613e+00 2.832504e+01 3.488896e+01
      vertex   -6.679272e+00 2.926562e+01 3.470407e+01
    endloop
  endfacet
  facet normal -1.692047e-01 5.048380e-01 8.464682e-01
    outer loop
      vertex   -7.969218e+00 2.883327e+01 3.470407e+01
      vertex   -6.679272e+00 2.926562e+01 3.470407e+01
      vertex   -6.850506e+00 2.970762e+01 3.440622e+01
    endloop
  endfacet
  facet normal -2.150634e-01 4.870722e-01 8.464682e-01
    outer loop
      vertex   -6.850506e+00 2.970762e+01 3.440622e+01
      vertex   -6.679272e+00 2.926562e+01 3.470407e+01
      vertex   -5.646007e+00 3.023946e+01 3.440622e+01
    endloop
  endfacet
  facet normal -2.857677e-01 6.472021e-01 7.067292e-01
    outer loop
      vertex   -6.850506e+00 2.970762e+01 3.440622e+01
      vertex   -5.646007e+00 3.023946e+01 3.440622e+01
      vertex   -5.822454e+00 3.059382e+01 3.401037e+01
    endloop
  endfacet
  facet normal -3.442649e-01 6.180740e-01 7.067292e-01
    outer loop
      vertex   -5.822454e+00 3.059382e+01 3.401037e+01
      vertex   -5.646007e+00 3.023946e+01 3.440622e+01
      vertex   -4.704108e+00 3.121673e+01 3.401037e+01
    endloop
  endfacet
  facet normal -4.121442e-01 7.399406e-01 5.316249e-01
    outer loop
      vertex   -5.822454e+00 3.059382e+01 3.401037e+01
      vertex   -4.704108e+00 3.121673e+01 3.401037e+01
      vertex   -4.860903e+00 3.146996e+01 3.353635e+01
    endloop
  endfacet
  facet normal -4.786592e-01 6.987563e-01 5.316249e-01
    outer loop
      vertex   -4.860903e+00 3.146996e+01 3.353635e+01
      vertex   -4.704108e+00 3.121673e+01 3.401037e+01
      vertex   -3.827499e+00 3.217786e+01 3.353635e+01
    endloop
  endfacet
  facet normal -5.334849e-01 7.787920e-01 3.299650e-01
    outer loop
      vertex   -4.860903e+00 3.146996e+01 3.353635e+01
      vertex   -3.827499e+00 3.217786e+01 3.353635e+01
      vertex   -3.938925e+00 3.232541e+01 3.300795e+01
    endloop
  endfacet
  facet normal -6.030670e-01 7.262460e-01 3.299650e-01
    outer loop
      vertex   -3.938925e+00 3.232541e+01 3.300795e+01
      vertex   -3.827499e+00 3.217786e+01 3.353635e+01
      vertex   -2.988385e+00 3.311473e+01 3.300795e+01
    endloop
  endfacet
  facet normal -3.141684e-02 1.116621e-01 9.932495e-01
    outer loop
      vertex   -8.481119e+00 2.758277e+01 3.495164e+01
      vertex   -6.963545e+00 2.800975e+01 3.495164e+01
      vertex   -7.824613e+00 2.832504e+01 3.488896e+01
    endloop
  endfacet
  facet normal -3.458208e-02 1.031789e-01 9.940615e-01
    outer loop
      vertex   -7.824613e+00 2.832504e+01 3.488896e+01
      vertex   -6.963545e+00 2.800975e+01 3.495164e+01
      vertex   -6.488389e+00 2.877289e+01 3.488896e+01
    endloop
  endfacet
  facet normal -1.050597e-01 3.134556e-01 9.437733e-01
    outer loop
      vertex   -7.824613e+00 2.832504e+01 3.488896e+01
      vertex   -6.488389e+00 2.877289e+01 3.488896e+01
      vertex   -6.679272e+00 2.926562e+01 3.470407e+01
    endloop
  endfacet
  facet normal -1.335336e-01 3.024247e-01 9.437733e-01
    outer loop
      vertex   -6.679272e+00 2.926562e+01 3.470407e+01
      vertex   -6.488389e+00 2.877289e+01 3.488896e+01
      vertex   -5.434720e+00 2.981514e+01 3.470407e+01
    endloop
  endfacet
  facet normal -2.150634e-01 4.870722e-01 8.464682e-01
    outer loop
      vertex   -6.679272e+00 2.926562e+01 3.470407e+01
      vertex   -5.434720e+00 2.981514e+01 3.470407e+01
      vertex   -5.646007e+00 3.023946e+01 3.440622e+01
    endloop
  endfacet
  facet normal -2.590874e-01 4.651509e-01 8.464682e-01
    outer loop
      vertex   -5.646007e+00 3.023946e+01 3.440622e+01
      vertex   -5.434720e+00 2.981514e+01 3.470407e+01
      vertex   -4.495718e+00 3.088017e+01 3.440622e+01
    endloop
  endfacet
  facet normal -3.442649e-01 6.180740e-01 7.067292e-01
    outer loop
      vertex   -5.646007e+00 3.023946e+01 3.440622e+01
      vertex   -4.495718e+00 3.088017e+01 3.440622e+01
      vertex   -4.704108e+00 3.121673e+01 3.401037e+01
    endloop
  endfacet
  facet normal -3.998250e-01 5.836726e-01 7.067292e-01
    outer loop
      vertex   -4.704108e+00 3.121673e+01 3.401037e+01
      vertex   -4.495718e+00 3.088017e+01 3.440622e+01
      vertex   -3.648008e+00 3.194018e+01 3.401037e+01
    endloop
  endfacet
  facet normal -4.786592e-01 6.987563e-01 5.316249e-01
    outer loop
      vertex   -4.704108e+00 3.121673e+01 3.401037e+01
      vertex   -3.648008e+00 3.194018e+01 3.401037e+01
      vertex   -3.827499e+00 3.217786e+01 3.353635e+01
    endloop
  endfacet
  facet normal -5.410904e-01 6.516104e-01 5.316249e-01
    outer loop
      vertex   -3.827499e+00 3.217786e+01 3.353635e+01
      vertex   -3.648008e+00 3.194018e+01 3.401037e+01
      vertex   -2.863821e+00 3.297809e+01 3.353635e+01
    endloop
  endfacet
  facet normal -6.030670e-01 7.262460e-01 3.299650e-01
    outer loop
      vertex   -3.827499e+00 3.217786e+01 3.353635e+01
      vertex   -2.863821e+00 3.297809e+01 3.353635e+01
      vertex   -2.988385e+00 3.311473e+01 3.300795e+01
    endloop
  endfacet
  facet normal -6.675040e-01 6.675040e-01 3.299650e-01
    outer loop
      vertex   -2.988385e+00 3.311473e+01 3.300795e+01
      vertex   -2.863821e+00 3.297809e+01 3.353635e+01
      vertex   -2.114730e+00 3.398839e+01 3.300795e+01
    endloop
  endfacet
  facet normal -4.237229e-02 1.079628e-01 9.932515e-01
    outer loop
      vertex   -6.963545e+00 2.800975e+01 3.495164e+01
      vertex   -5.496026e+00 2.858571e+01 3.495164e+01
      vertex   -6.488389e+00 2.877289e+01 3.488896e+01
    endloop
  endfacet
  facet normal -4.399345e-02 9.963567e-02 9.940510e-01
    outer loop
      vertex   -6.488389e+00 2.877289e+01 3.488896e+01
      vertex   -5.496026e+00 2.858571e+01 3.495164e+01
      vertex   -5.199189e+00 2.934213e+01 3.488896e+01
    endloop
  endfacet
  facet normal -1.335336e-01 3.024247e-01 9.437733e-01
    outer loop
      vertex   -6.488389e+00 2.877289e+01 3.488896e+01
      vertex   -5.199189e+00 2.934213e+01 3.488896e+01
      vertex   -5.434720e+00 2.981514e+01 3.470407e+01
    endloop
  endfacet
  facet normal -1.608682e-01 2.888137e-01 9.437733e-01
    outer loop
      vertex   -5.434720e+00 2.981514e+01 3.470407e+01
      vertex   -5.199189e+00 2.934213e+01 3.488896e+01
      vertex   -4.246181e+00 3.047715e+01 3.470407e+01
    endloop
  endfacet
  facet normal -2.590874e-01 4.651509e-01 8.464682e-01
    outer loop
      vertex   -5.434720e+00 2.981514e+01 3.470407e+01
      vertex   -4.246181e+00 3.047715e+01 3.470407e+01
      vertex   -4.495718e+00 3.088017e+01 3.440622e+01
    endloop
  endfacet
  facet normal -3.009009e-01 4.392611e-01 8.464682e-01
    outer loop
      vertex   -4.495718e+00 3.088017e+01 3.440622e+01
      vertex   -4.246181e+00 3.047715e+01 3.470407e+01
      vertex   -3.409453e+00 3.162428e+01 3.440622e+01
    endloop
  endfacet
  facet normal -3.998250e-01 5.836726e-01 7.067292e-01
    outer loop
      vertex   -4.495718e+00 3.088017e+01 3.440622e+01
      vertex   -3.409453e+00 3.162428e+01 3.440622e+01
      vertex   -3.648008e+00 3.194018e+01 3.401037e+01
    endloop
  endfacet
  facet normal -4.519740e-01 5.442916e-01 7.067292e-01
    outer loop
      vertex   -3.648008e+00 3.194018e+01 3.401037e+01
      vertex   -3.409453e+00 3.162428e+01 3.440622e+01
      vertex   -2.663165e+00 3.275798e+01 3.401037e+01
    endloop
  endfacet
  facet normal -5.410904e-01 6.516104e-01 5.316249e-01
    outer loop
      vertex   -3.648008e+00 3.194018e+01 3.401037e+01
      vertex   -2.663165e+00 3.275798e+01 3.401037e+01
      vertex   -2.863821e+00 3.297809e+01 3.353635e+01
    endloop
  endfacet
  facet normal -5.989052e-01 5.989052e-01 5.316249e-01
    outer loop
      vertex   -2.863821e+00 3.297809e+01 3.353635e+01
      vertex   -2.663165e+00 3.275798e+01 3.401037e+01
      vertex   -1.978089e+00 3.386382e+01 3.353635e+01
    endloop
  endfacet
  facet normal -6.675040e-01 6.675040e-01 3.299650e-01
    outer loop
      vertex   -2.863821e+00 3.297809e+01 3.353635e+01
      vertex   -1.978089e+00 3.386382e+01 3.353635e+01
      vertex   -2.114730e+00 3.398839e+01 3.300795e+01
    endloop
  endfacet
  facet normal -7.262460e-01 6.030670e-01 3.299650e-01
    outer loop
      vertex   -2.114730e+00 3.398839e+01 3.300795e+01
      vertex   -1.978089e+00 3.386382e+01 3.353635e+01
      vertex   -1.325411e+00 3.493892e+01 3.300795e+01
    endloop
  endfacet
  facet normal -5.282373e-02 1.030365e-01 9.932739e-01
    outer loop
      vertex   -5.496026e+00 2.858571e+01 3.495164e+01
      vertex   -4.093146e+00 2.930493e+01 3.495164e+01
      vertex   -5.199189e+00 2.934213e+01 3.488896e+01
    endloop
  endfacet
  facet normal -5.312386e-02 9.537559e-02 9.940228e-01
    outer loop
      vertex   -5.199189e+00 2.934213e+01 3.488896e+01
      vertex   -4.093146e+00 2.930493e+01 3.495164e+01
      vertex   -3.968011e+00 3.002789e+01 3.488896e+01
    endloop
  endfacet
  facet normal -1.608682e-01 2.888137e-01 9.437733e-01
    outer loop
      vertex   -5.199189e+00 2.934213e+01 3.488896e+01
      vertex   -3.968011e+00 3.002789e+01 3.488896e+01
      vertex   -4.246181e+00 3.047715e+01 3.470407e+01
    endloop
  endfacet
  facet normal -1.868303e-01 2.727387e-01 9.437733e-01
    outer loop
      vertex   -4.246181e+00 3.047715e+01 3.470407e+01
      vertex   -3.968011e+00 3.002789e+01 3.488896e+01
      vertex   -3.123795e+00 3.124600e+01 3.470407e+01
    endloop
  endfacet
  facet normal -3.009009e-01 4.392611e-01 8.464682e-01
    outer loop
      vertex   -4.246181e+00 3.047715e+01 3.470407e+01
      vertex   -3.123795e+00 3.124600e+01 3.470407e+01
      vertex   -3.409453e+00 3.162428e+01 3.440622e+01
    endloop
  endfacet
  facet normal -3.401472e-01 4.096237e-01 8.464682e-01
    outer loop
      vertex   -3.409453e+00 3.162428e+01 3.440622e+01
      vertex   -3.123795e+00 3.124600e+01 3.470407e+01
      vertex   -2.396479e+00 3.246544e+01 3.440622e+01
    endloop
  endfacet
  facet normal -4.519740e-01 5.442916e-01 7.067292e-01
    outer loop
      vertex   -3.409453e+00 3.162428e+01 3.440622e+01
      vertex   -2.396479e+00 3.246544e+01 3.440622e+01
      vertex   -2.663165e+00 3.275798e+01 3.401037e+01
    endloop
  endfacet
  facet normal -5.002668e-01 5.002668e-01 7.067292e-01
    outer loop
      vertex   -2.663165e+00 3.275798e+01 3.401037e+01
      vertex   -2.396479e+00 3.246544e+01 3.440622e+01
      vertex   -1.757980e+00 3.366316e+01 3.401037e+01
    endloop
  endfacet
  facet normal -5.989052e-01 5.989052e-01 5.316249e-01
    outer loop
      vertex   -2.663165e+00 3.275798e+01 3.401037e+01
      vertex   -1.757980e+00 3.366316e+01 3.401037e+01
      vertex   -1.978089e+00 3.386382e+01 3.353635e+01
    endloop
  endfacet
  facet normal -6.516104e-01 5.410904e-01 5.316249e-01
    outer loop
      vertex   -1.978089e+00 3.386382e+01 3.353635e+01
      vertex   -1.757980e+00 3.366316e+01 3.401037e+01
      vertex   -1.177860e+00 3.482750e+01 3.353635e+01
    endloop
  endfacet
  facet normal -7.262460e-01 6.030670e-01 3.299650e-01
    outer loop
      vertex   -1.978089e+00 3.386382e+01 3.353635e+01
      vertex   -1.177860e+00 3.482750e+01 3.353635e+01
      vertex   -1.325411e+00 3.493892e+01 3.300795e+01
    endloop
  endfacet
  facet normal -6.262238e-02 9.695841e-02 9.933164e-01
    outer loop
      vertex   -4.093146e+00 2.930493e+01 3.495164e+01
      vertex   -2.768848e+00 3.016025e+01 3.495164e+01
      vertex   -3.968011e+00 3.002789e+01 3.488896e+01
    endloop
  endfacet
  facet normal -6.193446e-02 9.041317e-02 9.939767e-01
    outer loop
      vertex   -3.968011e+00 3.002789e+01 3.488896e+01
      vertex   -2.768848e+00 3.016025e+01 3.495164e+01
      vertex   -2.805359e+00 3.082433e+01 3.488896e+01
    endloop
  endfacet
  facet normal -1.868303e-01 2.727387e-01 9.437733e-01
    outer loop
      vertex   -3.968011e+00 3.002789e+01 3.488896e+01
      vertex   -2.805359e+00 3.082433e+01 3.488896e+01
      vertex   -3.123795e+00 3.124600e+01 3.470407e+01
    endloop
  endfacet
  facet normal -2.111985e-01 2.543367e-01 9.437733e-01
    outer loop
      vertex   -3.123795e+00 3.124600e+01 3.470407e+01
      vertex   -2.805359e+00 3.082433e+01 3.488896e+01
      vertex   -2.077138e+00 3.211514e+01 3.470407e+01
    endloop
  endfacet
  facet normal -3.401472e-01 4.096237e-01 8.464682e-01
    outer loop
      vertex   -3.123795e+00 3.124600e+01 3.470407e+01
      vertex   -2.077138e+00 3.211514e+01 3.470407e+01
      vertex   -2.396479e+00 3.246544e+01 3.440622e+01
    endloop
  endfacet
  facet normal -3.764915e-01 3.764915e-01 8.464682e-01
    outer loop
      vertex   -2.396479e+00 3.246544e+01 3.440622e+01
      vertex   -2.077138e+00 3.211514e+01 3.470407e+01
      vertex   -1.465440e+00 3.339648e+01 3.440622e+01
    endloop
  endfacet
  facet normal -5.002668e-01 5.002668e-01 7.067292e-01
    outer loop
      vertex   -2.396479e+00 3.246544e+01 3.440622e+01
      vertex   -1.465440e+00 3.339648e+01 3.440622e+01
      vertex   -1.757980e+00 3.366316e+01 3.401037e+01
    endloop
  endfacet
  facet normal -5.442916e-01 4.519740e-01 7.067292e-01
    outer loop
      vertex   -1.757980e+00 3.366316e+01 3.401037e+01
      vertex   -1.465440e+00 3.339648e+01 3.440622e+01
      vertex   -9.401757e-01 3.464801e+01 3.401037e+01
    endloop
  endfacet
  facet normal -6.516104e-01 5.410904e-01 5.316249e-01
    outer loop
      vertex   -1.757980e+00 3.366316e+01 3.401037e+01
      vertex   -9.401757e-01 3.464801e+01 3.401037e+01
      vertex   -1.177860e+00 3.482750e+01 3.353635e+01
    endloop
  endfacet
  facet normal -7.163188e-02 8.982354e-02 9.933784e-01
    outer loop
      vertex   -2.768848e+00 3.016025e+01 3.495164e+01
      vertex   -1.536293e+00 3.114318e+01 3.495164e+01
      vertex   -2.805359e+00 3.082433e+01 3.488896e+01
    endloop
  endfacet
  facet normal -7.038698e-02 8.476382e-02 9.939119e-01
    outer loop
      vertex   -2.805359e+00 3.082433e+01 3.488896e+01
      vertex   -1.536293e+00 3.114318e+01 3.495164e+01
      vertex   -1.721152e+00 3.172464e+01 3.488896e+01
    endloop
  endfacet
  facet normal -2.111985e-01 2.543367e-01 9.437733e-01
    outer loop
      vertex   -2.805359e+00 3.082433e+01 3.488896e+01
      vertex   -1.721152e+00 3.172464e+01 3.488896e+01
      vertex   -2.077138e+00 3.211514e+01 3.470407e+01
    endloop
  endfacet
  facet normal -2.337648e-01 2.337648e-01 9.437733e-01
    outer loop
      vertex   -2.077138e+00 3.211514e+01 3.470407e+01
      vertex   -1.721152e+00 3.172464e+01 3.488896e+01
      vertex   -1.115138e+00 3.307714e+01 3.470407e+01
    endloop
  endfacet
  facet normal -3.764915e-01 3.764915e-01 8.464682e-01
    outer loop
      vertex   -2.077138e+00 3.211514e+01 3.470407e+01
      vertex   -1.115138e+00 3.307714e+01 3.470407e+01
      vertex   -1.465440e+00 3.339648e+01 3.440622e+01
    endloop
  endfacet
  facet normal -4.096237e-01 3.401472e-01 8.464682e-01
    outer loop
      vertex   -1.465440e+00 3.339648e+01 3.440622e+01
      vertex   -1.115138e+00 3.307714e+01 3.470407e+01
      vertex   -6.242772e-01 3.440945e+01 3.440622e+01
    endloop
  endfacet
  facet normal -5.442916e-01 4.519740e-01 7.067292e-01
    outer loop
      vertex   -1.465440e+00 3.339648e+01 3.440622e+01
      vertex   -6.242772e-01 3.440945e+01 3.440622e+01
      vertex   -9.401757e-01 3.464801e+01 3.401037e+01
    endloop
  endfacet
  facet normal -7.973114e-02 8.174430e-02 9.934590e-01
    outer loop
      vertex   -1.536293e+00 3.114318e+01 3.495164e+01
      vertex   -4.077314e-01 3.224395e+01 3.495164e+01
      vertex   -1.721152e+00 3.172464e+01 3.488896e+01
    endloop
  endfacet
  facet normal -7.844374e-02 7.844374e-02 9.938275e-01
    outer loop
      vertex   -1.721152e+00 3.172464e+01 3.488896e+01
      vertex   -4.077314e-01 3.224395e+01 3.495164e+01
      vertex   -7.246408e-01 3.272115e+01 3.488896e+01
    endloop
  endfacet
  facet normal -2.337648e-01 2.337648e-01 9.437733e-01
    outer loop
      vertex   -1.721152e+00 3.172464e+01 3.488896e+01
      vertex   -7.246408e-01 3.272115e+01 3.488896e+01
      vertex   -1.115138e+00 3.307714e+01 3.470407e+01
    endloop
  endfacet
  facet normal -2.543367e-01 2.111985e-01 9.437733e-01
    outer loop
      vertex   -1.115138e+00 3.307714e+01 3.470407e+01
      vertex   -7.246408e-01 3.272115e+01 3.488896e+01
      vertex   -2.460050e-01 3.412379e+01 3.470407e+01
    endloop
  endfacet
  facet normal -4.096237e-01 3.401472e-01 8.464682e-01
    outer loop
      vertex   -1.115138e+00 3.307714e+01 3.470407e+01
      vertex   -2.460050e-01 3.412379e+01 3.470407e+01
      vertex   -6.242772e-01 3.440945e+01 3.440622e+01
    endloop
  endfacet
  facet normal -8.681666e-02 7.284783e-02 9.935573e-01
    outer loop
      vertex   -4.077314e-01 3.224395e+01 3.495164e+01
      vertex   6.056211e-01 3.345161e+01 3.495164e+01
      vertex   -7.246408e-01 3.272115e+01 3.488896e+01
    endloop
  endfacet
  facet normal -8.606771e-02 7.146972e-02 9.937225e-01
    outer loop
      vertex   -7.246408e-01 3.272115e+01 3.488896e+01
      vertex   6.056211e-01 3.345161e+01 3.495164e+01
      vertex   1.756729e-01 3.380536e+01 3.488896e+01
    endloop
  endfacet
  facet normal -2.543367e-01 2.111985e-01 9.437733e-01
    outer loop
      vertex   -7.246408e-01 3.272115e+01 3.488896e+01
      vertex   1.756729e-01 3.380536e+01 3.488896e+01
      vertex   -2.460050e-01 3.412379e+01 3.470407e+01
    endloop
  endfacet
  facet normal -9.722458e-02 5.415374e-02 9.937881e-01
    outer loop
      vertex   9.721081e-01 3.496801e+01 3.488896e+01
      vertex   1.493693e+00 3.475418e+01 3.495164e+01
      vertex   1.657870e+00 3.619919e+01 3.488896e+01
    endloop
  endfacet
  facet normal -9.999840e-02 5.445623e-02 9.934963e-01
    outer loop
      vertex   1.657870e+00 3.619919e+01 3.488896e+01
      vertex   1.493693e+00 3.475418e+01 3.495164e+01
      vertex   2.247659e+00 3.613869e+01 3.495164e+01
    endloop
  endfacet
  facet normal -1.010485e-01 4.461728e-02 9.938805e-01
    outer loop
      vertex   1.657870e+00 3.619919e+01 3.488896e+01
      vertex   2.247659e+00 3.613869e+01 3.495164e+01
      vertex   2.227108e+00 3.748839e+01 3.488896e+01
    endloop
  endfacet
  facet normal -1.056273e-01 4.452564e-02 9.934084e-01
    outer loop
      vertex   2.227108e+00 3.748839e+01 3.488896e+01
      vertex   2.247659e+00 3.613869e+01 3.495164e+01
      vertex   2.860025e+00 3.759139e+01 3.495164e+01
    endloop
  endfacet
  facet normal -1.041140e-01 3.489548e-02 9.939530e-01
    outer loop
      vertex   2.227108e+00 3.748839e+01 3.488896e+01
      vertex   2.860025e+00 3.759139e+01 3.495164e+01
      vertex   2.674964e+00 3.882461e+01 3.488896e+01
    endloop
  endfacet
  facet normal -1.101101e-01 3.396447e-02 9.933389e-01
    outer loop
      vertex   2.674964e+00 3.882461e+01 3.488896e+01
      vertex   2.860025e+00 3.759139e+01 3.495164e+01
      vertex   3.324706e+00 3.909785e+01 3.495164e+01
    endloop
  endfacet
  facet normal -1.064169e-01 2.502902e-02 9.940065e-01
    outer loop
      vertex   2.674964e+00 3.882461e+01 3.488896e+01
      vertex   3.324706e+00 3.909785e+01 3.495164e+01
      vertex   2.997620e+00 4.019646e+01 3.488896e+01
    endloop
  endfacet
  facet normal -1.133694e-01 2.291811e-02 9.932886e-01
    outer loop
      vertex   2.997620e+00 4.019646e+01 3.488896e+01
      vertex   3.324706e+00 3.909785e+01 3.495164e+01
      vertex   3.637082e+00 4.064309e+01 3.495164e+01
    endloop
  endfacet
  facet normal -1.079540e-01 1.505894e-02 9.940418e-01
    outer loop
      vertex   2.997620e+00 4.019646e+01 3.488896e+01
      vertex   3.637082e+00 4.064309e+01 3.495164e+01
      vertex   3.192321e+00 4.159222e+01 3.488896e+01
    endloop
  endfacet
  facet normal -1.153481e-01 1.154232e-02 9.932581e-01
    outer loop
      vertex   3.192321e+00 4.159222e+01 3.488896e+01
      vertex   3.637082e+00 4.064309e+01 3.495164e+01
      vertex   3.794051e+00 4.221175e+01 3.495164e+01
    endloop
  endfacet
  facet normal -1.087231e-01 5.026572e-03 9.940594e-01
    outer loop
      vertex   3.192321e+00 4.159222e+01 3.488896e+01
      vertex   3.794051e+00 4.221175e+01 3.495164e+01
      vertex   3.257406e+00 4.300000e+01 3.488896e+01
    endloop
  endfacet
  facet normal -1.160116e-01 0.000000e+00 9.932479e-01
    outer loop
      vertex   3.257406e+00 4.300000e+01 3.488896e+01
      vertex   3.794051e+00 4.221175e+01 3.495164e+01
      vertex   3.794051e+00 4.378825e+01 3.495164e+01
    endloop
  endfacet
  facet normal -1.087231e-01 -5.026572e-03 9.940594e-01
    outer loop
      vertex   3.257406e+00 4.300000e+01 3.488896e+01
      vertex   3.794051e+00 4.378825e+01 3.495164e+01
      vertex   3.192321e+00 4.440778e+01 3.488896e+01
    endloop
  endfacet
  facet normal -1.153481e-01 -1.154232e-02 9.932581e-01
    outer loop
      vertex   3.192321e+00 4.440778e+01 3.488896e+01
      vertex   3.794051e+00 4.378825e+01 3.495164e+01
      vertex   3.637082e+00 4.535691e+01 3.495164e+01
    endloop
  endfacet
  facet normal -1.079540e-01 -1.505894e-02 9.940418e-01
    outer loop
      vertex   3.192321e+00 4.440778e+01 3.488896e+01
      vertex   3.637082e+00 4.535691e+01 3.495164e+01
      vertex   2.997620e+00 4.580354e+01 3.488896e+01
    endloop
  endfacet
  facet normal -1.133694e-01 -2.291811e-02 9.932886e-01
    outer loop
      vertex   2.997620e+00 4.580354e+01 3.488896e+01
      vertex   3.637082e+00 4.535691e+01 3.495164e+01
      vertex   3.324706e+00 4.690215e+01 3.495164e+01
    endloop
  endfacet
  facet normal -1.064169e-01 -2.502902e-02 9.940065e-01
    outer loop
      vertex   2.997620e+00 4.580354e+01 3.488896e+01
      vertex   3.324706e+00 4.690215e+01 3.495164e+01
      vertex   2.674964e+00 4.717539e+01 3.488896e+01
    endloop
  endfacet
  facet normal -1.101101e-01 -3.396447e-02 9.933389e-01
    outer loop
      vertex   2.674964e+00 4.717539e+01 3.488896e+01
      vertex   3.324706e+00 4.690215e+01 3.495164e+01
      vertex   2.860025e+00 4.840861e+01 3.495164e+01
    endloop
  endfacet
  facet normal -1.041140e-01 -3.489548e-02 9.939530e-01
    outer loop
      vertex   2.674964e+00 4.717539e+01 3.488896e+01
      vertex   2.860025e+00 4.840861e+01 3.495164e+01
      vertex   2.227108e+00 4.851161e+01 3.488896e+01
    endloop
  endfacet
  facet normal -1.056273e-01 -4.452564e-02 9.934084e-01
    outer loop
      vertex   2.227108e+00 4.851161e+01 3.488896e+01
      vertex   2.860025e+00 4.840861e+01 3.495164e+01
      vertex   2.247659e+00 4.986131e+01 3.495164e+01
    endloop
  endfacet
  facet normal -1.010485e-01 -4.461728e-02 9.938805e-01
    outer loop
      vertex   2.227108e+00 4.851161e+01 3.488896e+01
      vertex   2.247659e+00 4.986131e+01 3.495164e+01
      vertex   1.657870e+00 4.980081e+01 3.488896e+01
    endloop
  endfacet
  facet normal -9.999840e-02 -5.445623e-02 9.934963e-01
    outer loop
      vertex   1.657870e+00 4.980081e+01 3.488896e+01
      vertex   2.247659e+00 4.986131e+01 3.495164e+01
      vertex   1.493693e+00 5.124582e+01 3.495164e+01
    endloop
  endfacet
  facet normal -9.722458e-02 -5.415374e-02 9.937881e-01
    outer loop
      vertex   1.657870e+00 4.980081e+01 3.488896e+01
      vertex   1.493693e+00 5.124582e+01 3.495164e+01
      vertex   9.721081e-01 5.103199e+01 3.488896e+01
    endloop
  endfacet
  facet normal -9.331952e-02 -6.362417e-02 9.936012e-01
    outer loop
      vertex   9.721081e-01 5.103199e+01 3.488896e+01
      vertex   1.493693e+00 5.124582e+01 3.495164e+01
      vertex   6.056211e-01 5.254839e+01 3.495164e+01
    endloop
  endfacet
  facet normal -9.264697e-02 -6.346465e-02 9.936744e-01
    outer loop
      vertex   9.721081e-01 5.103199e+01 3.488896e+01
      vertex   6.056211e-01 5.254839e+01 3.495164e+01
      vertex   1.756729e-01 5.219464e+01 3.488896e+01
    endloop
  endfacet
  facet normal -8.606771e-02 -7.146972e-02 9.937225e-01
    outer loop
      vertex   1.756729e-01 5.219464e+01 3.488896e+01
      vertex   6.056211e-01 5.254839e+01 3.495164e+01
      vertex   -7.246408e-01 5.327885e+01 3.488896e+01
    endloop
  endfacet
  facet normal -2.543367e-01 -2.111985e-01 9.437733e-01
    outer loop
      vertex   1.756729e-01 5.219464e+01 3.488896e+01
      vertex   -7.246408e-01 5.327885e+01 3.488896e+01
      vertex   -1.115138e+00 5.292286e+01 3.470407e+01
    endloop
  endfacet
  facet normal -2.337648e-01 -2.337648e-01 9.437733e-01
    outer loop
      vertex   -1.115138e+00 5.292286e+01 3.470407e+01
      vertex   -7.246408e-01 5.327885e+01 3.488896e+01
      vertex   -2.077138e+00 5.388486e+01 3.470407e+01
    endloop
  endfacet
  facet normal -3.764915e-01 -3.764915e-01 8.464682e-01
    outer loop
      vertex   -1.115138e+00 5.292286e+01 3.470407e+01
      vertex   -2.077138e+00 5.388486e+01 3.470407e+01
      vertex   -2.396479e+00 5.353456e+01 3.440622e+01
    endloop
  endfacet
  facet normal -3.401472e-01 -4.096237e-01 8.464682e-01
    outer loop
      vertex   -2.396479e+00 5.353456e+01 3.440622e+01
      vertex   -2.077138e+00 5.388486e+01 3.470407e+01
      vertex   -3.409453e+00 5.437572e+01 3.440622e+01
    endloop
  endfacet
  facet normal -4.519740e-01 -5.442916e-01 7.067292e-01
    outer loop
      vertex   -2.396479e+00 5.353456e+01 3.440622e+01
      vertex   -3.409453e+00 5.437572e+01 3.440622e+01
      vertex   -3.648008e+00 5.405982e+01 3.401037e+01
    endloop
  endfacet
  facet normal -3.998250e-01 -5.836726e-01 7.067292e-01
    outer loop
      vertex   -3.648008e+00 5.405982e+01 3.401037e+01
      vertex   -3.409453e+00 5.437572e+01 3.440622e+01
      vertex   -4.704108e+00 5.478327e+01 3.401037e+01
    endloop
  endfacet
  facet normal -4.786592e-01 -6.987563e-01 5.316249e-01
    outer loop
      vertex   -3.648008e+00 5.405982e+01 3.401037e+01
      vertex   -4.704108e+00 5.478327e+01 3.401037e+01
      vertex   -4.860903e+00 5.453004e+01 3.353635e+01
    endloop
  endfacet
  facet normal -4.121442e-01 -7.399406e-01 5.316249e-01
    outer loop
      vertex   -4.860903e+00 5.453004e+01 3.353635e+01
      vertex   -4.704108e+00 5.478327e+01 3.401037e+01
      vertex   -5.955215e+00 5.513957e+01 3.353635e+01
    endloop
  endfacet
  facet normal -4.593513e-01 -8.246936e-01 3.299650e-01
    outer loop
      vertex   -4.860903e+00 5.453004e+01 3.353635e+01
      vertex   -5.955215e+00 5.513957e+01 3.353635e+01
      vertex   -6.037631e+00 5.497405e+01 3.300795e+01
    endloop
  endfacet
  facet normal -3.812987e-01 -8.635591e-01 3.299650e-01
    outer loop
      vertex   -6.037631e+00 5.497405e+01 3.300795e+01
      vertex   -5.955215e+00 5.513957e+01 3.353635e+01
      vertex   -7.167891e+00 5.547311e+01 3.300795e+01
    endloop
  endfacet
  facet normal -4.017920e-01 -9.099722e-01 1.025367e-01
    outer loop
      vertex   -6.037631e+00 5.497405e+01 3.300795e+01
      vertex   -7.167891e+00 5.547311e+01 3.300795e+01
      vertex   -7.072089e+00 5.536813e+01 3.245164e+01
    endloop
  endfacet
  facet normal -3.168803e-01 -9.404673e-01 1.229147e-01
    outer loop
      vertex   -7.072089e+00 5.536813e+01 3.245164e+01
      vertex   -7.167891e+00 5.547311e+01 3.300795e+01
      vertex   -8.438206e+00 5.582842e+01 3.245164e+01
    endloop
  endfacet
  facet normal -3.155247e-01 -9.413977e-01 1.192249e-01
    outer loop
      vertex   -8.438206e+00 5.582842e+01 3.245164e+01
      vertex   -7.167891e+00 5.547311e+01 3.300795e+01
      vertex   -8.339378e+00 5.586575e+01 3.300795e+01
    endloop
  endfacet
  facet normal -2.276752e-01 -9.680155e-01 1.054044e-01
    outer loop
      vertex   -8.438206e+00 5.582842e+01 3.245164e+01
      vertex   -8.339378e+00 5.586575e+01 3.300795e+01
      vertex   -9.542095e+00 5.614863e+01 3.300795e+01
    endloop
  endfacet
  facet normal -2.161278e-01 -9.189189e-01 3.299650e-01
    outer loop
      vertex   -9.542095e+00 5.614863e+01 3.300795e+01
      vertex   -8.339378e+00 5.586575e+01 3.300795e+01
      vertex   -8.288778e+00 5.604359e+01 3.353635e+01
    endloop
  endfacet
  facet normal -2.161278e-01 -9.189189e-01 3.299650e-01
    outer loop
      vertex   -9.542095e+00 5.614863e+01 3.300795e+01
      vertex   -8.288778e+00 5.604359e+01 3.353635e+01
      vertex   -9.508120e+00 5.633038e+01 3.353635e+01
    endloop
  endfacet
  facet normal -1.939165e-01 -8.244825e-01 5.316249e-01
    outer loop
      vertex   -9.508120e+00 5.633038e+01 3.353635e+01
      vertex   -8.288778e+00 5.604359e+01 3.353635e+01
      vertex   -8.207269e+00 5.633007e+01 3.401037e+01
    endloop
  endfacet
  facet normal -1.939165e-01 -8.244825e-01 5.316249e-01
    outer loop
      vertex   -9.508120e+00 5.633038e+01 3.353635e+01
      vertex   -8.207269e+00 5.633007e+01 3.401037e+01
      vertex   -9.453392e+00 5.662315e+01 3.401037e+01
    endloop
  endfacet
  facet normal -1.619789e-01 -6.886920e-01 7.067292e-01
    outer loop
      vertex   -9.453392e+00 5.662315e+01 3.401037e+01
      vertex   -8.207269e+00 5.633007e+01 3.401037e+01
      vertex   -8.098939e+00 5.671081e+01 3.440622e+01
    endloop
  endfacet
  facet normal -1.619789e-01 -6.886920e-01 7.067292e-01
    outer loop
      vertex   -9.453392e+00 5.662315e+01 3.401037e+01
      vertex   -8.098939e+00 5.671081e+01 3.440622e+01
      vertex   -9.380654e+00 5.701227e+01 3.440622e+01
    endloop
  endfacet
  facet normal -1.219023e-01 -5.182967e-01 8.464682e-01
    outer loop
      vertex   -9.380654e+00 5.701227e+01 3.440622e+01
      vertex   -8.098939e+00 5.671081e+01 3.440622e+01
      vertex   -7.969218e+00 5.716673e+01 3.470407e+01
    endloop
  endfacet
  facet normal -1.219023e-01 -5.182967e-01 8.464682e-01
    outer loop
      vertex   -9.380654e+00 5.701227e+01 3.440622e+01
      vertex   -7.969218e+00 5.716673e+01 3.470407e+01
      vertex   -9.293554e+00 5.747821e+01 3.470407e+01
    endloop
  endfacet
  facet normal -7.568952e-02 -3.218121e-01 9.437733e-01
    outer loop
      vertex   -9.293554e+00 5.747821e+01 3.470407e+01
      vertex   -7.969218e+00 5.716673e+01 3.470407e+01
      vertex   -7.824613e+00 5.767496e+01 3.488896e+01
    endloop
  endfacet
  facet normal -7.568952e-02 -3.218121e-01 9.437733e-01
    outer loop
      vertex   -9.293554e+00 5.747821e+01 3.470407e+01
      vertex   -7.824613e+00 5.767496e+01 3.488896e+01
      vertex   -9.196459e+00 5.799762e+01 3.488896e+01
    endloop
  endfacet
  facet normal -2.492905e-02 -1.059918e-01 9.940545e-01
    outer loop
      vertex   -9.196459e+00 5.799762e+01 3.488896e+01
      vertex   -7.824613e+00 5.767496e+01 3.488896e+01
      vertex   -8.481119e+00 5.841723e+01 3.495164e+01
    endloop
  endfacet
  facet normal -2.011546e-02 -1.140805e-01 9.932678e-01
    outer loop
      vertex   -9.196459e+00 5.799762e+01 3.488896e+01
      vertex   -8.481119e+00 5.841723e+01 3.495164e+01
      vertex   -1.003367e+01 5.869098e+01 3.495164e+01
    endloop
  endfacet
  facet normal -8.681666e-02 -7.284783e-02 9.935573e-01
    outer loop
      vertex   6.056211e-01 5.254839e+01 3.495164e+01
      vertex   -4.077314e-01 5.375605e+01 3.495164e+01
      vertex   -7.246408e-01 5.327885e+01 3.488896e+01
    endloop
  endfacet
  facet normal -7.844374e-02 -7.844374e-02 9.938275e-01
    outer loop
      vertex   -7.246408e-01 5.327885e+01 3.488896e+01
      vertex   -4.077314e-01 5.375605e+01 3.495164e+01
      vertex   -1.721152e+00 5.427536e+01 3.488896e+01
    endloop
  endfacet
  facet normal -2.337648e-01 -2.337648e-01 9.437733e-01
    outer loop
      vertex   -7.246408e-01 5.327885e+01 3.488896e+01
      vertex   -1.721152e+00 5.427536e+01 3.488896e+01
      vertex   -2.077138e+00 5.388486e+01 3.470407e+01
    endloop
  endfacet
  facet normal -2.111985e-01 -2.543367e-01 9.437733e-01
    outer loop
      vertex   -2.077138e+00 5.388486e+01 3.470407e+01
      vertex   -1.721152e+00 5.427536e+01 3.488896e+01
      vertex   -3.123795e+00 5.475400e+01 3.470407e+01
    endloop
  endfacet
  facet normal -3.401472e-01 -4.096237e-01 8.464682e-01
    outer loop
      vertex   -2.077138e+00 5.388486e+01 3.470407e+01
      vertex   -3.123795e+00 5.475400e+01 3.470407e+01
      vertex   -3.409453e+00 5.437572e+01 3.440622e+01
    endloop
  endfacet
  facet normal -3.009009e-01 -4.392611e-01 8.464682e-01
    outer loop
      vertex   -3.409453e+00 5.437572e+01 3.440622e+01
      vertex   -3.123795e+00 5.475400e+01 3.470407e+01
      vertex   -4.495718e+00 5.511983e+01 3.440622e+01
    endloop
  endfacet
  facet normal -3.998250e-01 -5.836726e-01 7.067292e-01
    outer loop
      vertex   -3.409453e+00 5.437572e+01 3.440622e+01
      vertex   -4.495718e+00 5.511983e+01 3.440622e+01
      vertex   -4.704108e+00 5.478327e+01 3.401037e+01
    endloop
  endfacet
  facet normal -3.442649e-01 -6.180740e-01 7.067292e-01
    outer loop
      vertex   -4.704108e+00 5.478327e+01 3.401037e+01
      vertex   -4.495718e+00 5.511983e+01 3.440622e+01
      vertex   -5.822454e+00 5.540618e+01 3.401037e+01
    endloop
  endfacet
  facet normal -4.121442e-01 -7.399406e-01 5.316249e-01
    outer loop
      vertex   -4.704108e+00 5.478327e+01 3.401037e+01
      vertex   -5.822454e+00 5.540618e+01 3.401037e+01
      vertex   -5.955215e+00 5.513957e+01 3.353635e+01
    endloop
  endfacet
  facet normal -3.421130e-01 -7.748120e-01 5.316249e-01
    outer loop
      vertex   -5.955215e+00 5.513957e+01 3.353635e+01
      vertex   -5.822454e+00 5.540618e+01 3.401037e+01
      vertex   -7.101098e+00 5.564552e+01 3.353635e+01
    endloop
  endfacet
  facet normal -3.812987e-01 -8.635591e-01 3.299650e-01
    outer loop
      vertex   -5.955215e+00 5.513957e+01 3.353635e+01
      vertex   -7.101098e+00 5.564552e+01 3.353635e+01
      vertex   -7.167891e+00 5.547311e+01 3.300795e+01
    endloop
  endfacet
  facet normal -2.999929e-01 -8.950572e-01 3.299650e-01
    outer loop
      vertex   -7.167891e+00 5.547311e+01 3.300795e+01
      vertex   -7.101098e+00 5.564552e+01 3.353635e+01
      vertex   -8.339378e+00 5.586575e+01 3.300795e+01
    endloop
  endfacet
  facet normal -7.973114e-02 -8.174430e-02 9.934590e-01
    outer loop
      vertex   -4.077314e-01 5.375605e+01 3.495164e+01
      vertex   -1.536293e+00 5.485682e+01 3.495164e+01
      vertex   -1.721152e+00 5.427536e+01 3.488896e+01
    endloop
  endfacet
  facet normal -7.038698e-02 -8.476382e-02 9.939119e-01
    outer loop
      vertex   -1.721152e+00 5.427536e+01 3.488896e+01
      vertex   -1.536293e+00 5.485682e+01 3.495164e+01
      vertex   -2.805359e+00 5.517567e+01 3.488896e+01
    endloop
  endfacet
  facet normal -2.111985e-01 -2.543367e-01 9.437733e-01
    outer loop
      vertex   -1.721152e+00 5.427536e+01 3.488896e+01
      vertex   -2.805359e+00 5.517567e+01 3.488896e+01
      vertex   -3.123795e+00 5.475400e+01 3.470407e+01
    endloop
  endfacet
  facet normal -1.868303e-01 -2.727387e-01 9.437733e-01
    outer loop
      vertex   -3.123795e+00 5.475400e+01 3.470407e+01
      vertex   -2.805359e+00 5.517567e+01 3.488896e+01
      vertex   -4.246181e+00 5.552285e+01 3.470407e+01
    endloop
  endfacet
  facet normal -3.009009e-01 -4.392611e-01 8.464682e-01
    outer loop
      vertex   -3.123795e+00 5.475400e+01 3.470407e+01
      vertex   -4.246181e+00 5.552285e+01 3.470407e+01
      vertex   -4.495718e+00 5.511983e+01 3.440622e+01
    endloop
  endfacet
  facet normal -2.590874e-01 -4.651509e-01 8.464682e-01
    outer loop
      vertex   -4.495718e+00 5.511983e+01 3.440622e+01
      vertex   -4.246181e+00 5.552285e+01 3.470407e+01
      vertex   -5.646007e+00 5.576054e+01 3.440622e+01
    endloop
  endfacet
  facet normal -3.442649e-01 -6.180740e-01 7.067292e-01
    outer loop
      vertex   -4.495718e+00 5.511983e+01 3.440622e+01
      vertex   -5.646007e+00 5.576054e+01 3.440622e+01
      vertex   -5.822454e+00 5.540618e+01 3.401037e+01
    endloop
  endfacet
  facet normal -2.857677e-01 -6.472021e-01 7.067292e-01
    outer loop
      vertex   -5.822454e+00 5.540618e+01 3.401037e+01
      vertex   -5.646007e+00 5.576054e+01 3.440622e+01
      vertex   -6.993505e+00 5.592325e+01 3.401037e+01
    endloop
  endfacet
  facet normal -3.421130e-01 -7.748120e-01 5.316249e-01
    outer loop
      vertex   -5.822454e+00 5.540618e+01 3.401037e+01
      vertex   -6.993505e+00 5.592325e+01 3.401037e+01
      vertex   -7.101098e+00 5.564552e+01 3.353635e+01
    endloop
  endfacet
  facet normal -2.691629e-01 -8.030730e-01 5.316249e-01
    outer loop
      vertex   -7.101098e+00 5.564552e+01 3.353635e+01
      vertex   -6.993505e+00 5.592325e+01 3.401037e+01
      vertex   -8.288778e+00 5.604359e+01 3.353635e+01
    endloop
  endfacet
  facet normal -2.999929e-01 -8.950572e-01 3.299650e-01
    outer loop
      vertex   -7.101098e+00 5.564552e+01 3.353635e+01
      vertex   -8.288778e+00 5.604359e+01 3.353635e+01
      vertex   -8.339378e+00 5.586575e+01 3.300795e+01
    endloop
  endfacet
  facet normal -7.163188e-02 -8.982354e-02 9.933784e-01
    outer loop
      vertex   -1.536293e+00 5.485682e+01 3.495164e+01
      vertex   -2.768848e+00 5.583975e+01 3.495164e+01
      vertex   -2.805359e+00 5.517567e+01 3.488896e+01
    endloop
  endfacet
  facet normal -6.193446e-02 -9.041317e-02 9.939767e-01
    outer loop
      vertex   -2.805359e+00 5.517567e+01 3.488896e+01
      vertex   -2.768848e+00 5.583975e+01 3.495164e+01
      vertex   -3.968011e+00 5.597211e+01 3.488896e+01
    endloop
  endfacet
  facet normal -1.868303e-01 -2.727387e-01 9.437733e-01
    outer loop
      vertex   -2.805359e+00 5.517567e+01 3.488896e+01
      vertex   -3.968011e+00 5.597211e+01 3.488896e+01
      vertex   -4.246181e+00 5.552285e+01 3.470407e+01
    endloop
  endfacet
  facet normal -1.608682e-01 -2.888137e-01 9.437733e-01
    outer loop
      vertex   -4.246181e+00 5.552285e+01 3.470407e+01
      vertex   -3.968011e+00 5.597211e+01 3.488896e+01
      vertex   -5.434720e+00 5.618486e+01 3.470407e+01
    endloop
  endfacet
  facet normal -2.590874e-01 -4.651509e-01 8.464682e-01
    outer loop
      vertex   -4.246181e+00 5.552285e+01 3.470407e+01
      vertex   -5.434720e+00 5.618486e+01 3.470407e+01
      vertex   -5.646007e+00 5.576054e+01 3.440622e+01
    endloop
  endfacet
  facet normal -2.150634e-01 -4.870722e-01 8.464682e-01
    outer loop
      vertex   -5.646007e+00 5.576054e+01 3.440622e+01
      vertex   -5.434720e+00 5.618486e+01 3.470407e+01
      vertex   -6.850506e+00 5.629238e+01 3.440622e+01
    endloop
  endfacet
  facet normal -2.857677e-01 -6.472021e-01 7.067292e-01
    outer loop
      vertex   -5.646007e+00 5.576054e+01 3.440622e+01
      vertex   -6.850506e+00 5.629238e+01 3.440622e+01
      vertex   -6.993505e+00 5.592325e+01 3.401037e+01
    endloop
  endfacet
  facet normal -2.248324e-01 -6.708086e-01 7.067292e-01
    outer loop
      vertex   -6.993505e+00 5.592325e+01 3.401037e+01
      vertex   -6.850506e+00 5.629238e+01 3.440622e+01
      vertex   -8.207269e+00 5.633007e+01 3.401037e+01
    endloop
  endfacet
  facet normal -2.691629e-01 -8.030730e-01 5.316249e-01
    outer loop
      vertex   -6.993505e+00 5.592325e+01 3.401037e+01
      vertex   -8.207269e+00 5.633007e+01 3.401037e+01
      vertex   -8.288778e+00 5.604359e+01 3.353635e+01
    endloop
  endfacet
  facet normal -6.262238e-02 -9.695841e-02 9.933164e-01
    outer loop
      vertex   -2.768848e+00 5.583975e+01 3.495164e+01
      vertex   -4.093146e+00 5.669507e+01 3.495164e+01
      vertex   -3.968011e+00 5.597211e+01 3.488896e+01
    endloop
  endfacet
  facet normal -5.312386e-02 -9.537559e-02 9.940228e-01
    outer loop
      vertex   -3.968011e+00 5.597211e+01 3.488896e+01
      vertex   -4.093146e+00 5.669507e+01 3.495164e+01
      vertex   -5.199189e+00 5.665787e+01 3.488896e+01
    endloop
  endfacet
  facet normal -1.608682e-01 -2.888137e-01 9.437733e-01
    outer loop
      vertex   -3.968011e+00 5.597211e+01 3.488896e+01
      vertex   -5.199189e+00 5.665787e+01 3.488896e+01
      vertex   -5.434720e+00 5.618486e+01 3.470407e+01
    endloop
  endfacet
  facet normal -1.335336e-01 -3.024247e-01 9.437733e-01
    outer loop
      vertex   -5.434720e+00 5.618486e+01 3.470407e+01
      vertex   -5.199189e+00 5.665787e+01 3.488896e+01
      vertex   -6.679272e+00 5.673438e+01 3.470407e+01
    endloop
  endfacet
  facet normal -2.150634e-01 -4.870722e-01 8.464682e-01
    outer loop
      vertex   -5.434720e+00 5.618486e+01 3.470407e+01
      vertex   -6.679272e+00 5.673438e+01 3.470407e+01
      vertex   -6.850506e+00 5.629238e+01 3.440622e+01
    endloop
  endfacet
  facet normal -1.692047e-01 -5.048380e-01 8.464682e-01
    outer loop
      vertex   -6.850506e+00 5.629238e+01 3.440622e+01
      vertex   -6.679272e+00 5.673438e+01 3.470407e+01
      vertex   -8.098939e+00 5.671081e+01 3.440622e+01
    endloop
  endfacet
  facet normal -2.248324e-01 -6.708086e-01 7.067292e-01
    outer loop
      vertex   -6.850506e+00 5.629238e+01 3.440622e+01
      vertex   -8.098939e+00 5.671081e+01 3.440622e+01
      vertex   -8.207269e+00 5.633007e+01 3.401037e+01
    endloop
  endfacet
  facet normal -5.282373e-02 -1.030365e-01 9.932739e-01
    outer loop
      vertex   -4.093146e+00 5.669507e+01 3.495164e+01
      vertex   -5.496026e+00 5.741429e+01 3.495164e+01
      vertex   -5.199189e+00 5.665787e+01 3.488896e+01
    endloop
  endfacet
  facet normal -4.399345e-02 -9.963567e-02 9.940510e-01
    outer loop
      vertex   -5.199189e+00 5.665787e+01 3.488896e+01
      vertex   -5.496026e+00 5.741429e+01 3.495164e+01
      vertex   -6.488389e+00 5.722711e+01 3.488896e+01
    endloop
  endfacet
  facet normal -1.335336e-01 -3.024247e-01 9.437733e-01
    outer loop
      vertex   -5.199189e+00 5.665787e+01 3.488896e+01
      vertex   -6.488389e+00 5.722711e+01 3.488896e+01
      vertex   -6.679272e+00 5.673438e+01 3.470407e+01
    endloop
  endfacet
  facet normal -1.050597e-01 -3.134556e-01 9.437733e-01
    outer loop
      vertex   -6.679272e+00 5.673438e+01 3.470407e+01
      vertex   -6.488389e+00 5.722711e+01 3.488896e+01
      vertex   -7.969218e+00 5.716673e+01 3.470407e+01
    endloop
  endfacet
  facet normal -1.692047e-01 -5.048380e-01 8.464682e-01
    outer loop
      vertex   -6.679272e+00 5.673438e+01 3.470407e+01
      vertex   -7.969218e+00 5.716673e+01 3.470407e+01
      vertex   -8.098939e+00 5.671081e+01 3.440622e+01
    endloop
  endfacet
  facet normal -4.237229e-02 -1.079628e-01 9.932515e-01
    outer loop
      vertex   -5.496026e+00 5.741429e+01 3.495164e+01
      vertex   -6.963545e+00 5.799025e+01 3.495164e+01
      vertex   -6.488389e+00 5.722711e+01 3.488896e+01
    endloop
  endfacet
  facet normal -3.458208e-02 -1.031789e-01 9.940615e-01
    outer loop
      vertex   -6.488389e+00 5.722711e+01 3.488896e+01
      vertex   -6.963545e+00 5.799025e+01 3.495164e+01
      vertex   -7.824613e+00 5.767496e+01 3.488896e+01
    endloop
  endfacet
  facet normal -1.050597e-01 -3.134556e-01 9.437733e-01
    outer loop
      vertex   -6.488389e+00 5.722711e+01 3.488896e+01
      vertex   -7.824613e+00 5.767496e+01 3.488896e+01
      vertex   -7.969218e+00 5.716673e+01 3.470407e+01
    endloop
  endfacet
  facet normal -3.141684e-02 -1.116621e-01 9.932495e-01
    outer loop
      vertex   -6.963545e+00 5.799025e+01 3.495164e+01
      vertex   -8.481119e+00 5.841723e+01 3.495164e+01
      vertex   -7.824613e+00 5.767496e+01 3.488896e+01
    endloop
  endfacet
  facet normal -1.507401e-02 -1.080620e-01 9.940299e-01
    outer loop
      vertex   -9.196459e+00 5.799762e+01 3.488896e+01
      vertex   -1.003367e+01 5.869098e+01 3.495164e+01
      vertex   -1.059222e+01 5.819232e+01 3.488896e+01
    endloop
  endfacet
  facet normal -8.632057e-03 -1.151868e-01 9.933063e-01
    outer loop
      vertex   -1.059222e+01 5.819232e+01 3.488896e+01
      vertex   -1.003367e+01 5.869098e+01 3.495164e+01
      vertex   -1.160575e+01 5.880879e+01 3.495164e+01
    endloop
  endfacet
  facet normal -5.056856e-03 -1.093781e-01 9.939874e-01
    outer loop
      vertex   -1.059222e+01 5.819232e+01 3.488896e+01
      vertex   -1.160575e+01 5.880879e+01 3.495164e+01
      vertex   -1.200000e+01 5.825741e+01 3.488896e+01
    endloop
  endfacet
  facet normal 2.867251e-03 -1.149731e-01 9.933645e-01
    outer loop
      vertex   -1.200000e+01 5.825741e+01 3.488896e+01
      vertex   -1.160575e+01 5.880879e+01 3.495164e+01
      vertex   -1.318176e+01 5.876949e+01 3.495164e+01
    endloop
  endfacet
  facet normal 5.082369e-03 -1.099300e-01 9.939263e-01
    outer loop
      vertex   -1.200000e+01 5.825741e+01 3.488896e+01
      vertex   -1.318176e+01 5.876949e+01 3.495164e+01
      vertex   -1.340778e+01 5.819232e+01 3.488896e+01
    endloop
  endfacet
  facet normal 1.421771e-02 -1.134547e-01 9.934414e-01
    outer loop
      vertex   -1.340778e+01 5.819232e+01 3.488896e+01
      vertex   -1.318176e+01 5.876949e+01 3.495164e+01
      vertex   -1.474602e+01 5.857346e+01 3.495164e+01
    endloop
  endfacet
  facet normal 1.530365e-02 -1.097083e-01 9.938460e-01
    outer loop
      vertex   -1.340778e+01 5.819232e+01 3.488896e+01
      vertex   -1.474602e+01 5.857346e+01 3.495164e+01
      vertex   -1.480354e+01 5.799762e+01 3.488896e+01
    endloop
  endfacet
  facet normal 2.525949e-02 -1.106690e-01 9.935363e-01
    outer loop
      vertex   -1.480354e+01 5.799762e+01 3.488896e+01
      vertex   -1.474602e+01 5.857346e+01 3.495164e+01
      vertex   -1.628299e+01 5.822266e+01 3.495164e+01
    endloop
  endfacet
  facet normal 2.556713e-02 -1.087048e-01 9.937452e-01
    outer loop
      vertex   -1.480354e+01 5.799762e+01 3.488896e+01
      vertex   -1.628299e+01 5.822266e+01 3.495164e+01
      vertex   -1.617539e+01 5.767496e+01 3.488896e+01
    endloop
  endfacet
  facet normal 3.575932e-02 -1.066913e-01 9.936490e-01
    outer loop
      vertex   -1.617539e+01 5.767496e+01 3.488896e+01
      vertex   -1.628299e+01 5.822266e+01 3.495164e+01
      vertex   -1.751161e+01 5.722711e+01 3.488896e+01
    endloop
  endfacet
  facet normal 1.050597e-01 -3.134556e-01 9.437733e-01
    outer loop
      vertex   -1.617539e+01 5.767496e+01 3.488896e+01
      vertex   -1.751161e+01 5.722711e+01 3.488896e+01
      vertex   -1.732073e+01 5.673438e+01 3.470407e+01
    endloop
  endfacet
  facet normal 1.335336e-01 -3.024247e-01 9.437733e-01
    outer loop
      vertex   -1.732073e+01 5.673438e+01 3.470407e+01
      vertex   -1.751161e+01 5.722711e+01 3.488896e+01
      vertex   -1.856528e+01 5.618486e+01 3.470407e+01
    endloop
  endfacet
  facet normal 2.150634e-01 -4.870722e-01 8.464682e-01
    outer loop
      vertex   -1.732073e+01 5.673438e+01 3.470407e+01
      vertex   -1.856528e+01 5.618486e+01 3.470407e+01
      vertex   -1.835399e+01 5.576054e+01 3.440622e+01
    endloop
  endfacet
  facet normal 2.590874e-01 -4.651509e-01 8.464682e-01
    outer loop
      vertex   -1.835399e+01 5.576054e+01 3.440622e+01
      vertex   -1.856528e+01 5.618486e+01 3.470407e+01
      vertex   -1.950428e+01 5.511983e+01 3.440622e+01
    endloop
  endfacet
  facet normal 3.442649e-01 -6.180740e-01 7.067292e-01
    outer loop
      vertex   -1.835399e+01 5.576054e+01 3.440622e+01
      vertex   -1.950428e+01 5.511983e+01 3.440622e+01
      vertex   -1.929589e+01 5.478327e+01 3.401037e+01
    endloop
  endfacet
  facet normal 3.998250e-01 -5.836726e-01 7.067292e-01
    outer loop
      vertex   -1.929589e+01 5.478327e+01 3.401037e+01
      vertex   -1.950428e+01 5.511983e+01 3.440622e+01
      vertex   -2.035199e+01 5.405982e+01 3.401037e+01
    endloop
  endfacet
  facet normal 4.786592e-01 -6.987563e-01 5.316249e-01
    outer loop
      vertex   -1.929589e+01 5.478327e+01 3.401037e+01
      vertex   -2.035199e+01 5.405982e+01 3.401037e+01
      vertex   -2.017250e+01 5.382214e+01 3.353635e+01
    endloop
  endfacet
  facet normal 5.410904e-01 -6.516104e-01 5.316249e-01
    outer loop
      vertex   -2.017250e+01 5.382214e+01 3.353635e+01
      vertex   -2.035199e+01 5.405982e+01 3.401037e+01
      vertex   -2.113618e+01 5.302191e+01 3.353635e+01
    endloop
  endfacet
  facet normal 6.030670e-01 -7.262460e-01 3.299650e-01
    outer loop
      vertex   -2.017250e+01 5.382214e+01 3.353635e+01
      vertex   -2.113618e+01 5.302191e+01 3.353635e+01
      vertex   -2.101162e+01 5.288527e+01 3.300795e+01
    endloop
  endfacet
  facet normal 6.675040e-01 -6.675040e-01 3.299650e-01
    outer loop
      vertex   -2.101162e+01 5.288527e+01 3.300795e+01
      vertex   -2.113618e+01 5.302191e+01 3.353635e+01
      vertex   -2.188527e+01 5.201161e+01 3.300795e+01
    endloop
  endfacet
  facet normal 7.038847e-01 -7.038847e-01 9.535600e-02
    outer loop
      vertex   -2.101162e+01 5.288527e+01 3.300795e+01
      vertex   -2.188527e+01 5.201161e+01 3.300795e+01
      vertex   -2.166569e+01 5.215583e+01 3.245164e+01
    endloop
  endfacet
  facet normal 7.555087e-01 -6.417349e-01 1.318442e-01
    outer loop
      vertex   -2.166569e+01 5.215583e+01 3.245164e+01
      vertex   -2.188527e+01 5.201161e+01 3.300795e+01
      vertex   -2.259895e+01 5.105711e+01 3.245164e+01
    endloop
  endfacet
  facet normal 7.647915e-01 -6.350748e-01 1.085079e-01
    outer loop
      vertex   -2.259895e+01 5.105711e+01 3.245164e+01
      vertex   -2.188527e+01 5.201161e+01 3.300795e+01
      vertex   -2.267459e+01 5.106108e+01 3.300795e+01
    endloop
  endfacet
  facet normal 8.194839e-01 -5.613595e-01 1.154192e-01
    outer loop
      vertex   -2.259895e+01 5.105711e+01 3.245164e+01
      vertex   -2.267459e+01 5.106108e+01 3.300795e+01
      vertex   -2.337284e+01 5.004176e+01 3.300795e+01
    endloop
  endfacet
  facet normal 7.787920e-01 -5.334849e-01 3.299650e-01
    outer loop
      vertex   -2.337284e+01 5.004176e+01 3.300795e+01
      vertex   -2.267459e+01 5.106108e+01 3.300795e+01
      vertex   -2.282214e+01 5.117250e+01 3.353635e+01
    endloop
  endfacet
  facet normal 7.787920e-01 -5.334849e-01 3.299650e-01
    outer loop
      vertex   -2.337284e+01 5.004176e+01 3.300795e+01
      vertex   -2.282214e+01 5.117250e+01 3.353635e+01
      vertex   -2.353004e+01 5.013910e+01 3.353635e+01
    endloop
  endfacet
  facet normal 6.987563e-01 -4.786592e-01 5.316249e-01
    outer loop
      vertex   -2.353004e+01 5.013910e+01 3.353635e+01
      vertex   -2.282214e+01 5.117250e+01 3.353635e+01
      vertex   -2.305982e+01 5.135199e+01 3.401037e+01
    endloop
  endfacet
  facet normal 6.987563e-01 -4.786592e-01 5.316249e-01
    outer loop
      vertex   -2.353004e+01 5.013910e+01 3.353635e+01
      vertex   -2.305982e+01 5.135199e+01 3.401037e+01
      vertex   -2.378327e+01 5.029589e+01 3.401037e+01
    endloop
  endfacet
  facet normal 5.836726e-01 -3.998250e-01 7.067292e-01
    outer loop
      vertex   -2.378327e+01 5.029589e+01 3.401037e+01
      vertex   -2.305982e+01 5.135199e+01 3.401037e+01
      vertex   -2.337572e+01 5.159055e+01 3.440622e+01
    endloop
  endfacet
  facet normal 5.836726e-01 -3.998250e-01 7.067292e-01
    outer loop
      vertex   -2.378327e+01 5.029589e+01 3.401037e+01
      vertex   -2.337572e+01 5.159055e+01 3.440622e+01
      vertex   -2.411983e+01 5.050428e+01 3.440622e+01
    endloop
  endfacet
  facet normal 4.392611e-01 -3.009009e-01 8.464682e-01
    outer loop
      vertex   -2.411983e+01 5.050428e+01 3.440622e+01
      vertex   -2.337572e+01 5.159055e+01 3.440622e+01
      vertex   -2.375400e+01 5.187621e+01 3.470407e+01
    endloop
  endfacet
  facet normal 4.392611e-01 -3.009009e-01 8.464682e-01
    outer loop
      vertex   -2.411983e+01 5.050428e+01 3.440622e+01
      vertex   -2.375400e+01 5.187621e+01 3.470407e+01
      vertex   -2.452285e+01 5.075382e+01 3.470407e+01
    endloop
  endfacet
  facet normal 2.727387e-01 -1.868303e-01 9.437733e-01
    outer loop
      vertex   -2.452285e+01 5.075382e+01 3.470407e+01
      vertex   -2.375400e+01 5.187621e+01 3.470407e+01
      vertex   -2.417567e+01 5.219464e+01 3.488896e+01
    endloop
  endfacet
  facet normal 2.727387e-01 -1.868303e-01 9.437733e-01
    outer loop
      vertex   -2.452285e+01 5.075382e+01 3.470407e+01
      vertex   -2.417567e+01 5.219464e+01 3.488896e+01
      vertex   -2.497211e+01 5.103199e+01 3.488896e+01
    endloop
  endfacet
  facet normal 8.978155e-02 -6.150179e-02 9.940608e-01
    outer loop
      vertex   -2.497211e+01 5.103199e+01 3.488896e+01
      vertex   -2.417567e+01 5.219464e+01 3.488896e+01
      vertex   -2.506590e+01 5.190818e+01 3.495164e+01
    endloop
  endfacet
  facet normal 9.894387e-02 -6.046334e-02 9.932544e-01
    outer loop
      vertex   -2.497211e+01 5.103199e+01 3.488896e+01
      vertex   -2.506590e+01 5.190818e+01 3.495164e+01
      vertex   -2.588794e+01 5.056297e+01 3.495164e+01
    endloop
  endfacet
  facet normal 3.590713e-02 -1.068722e-01 9.936242e-01
    outer loop
      vertex   -1.628299e+01 5.822266e+01 3.495164e+01
      vertex   -1.777740e+01 5.772057e+01 3.495164e+01
      vertex   -1.751161e+01 5.722711e+01 3.488896e+01
    endloop
  endfacet
  facet normal 4.502762e-02 -1.019778e-01 9.937671e-01
    outer loop
      vertex   -1.751161e+01 5.722711e+01 3.488896e+01
      vertex   -1.777740e+01 5.772057e+01 3.495164e+01
      vertex   -1.880081e+01 5.665787e+01 3.488896e+01
    endloop
  endfacet
  facet normal 1.335336e-01 -3.024247e-01 9.437733e-01
    outer loop
      vertex   -1.751161e+01 5.722711e+01 3.488896e+01
      vertex   -1.880081e+01 5.665787e+01 3.488896e+01
      vertex   -1.856528e+01 5.618486e+01 3.470407e+01
    endloop
  endfacet
  facet normal 1.608682e-01 -2.888137e-01 9.437733e-01
    outer loop
      vertex   -1.856528e+01 5.618486e+01 3.470407e+01
      vertex   -1.880081e+01 5.665787e+01 3.488896e+01
      vertex   -1.975382e+01 5.552285e+01 3.470407e+01
    endloop
  endfacet
  facet normal 2.590874e-01 -4.651509e-01 8.464682e-01
    outer loop
      vertex   -1.856528e+01 5.618486e+01 3.470407e+01
      vertex   -1.975382e+01 5.552285e+01 3.470407e+01
      vertex   -1.950428e+01 5.511983e+01 3.440622e+01
    endloop
  endfacet
  facet normal 3.009009e-01 -4.392611e-01 8.464682e-01
    outer loop
      vertex   -1.950428e+01 5.511983e+01 3.440622e+01
      vertex   -1.975382e+01 5.552285e+01 3.470407e+01
      vertex   -2.059055e+01 5.437572e+01 3.440622e+01
    endloop
  endfacet
  facet normal 3.998250e-01 -5.836726e-01 7.067292e-01
    outer loop
      vertex   -1.950428e+01 5.511983e+01 3.440622e+01
      vertex   -2.059055e+01 5.437572e+01 3.440622e+01
      vertex   -2.035199e+01 5.405982e+01 3.401037e+01
    endloop
  endfacet
  facet normal 4.519740e-01 -5.442916e-01 7.067292e-01
    outer loop
      vertex   -2.035199e+01 5.405982e+01 3.401037e+01
      vertex   -2.059055e+01 5.437572e+01 3.440622e+01
      vertex   -2.133684e+01 5.324202e+01 3.401037e+01
    endloop
  endfacet
  facet normal 5.410904e-01 -6.516104e-01 5.316249e-01
    outer loop
      vertex   -2.035199e+01 5.405982e+01 3.401037e+01
      vertex   -2.133684e+01 5.324202e+01 3.401037e+01
      vertex   -2.113618e+01 5.302191e+01 3.353635e+01
    endloop
  endfacet
  facet normal 5.989052e-01 -5.989052e-01 5.316249e-01
    outer loop
      vertex   -2.113618e+01 5.302191e+01 3.353635e+01
      vertex   -2.133684e+01 5.324202e+01 3.401037e+01
      vertex   -2.202191e+01 5.213618e+01 3.353635e+01
    endloop
  endfacet
  facet normal 6.675040e-01 -6.675040e-01 3.299650e-01
    outer loop
      vertex   -2.113618e+01 5.302191e+01 3.353635e+01
      vertex   -2.202191e+01 5.213618e+01 3.353635e+01
      vertex   -2.188527e+01 5.201161e+01 3.300795e+01
    endloop
  endfacet
  facet normal 7.262460e-01 -6.030670e-01 3.299650e-01
    outer loop
      vertex   -2.188527e+01 5.201161e+01 3.300795e+01
      vertex   -2.202191e+01 5.213618e+01 3.353635e+01
      vertex   -2.267459e+01 5.106108e+01 3.300795e+01
    endloop
  endfacet
  facet normal 4.676045e-02 -1.036318e-01 9.935159e-01
    outer loop
      vertex   -1.777740e+01 5.772057e+01 3.495164e+01
      vertex   -1.921438e+01 5.707217e+01 3.495164e+01
      vertex   -1.880081e+01 5.665787e+01 3.488896e+01
    endloop
  endfacet
  facet normal 5.382428e-02 -9.663309e-02 9.938637e-01
    outer loop
      vertex   -1.880081e+01 5.665787e+01 3.488896e+01
      vertex   -1.921438e+01 5.707217e+01 3.495164e+01
      vertex   -2.003199e+01 5.597211e+01 3.488896e+01
    endloop
  endfacet
  facet normal 1.608682e-01 -2.888137e-01 9.437733e-01
    outer loop
      vertex   -1.880081e+01 5.665787e+01 3.488896e+01
      vertex   -2.003199e+01 5.597211e+01 3.488896e+01
      vertex   -1.975382e+01 5.552285e+01 3.470407e+01
    endloop
  endfacet
  facet normal 1.868303e-01 -2.727387e-01 9.437733e-01
    outer loop
      vertex   -1.975382e+01 5.552285e+01 3.470407e+01
      vertex   -2.003199e+01 5.597211e+01 3.488896e+01
      vertex   -2.087621e+01 5.475400e+01 3.470407e+01
    endloop
  endfacet
  facet normal 3.009009e-01 -4.392611e-01 8.464682e-01
    outer loop
      vertex   -1.975382e+01 5.552285e+01 3.470407e+01
      vertex   -2.087621e+01 5.475400e+01 3.470407e+01
      vertex   -2.059055e+01 5.437572e+01 3.440622e+01
    endloop
  endfacet
  facet normal 3.401472e-01 -4.096237e-01 8.464682e-01
    outer loop
      vertex   -2.059055e+01 5.437572e+01 3.440622e+01
      vertex   -2.087621e+01 5.475400e+01 3.470407e+01
      vertex   -2.160352e+01 5.353456e+01 3.440622e+01
    endloop
  endfacet
  facet normal 4.519740e-01 -5.442916e-01 7.067292e-01
    outer loop
      vertex   -2.059055e+01 5.437572e+01 3.440622e+01
      vertex   -2.160352e+01 5.353456e+01 3.440622e+01
      vertex   -2.133684e+01 5.324202e+01 3.401037e+01
    endloop
  endfacet
  facet normal 5.002668e-01 -5.002668e-01 7.067292e-01
    outer loop
      vertex   -2.133684e+01 5.324202e+01 3.401037e+01
      vertex   -2.160352e+01 5.353456e+01 3.440622e+01
      vertex   -2.224202e+01 5.233684e+01 3.401037e+01
    endloop
  endfacet
  facet normal 5.989052e-01 -5.989052e-01 5.316249e-01
    outer loop
      vertex   -2.133684e+01 5.324202e+01 3.401037e+01
      vertex   -2.224202e+01 5.233684e+01 3.401037e+01
      vertex   -2.202191e+01 5.213618e+01 3.353635e+01
    endloop
  endfacet
  facet normal 6.516104e-01 -5.410904e-01 5.316249e-01
    outer loop
      vertex   -2.202191e+01 5.213618e+01 3.353635e+01
      vertex   -2.224202e+01 5.233684e+01 3.401037e+01
      vertex   -2.282214e+01 5.117250e+01 3.353635e+01
    endloop
  endfacet
  facet normal 7.262460e-01 -6.030670e-01 3.299650e-01
    outer loop
      vertex   -2.202191e+01 5.213618e+01 3.353635e+01
      vertex   -2.282214e+01 5.117250e+01 3.353635e+01
      vertex   -2.267459e+01 5.106108e+01 3.300795e+01
    endloop
  endfacet
  facet normal 5.724421e-02 -9.914988e-02 9.934246e-01
    outer loop
      vertex   -1.921438e+01 5.707217e+01 3.495164e+01
      vertex   -2.057967e+01 5.628393e+01 3.495164e+01
      vertex   -2.003199e+01 5.597211e+01 3.488896e+01
    endloop
  endfacet
  facet normal 6.212174e-02 -9.068656e-02 9.939401e-01
    outer loop
      vertex   -2.003199e+01 5.597211e+01 3.488896e+01
      vertex   -2.057967e+01 5.628393e+01 3.495164e+01
      vertex   -2.119464e+01 5.517567e+01 3.488896e+01
    endloop
  endfacet
  facet normal 1.868303e-01 -2.727387e-01 9.437733e-01
    outer loop
      vertex   -2.003199e+01 5.597211e+01 3.488896e+01
      vertex   -2.119464e+01 5.517567e+01 3.488896e+01
      vertex   -2.087621e+01 5.475400e+01 3.470407e+01
    endloop
  endfacet
  facet normal 2.111985e-01 -2.543367e-01 9.437733e-01
    outer loop
      vertex   -2.087621e+01 5.475400e+01 3.470407e+01
      vertex   -2.119464e+01 5.517567e+01 3.488896e+01
      vertex   -2.192286e+01 5.388486e+01 3.470407e+01
    endloop
  endfacet
  facet normal 3.401472e-01 -4.096237e-01 8.464682e-01
    outer loop
      vertex   -2.087621e+01 5.475400e+01 3.470407e+01
      vertex   -2.192286e+01 5.388486e+01 3.470407e+01
      vertex   -2.160352e+01 5.353456e+01 3.440622e+01
    endloop
  endfacet
  facet normal 3.764915e-01 -3.764915e-01 8.464682e-01
    outer loop
      vertex   -2.160352e+01 5.353456e+01 3.440622e+01
      vertex   -2.192286e+01 5.388486e+01 3.470407e+01
      vertex   -2.253456e+01 5.260352e+01 3.440622e+01
    endloop
  endfacet
  facet normal 5.002668e-01 -5.002668e-01 7.067292e-01
    outer loop
      vertex   -2.160352e+01 5.353456e+01 3.440622e+01
      vertex   -2.253456e+01 5.260352e+01 3.440622e+01
      vertex   -2.224202e+01 5.233684e+01 3.401037e+01
    endloop
  endfacet
  facet normal 5.442916e-01 -4.519740e-01 7.067292e-01
    outer loop
      vertex   -2.224202e+01 5.233684e+01 3.401037e+01
      vertex   -2.253456e+01 5.260352e+01 3.440622e+01
      vertex   -2.305982e+01 5.135199e+01 3.401037e+01
    endloop
  endfacet
  facet normal 6.516104e-01 -5.410904e-01 5.316249e-01
    outer loop
      vertex   -2.224202e+01 5.233684e+01 3.401037e+01
      vertex   -2.305982e+01 5.135199e+01 3.401037e+01
      vertex   -2.282214e+01 5.117250e+01 3.353635e+01
    endloop
  endfacet
  facet normal 6.720203e-02 -9.347233e-02 9.933513e-01
    outer loop
      vertex   -2.057967e+01 5.628393e+01 3.495164e+01
      vertex   -2.185969e+01 5.536366e+01 3.495164e+01
      vertex   -2.119464e+01 5.517567e+01 3.488896e+01
    endloop
  endfacet
  facet normal 6.989272e-02 -8.416860e-02 9.939973e-01
    outer loop
      vertex   -2.119464e+01 5.517567e+01 3.488896e+01
      vertex   -2.185969e+01 5.536366e+01 3.495164e+01
      vertex   -2.227885e+01 5.427536e+01 3.488896e+01
    endloop
  endfacet
  facet normal 2.111985e-01 -2.543367e-01 9.437733e-01
    outer loop
      vertex   -2.119464e+01 5.517567e+01 3.488896e+01
      vertex   -2.227885e+01 5.427536e+01 3.488896e+01
      vertex   -2.192286e+01 5.388486e+01 3.470407e+01
    endloop
  endfacet
  facet normal 2.337648e-01 -2.337648e-01 9.437733e-01
    outer loop
      vertex   -2.192286e+01 5.388486e+01 3.470407e+01
      vertex   -2.227885e+01 5.427536e+01 3.488896e+01
      vertex   -2.288486e+01 5.292286e+01 3.470407e+01
    endloop
  endfacet
  facet normal 3.764915e-01 -3.764915e-01 8.464682e-01
    outer loop
      vertex   -2.192286e+01 5.388486e+01 3.470407e+01
      vertex   -2.288486e+01 5.292286e+01 3.470407e+01
      vertex   -2.253456e+01 5.260352e+01 3.440622e+01
    endloop
  endfacet
  facet normal 4.096237e-01 -3.401472e-01 8.464682e-01
    outer loop
      vertex   -2.253456e+01 5.260352e+01 3.440622e+01
      vertex   -2.288486e+01 5.292286e+01 3.470407e+01
      vertex   -2.337572e+01 5.159055e+01 3.440622e+01
    endloop
  endfacet
  facet normal 5.442916e-01 -4.519740e-01 7.067292e-01
    outer loop
      vertex   -2.253456e+01 5.260352e+01 3.440622e+01
      vertex   -2.337572e+01 5.159055e+01 3.440622e+01
      vertex   -2.305982e+01 5.135199e+01 3.401037e+01
    endloop
  endfacet
  facet normal 7.648403e-02 -8.666694e-02 9.932971e-01
    outer loop
      vertex   -2.185969e+01 5.536366e+01 3.495164e+01
      vertex   -2.304171e+01 5.432051e+01 3.495164e+01
      vertex   -2.227885e+01 5.427536e+01 3.488896e+01
    endloop
  endfacet
  facet normal 7.711037e-02 -7.711037e-02 9.940362e-01
    outer loop
      vertex   -2.227885e+01 5.427536e+01 3.488896e+01
      vertex   -2.304171e+01 5.432051e+01 3.495164e+01
      vertex   -2.327536e+01 5.327885e+01 3.488896e+01
    endloop
  endfacet
  facet normal 2.337648e-01 -2.337648e-01 9.437733e-01
    outer loop
      vertex   -2.227885e+01 5.427536e+01 3.488896e+01
      vertex   -2.327536e+01 5.327885e+01 3.488896e+01
      vertex   -2.288486e+01 5.292286e+01 3.470407e+01
    endloop
  endfacet
  facet normal 2.543367e-01 -2.111985e-01 9.437733e-01
    outer loop
      vertex   -2.288486e+01 5.292286e+01 3.470407e+01
      vertex   -2.327536e+01 5.327885e+01 3.488896e+01
      vertex   -2.375400e+01 5.187621e+01 3.470407e+01
    endloop
  endfacet
  facet normal 4.096237e-01 -3.401472e-01 8.464682e-01
    outer loop
      vertex   -2.288486e+01 5.292286e+01 3.470407e+01
      vertex   -2.375400e+01 5.187621e+01 3.470407e+01
      vertex   -2.337572e+01 5.159055e+01 3.440622e+01
    endloop
  endfacet
  facet normal 8.495025e-02 -7.882231e-02 9.932626e-01
    outer loop
      vertex   -2.304171e+01 5.432051e+01 3.495164e+01
      vertex   -2.411400e+01 5.316486e+01 3.495164e+01
      vertex   -2.327536e+01 5.327885e+01 3.488896e+01
    endloop
  endfacet
  facet normal 8.374848e-02 -6.954385e-02 9.940573e-01
    outer loop
      vertex   -2.327536e+01 5.327885e+01 3.488896e+01
      vertex   -2.411400e+01 5.316486e+01 3.495164e+01
      vertex   -2.417567e+01 5.219464e+01 3.488896e+01
    endloop
  endfacet
  facet normal 2.543367e-01 -2.111985e-01 9.437733e-01
    outer loop
      vertex   -2.327536e+01 5.327885e+01 3.488896e+01
      vertex   -2.417567e+01 5.219464e+01 3.488896e+01
      vertex   -2.375400e+01 5.187621e+01 3.470407e+01
    endloop
  endfacet
  facet normal 9.247381e-02 -7.004619e-02 9.932483e-01
    outer loop
      vertex   -2.411400e+01 5.316486e+01 3.495164e+01
      vertex   -2.506590e+01 5.190818e+01 3.495164e+01
      vertex   -2.417567e+01 5.219464e+01 3.488896e+01
    endloop
  endfacet
  facet normal 9.518500e-02 -5.301769e-02 9.940467e-01
    outer loop
      vertex   -2.497211e+01 5.103199e+01 3.488896e+01
      vertex   -2.588794e+01 5.056297e+01 3.495164e+01
      vertex   -2.565787e+01 4.980081e+01 3.488896e+01
    endloop
  endfacet
  facet normal 1.042680e-01 -5.021284e-02 9.932809e-01
    outer loop
      vertex   -2.565787e+01 4.980081e+01 3.488896e+01
      vertex   -2.588794e+01 5.056297e+01 3.495164e+01
      vertex   -2.657196e+01 4.914259e+01 3.495164e+01
    endloop
  endfacet
  facet normal 9.993513e-02 -4.412567e-02 9.940150e-01
    outer loop
      vertex   -2.565787e+01 4.980081e+01 3.488896e+01
      vertex   -2.657196e+01 4.914259e+01 3.495164e+01
      vertex   -2.622711e+01 4.851161e+01 3.488896e+01
    endloop
  endfacet
  facet normal 1.083744e-01 -3.944506e-02 9.933273e-01
    outer loop
      vertex   -2.622711e+01 4.851161e+01 3.488896e+01
      vertex   -2.657196e+01 4.914259e+01 3.495164e+01
      vertex   -2.711115e+01 4.766117e+01 3.495164e+01
    endloop
  endfacet
  facet normal 1.040092e-01 -3.486039e-02 9.939652e-01
    outer loop
      vertex   -2.622711e+01 4.851161e+01 3.488896e+01
      vertex   -2.711115e+01 4.766117e+01 3.495164e+01
      vertex   -2.667496e+01 4.717539e+01 3.488896e+01
    endloop
  endfacet
  facet normal 1.112130e-01 -2.831831e-02 9.933930e-01
    outer loop
      vertex   -2.667496e+01 4.717539e+01 3.488896e+01
      vertex   -2.711115e+01 4.766117e+01 3.495164e+01
      vertex   -2.750016e+01 4.613343e+01 3.495164e+01
    endloop
  endfacet
  facet normal 1.073856e-01 -2.525687e-02 9.938966e-01
    outer loop
      vertex   -2.667496e+01 4.717539e+01 3.488896e+01
      vertex   -2.750016e+01 4.613343e+01 3.495164e+01
      vertex   -2.699762e+01 4.580354e+01 3.488896e+01
    endloop
  endfacet
  facet normal 1.127565e-01 -1.699531e-02 9.934773e-01
    outer loop
      vertex   -2.699762e+01 4.580354e+01 3.488896e+01
      vertex   -2.750016e+01 4.613343e+01 3.495164e+01
      vertex   -2.773513e+01 4.457454e+01 3.495164e+01
    endloop
  endfacet
  facet normal 1.100435e-01 -1.535041e-02 9.938082e-01
    outer loop
      vertex   -2.699762e+01 4.580354e+01 3.488896e+01
      vertex   -2.773513e+01 4.457454e+01 3.495164e+01
      vertex   -2.719232e+01 4.440778e+01 3.488896e+01
    endloop
  endfacet
  facet normal 1.130004e-01 -5.639615e-03 9.935789e-01
    outer loop
      vertex   -2.719232e+01 4.440778e+01 3.488896e+01
      vertex   -2.773513e+01 4.457454e+01 3.495164e+01
      vertex   -2.781371e+01 4.300000e+01 3.495164e+01
    endloop
  endfacet
  facet normal 9.856905e-01 -1.374980e-01 9.751191e-02
    outer loop
      vertex   -2.531933e+01 4.423422e+01 3.300795e+01
      vertex   -2.523566e+01 4.443947e+01 3.245164e+01
      vertex   -2.514863e+01 4.545791e+01 3.300795e+01
    endloop
  endfacet
  facet normal 9.770536e-01 -1.601798e-01 1.403875e-01
    outer loop
      vertex   -2.514863e+01 4.545791e+01 3.300795e+01
      vertex   -2.523566e+01 4.443947e+01 3.245164e+01
      vertex   -2.500244e+01 4.586205e+01 3.245164e+01
    endloop
  endfacet
  facet normal 9.695646e-01 -2.280395e-01 8.912002e-02
    outer loop
      vertex   -2.514863e+01 4.545791e+01 3.300795e+01
      vertex   -2.500244e+01 4.586205e+01 3.245164e+01
      vertex   -2.486575e+01 4.666062e+01 3.300795e+01
    endloop
  endfacet
  facet normal 9.532661e-01 -2.646730e-01 1.457119e-01
    outer loop
      vertex   -2.486575e+01 4.666062e+01 3.300795e+01
      vertex   -2.500244e+01 4.586205e+01 3.245164e+01
      vertex   -2.461678e+01 4.725109e+01 3.245164e+01
    endloop
  endfacet
  facet normal 9.445888e-01 -3.165943e-01 8.671858e-02
    outer loop
      vertex   -2.486575e+01 4.666062e+01 3.300795e+01
      vertex   -2.461678e+01 4.725109e+01 3.245164e+01
      vertex   -2.447311e+01 4.783211e+01 3.300795e+01
    endloop
  endfacet
  facet normal 9.191425e-01 -3.662198e-01 1.451209e-01
    outer loop
      vertex   -2.447311e+01 4.783211e+01 3.300795e+01
      vertex   -2.461678e+01 4.725109e+01 3.245164e+01
      vertex   -2.408319e+01 4.859028e+01 3.245164e+01
    endloop
  endfacet
  facet normal 9.110549e-01 -4.022701e-01 9.032013e-02
    outer loop
      vertex   -2.447311e+01 4.783211e+01 3.300795e+01
      vertex   -2.408319e+01 4.859028e+01 3.245164e+01
      vertex   -2.397405e+01 4.896237e+01 3.300795e+01
    endloop
  endfacet
  facet normal 8.749835e-01 -4.638869e-01 1.386101e-01
    outer loop
      vertex   -2.397405e+01 4.896237e+01 3.300795e+01
      vertex   -2.408319e+01 4.859028e+01 3.245164e+01
      vertex   -2.340795e+01 4.986393e+01 3.245164e+01
    endloop
  endfacet
  facet normal 8.692516e-01 -4.841700e-01 9.990568e-02
    outer loop
      vertex   -2.397405e+01 4.896237e+01 3.300795e+01
      vertex   -2.340795e+01 4.986393e+01 3.245164e+01
      vertex   -2.337284e+01 5.004176e+01 3.300795e+01
    endloop
  endfacet
  facet normal 8.210786e-01 -5.567051e-01 1.261327e-01
    outer loop
      vertex   -2.337284e+01 5.004176e+01 3.300795e+01
      vertex   -2.340795e+01 4.986393e+01 3.245164e+01
      vertex   -2.259895e+01 5.105711e+01 3.245164e+01
    endloop
  endfacet
  facet normal 6.807380e-01 -7.186463e-01 1.419269e-01
    outer loop
      vertex   -2.166569e+01 5.215583e+01 3.245164e+01
      vertex   -2.061911e+01 5.314720e+01 3.245164e+01
      vertex   -2.101162e+01 5.288527e+01 3.300795e+01
    endloop
  endfacet
  facet normal 6.363594e-01 -7.663385e-01 8.815964e-02
    outer loop
      vertex   -2.101162e+01 5.288527e+01 3.300795e+01
      vertex   -2.061911e+01 5.314720e+01 3.245164e+01
      vertex   -2.006108e+01 5.367459e+01 3.300795e+01
    endloop
  endfacet
  facet normal 6.030670e-01 -7.262460e-01 3.299650e-01
    outer loop
      vertex   -2.101162e+01 5.288527e+01 3.300795e+01
      vertex   -2.006108e+01 5.367459e+01 3.300795e+01
      vertex   -2.017250e+01 5.382214e+01 3.353635e+01
    endloop
  endfacet
  facet normal 5.334849e-01 -7.787920e-01 3.299650e-01
    outer loop
      vertex   -2.017250e+01 5.382214e+01 3.353635e+01
      vertex   -2.006108e+01 5.367459e+01 3.300795e+01
      vertex   -1.913910e+01 5.453004e+01 3.353635e+01
    endloop
  endfacet
  facet normal 4.786592e-01 -6.987563e-01 5.316249e-01
    outer loop
      vertex   -2.017250e+01 5.382214e+01 3.353635e+01
      vertex   -1.913910e+01 5.453004e+01 3.353635e+01
      vertex   -1.929589e+01 5.478327e+01 3.401037e+01
    endloop
  endfacet
  facet normal 4.121442e-01 -7.399406e-01 5.316249e-01
    outer loop
      vertex   -1.929589e+01 5.478327e+01 3.401037e+01
      vertex   -1.913910e+01 5.453004e+01 3.353635e+01
      vertex   -1.817755e+01 5.540618e+01 3.401037e+01
    endloop
  endfacet
  facet normal 3.442649e-01 -6.180740e-01 7.067292e-01
    outer loop
      vertex   -1.929589e+01 5.478327e+01 3.401037e+01
      vertex   -1.817755e+01 5.540618e+01 3.401037e+01
      vertex   -1.835399e+01 5.576054e+01 3.440622e+01
    endloop
  endfacet
  facet normal 2.857677e-01 -6.472021e-01 7.067292e-01
    outer loop
      vertex   -1.835399e+01 5.576054e+01 3.440622e+01
      vertex   -1.817755e+01 5.540618e+01 3.401037e+01
      vertex   -1.714949e+01 5.629238e+01 3.440622e+01
    endloop
  endfacet
  facet normal 2.150634e-01 -4.870722e-01 8.464682e-01
    outer loop
      vertex   -1.835399e+01 5.576054e+01 3.440622e+01
      vertex   -1.714949e+01 5.629238e+01 3.440622e+01
      vertex   -1.732073e+01 5.673438e+01 3.470407e+01
    endloop
  endfacet
  facet normal 1.692047e-01 -5.048380e-01 8.464682e-01
    outer loop
      vertex   -1.732073e+01 5.673438e+01 3.470407e+01
      vertex   -1.714949e+01 5.629238e+01 3.440622e+01
      vertex   -1.603078e+01 5.716673e+01 3.470407e+01
    endloop
  endfacet
  facet normal 1.050597e-01 -3.134556e-01 9.437733e-01
    outer loop
      vertex   -1.732073e+01 5.673438e+01 3.470407e+01
      vertex   -1.603078e+01 5.716673e+01 3.470407e+01
      vertex   -1.617539e+01 5.767496e+01 3.488896e+01
    endloop
  endfacet
  facet normal 7.568952e-02 -3.218121e-01 9.437733e-01
    outer loop
      vertex   -1.617539e+01 5.767496e+01 3.488896e+01
      vertex   -1.603078e+01 5.716673e+01 3.470407e+01
      vertex   -1.480354e+01 5.799762e+01 3.488896e+01
    endloop
  endfacet
  facet normal 5.986836e-01 -7.875548e-01 1.460664e-01
    outer loop
      vertex   -2.061911e+01 5.314720e+01 3.245164e+01
      vertex   -1.947148e+01 5.401961e+01 3.245164e+01
      vertex   -2.006108e+01 5.367459e+01 3.300795e+01
    endloop
  endfacet
  facet normal 5.629956e-01 -8.218723e-01 8.695880e-02
    outer loop
      vertex   -2.006108e+01 5.367459e+01 3.300795e+01
      vertex   -1.947148e+01 5.401961e+01 3.245164e+01
      vertex   -1.904176e+01 5.437284e+01 3.300795e+01
    endloop
  endfacet
  facet normal 5.334849e-01 -7.787920e-01 3.299650e-01
    outer loop
      vertex   -2.006108e+01 5.367459e+01 3.300795e+01
      vertex   -1.904176e+01 5.437284e+01 3.300795e+01
      vertex   -1.913910e+01 5.453004e+01 3.353635e+01
    endloop
  endfacet
  facet normal 4.593513e-01 -8.246936e-01 3.299650e-01
    outer loop
      vertex   -1.913910e+01 5.453004e+01 3.353635e+01
      vertex   -1.904176e+01 5.437284e+01 3.300795e+01
      vertex   -1.804479e+01 5.513957e+01 3.353635e+01
    endloop
  endfacet
  facet normal 4.121442e-01 -7.399406e-01 5.316249e-01
    outer loop
      vertex   -1.913910e+01 5.453004e+01 3.353635e+01
      vertex   -1.804479e+01 5.513957e+01 3.353635e+01
      vertex   -1.817755e+01 5.540618e+01 3.401037e+01
    endloop
  endfacet
  facet normal 3.421130e-01 -7.748120e-01 5.316249e-01
    outer loop
      vertex   -1.817755e+01 5.540618e+01 3.401037e+01
      vertex   -1.804479e+01 5.513957e+01 3.353635e+01
      vertex   -1.700650e+01 5.592325e+01 3.401037e+01
    endloop
  endfacet
  facet normal 2.857677e-01 -6.472021e-01 7.067292e-01
    outer loop
      vertex   -1.817755e+01 5.540618e+01 3.401037e+01
      vertex   -1.700650e+01 5.592325e+01 3.401037e+01
      vertex   -1.714949e+01 5.629238e+01 3.440622e+01
    endloop
  endfacet
  facet normal 2.248324e-01 -6.708086e-01 7.067292e-01
    outer loop
      vertex   -1.714949e+01 5.629238e+01 3.440622e+01
      vertex   -1.700650e+01 5.592325e+01 3.401037e+01
      vertex   -1.590106e+01 5.671081e+01 3.440622e+01
    endloop
  endfacet
  facet normal 1.692047e-01 -5.048380e-01 8.464682e-01
    outer loop
      vertex   -1.714949e+01 5.629238e+01 3.440622e+01
      vertex   -1.590106e+01 5.671081e+01 3.440622e+01
      vertex   -1.603078e+01 5.716673e+01 3.470407e+01
    endloop
  endfacet
  facet normal 1.219023e-01 -5.182967e-01 8.464682e-01
    outer loop
      vertex   -1.603078e+01 5.716673e+01 3.470407e+01
      vertex   -1.590106e+01 5.671081e+01 3.440622e+01
      vertex   -1.470645e+01 5.747821e+01 3.470407e+01
    endloop
  endfacet
  facet normal 7.568952e-02 -3.218121e-01 9.437733e-01
    outer loop
      vertex   -1.603078e+01 5.716673e+01 3.470407e+01
      vertex   -1.470645e+01 5.747821e+01 3.470407e+01
      vertex   -1.480354e+01 5.799762e+01 3.488896e+01
    endloop
  endfacet
  facet normal 4.567357e-02 -3.274231e-01 9.437733e-01
    outer loop
      vertex   -1.480354e+01 5.799762e+01 3.488896e+01
      vertex   -1.470645e+01 5.747821e+01 3.470407e+01
      vertex   -1.340778e+01 5.819232e+01 3.488896e+01
    endloop
  endfacet
  facet normal 5.101586e-01 -8.478901e-01 1.442932e-01
    outer loop
      vertex   -1.947148e+01 5.401961e+01 3.245164e+01
      vertex   -1.823625e+01 5.476282e+01 3.245164e+01
      vertex   -1.904176e+01 5.437284e+01 3.300795e+01
    endloop
  endfacet
  facet normal 4.845516e-01 -8.699367e-01 9.175971e-02
    outer loop
      vertex   -1.904176e+01 5.437284e+01 3.300795e+01
      vertex   -1.823625e+01 5.476282e+01 3.245164e+01
      vertex   -1.796237e+01 5.497405e+01 3.300795e+01
    endloop
  endfacet
  facet normal 4.593513e-01 -8.246936e-01 3.299650e-01
    outer loop
      vertex   -1.904176e+01 5.437284e+01 3.300795e+01
      vertex   -1.796237e+01 5.497405e+01 3.300795e+01
      vertex   -1.804479e+01 5.513957e+01 3.353635e+01
    endloop
  endfacet
  facet normal 3.812987e-01 -8.635591e-01 3.299650e-01
    outer loop
      vertex   -1.804479e+01 5.513957e+01 3.353635e+01
      vertex   -1.796237e+01 5.497405e+01 3.300795e+01
      vertex   -1.689890e+01 5.564552e+01 3.353635e+01
    endloop
  endfacet
  facet normal 3.421130e-01 -7.748120e-01 5.316249e-01
    outer loop
      vertex   -1.804479e+01 5.513957e+01 3.353635e+01
      vertex   -1.689890e+01 5.564552e+01 3.353635e+01
      vertex   -1.700650e+01 5.592325e+01 3.401037e+01
    endloop
  endfacet
  facet normal 2.691629e-01 -8.030730e-01 5.316249e-01
    outer loop
      vertex   -1.700650e+01 5.592325e+01 3.401037e+01
      vertex   -1.689890e+01 5.564552e+01 3.353635e+01
      vertex   -1.579273e+01 5.633007e+01 3.401037e+01
    endloop
  endfacet
  facet normal 2.248324e-01 -6.708086e-01 7.067292e-01
    outer loop
      vertex   -1.700650e+01 5.592325e+01 3.401037e+01
      vertex   -1.579273e+01 5.633007e+01 3.401037e+01
      vertex   -1.590106e+01 5.671081e+01 3.440622e+01
    endloop
  endfacet
  facet normal 1.619789e-01 -6.886920e-01 7.067292e-01
    outer loop
      vertex   -1.590106e+01 5.671081e+01 3.440622e+01
      vertex   -1.579273e+01 5.633007e+01 3.401037e+01
      vertex   -1.461935e+01 5.701227e+01 3.440622e+01
    endloop
  endfacet
  facet normal 1.219023e-01 -5.182967e-01 8.464682e-01
    outer loop
      vertex   -1.590106e+01 5.671081e+01 3.440622e+01
      vertex   -1.461935e+01 5.701227e+01 3.440622e+01
      vertex   -1.470645e+01 5.747821e+01 3.470407e+01
    endloop
  endfacet
  facet normal 7.355988e-02 -5.273335e-01 8.464682e-01
    outer loop
      vertex   -1.470645e+01 5.747821e+01 3.470407e+01
      vertex   -1.461935e+01 5.701227e+01 3.440622e+01
      vertex   -1.335902e+01 5.766617e+01 3.470407e+01
    endloop
  endfacet
  facet normal 4.567357e-02 -3.274231e-01 9.437733e-01
    outer loop
      vertex   -1.470645e+01 5.747821e+01 3.470407e+01
      vertex   -1.335902e+01 5.766617e+01 3.470407e+01
      vertex   -1.340778e+01 5.819232e+01 3.488896e+01
    endloop
  endfacet
  facet normal 1.526794e-02 -3.302406e-01 9.437733e-01
    outer loop
      vertex   -1.340778e+01 5.819232e+01 3.488896e+01
      vertex   -1.335902e+01 5.766617e+01 3.470407e+01
      vertex   -1.200000e+01 5.825741e+01 3.488896e+01
    endloop
  endfacet
  facet normal 4.159535e-01 -8.990688e-01 1.365941e-01
    outer loop
      vertex   -1.823625e+01 5.476282e+01 3.245164e+01
      vertex   -1.692791e+01 5.536813e+01 3.245164e+01
      vertex   -1.796237e+01 5.497405e+01 3.300795e+01
    endloop
  endfacet
  facet normal 4.017920e-01 -9.099722e-01 1.025367e-01
    outer loop
      vertex   -1.796237e+01 5.497405e+01 3.300795e+01
      vertex   -1.692791e+01 5.536813e+01 3.245164e+01
      vertex   -1.683211e+01 5.547311e+01 3.300795e+01
    endloop
  endfacet
  facet normal 3.812987e-01 -8.635591e-01 3.299650e-01
    outer loop
      vertex   -1.796237e+01 5.497405e+01 3.300795e+01
      vertex   -1.683211e+01 5.547311e+01 3.300795e+01
      vertex   -1.689890e+01 5.564552e+01 3.353635e+01
    endloop
  endfacet
  facet normal 2.999929e-01 -8.950572e-01 3.299650e-01
    outer loop
      vertex   -1.689890e+01 5.564552e+01 3.353635e+01
      vertex   -1.683211e+01 5.547311e+01 3.300795e+01
      vertex   -1.571122e+01 5.604359e+01 3.353635e+01
    endloop
  endfacet
  facet normal 2.691629e-01 -8.030730e-01 5.316249e-01
    outer loop
      vertex   -1.689890e+01 5.564552e+01 3.353635e+01
      vertex   -1.571122e+01 5.604359e+01 3.353635e+01
      vertex   -1.579273e+01 5.633007e+01 3.401037e+01
    endloop
  endfacet
  facet normal 1.939165e-01 -8.244825e-01 5.316249e-01
    outer loop
      vertex   -1.579273e+01 5.633007e+01 3.401037e+01
      vertex   -1.571122e+01 5.604359e+01 3.353635e+01
      vertex   -1.454661e+01 5.662315e+01 3.401037e+01
    endloop
  endfacet
  facet normal 1.619789e-01 -6.886920e-01 7.067292e-01
    outer loop
      vertex   -1.579273e+01 5.633007e+01 3.401037e+01
      vertex   -1.454661e+01 5.662315e+01 3.401037e+01
      vertex   -1.461935e+01 5.701227e+01 3.440622e+01
    endloop
  endfacet
  facet normal 9.774343e-02 -7.006997e-01 7.067292e-01
    outer loop
      vertex   -1.461935e+01 5.701227e+01 3.440622e+01
      vertex   -1.454661e+01 5.662315e+01 3.401037e+01
      vertex   -1.331528e+01 5.719417e+01 3.440622e+01
    endloop
  endfacet
  facet normal 7.355988e-02 -5.273335e-01 8.464682e-01
    outer loop
      vertex   -1.461935e+01 5.701227e+01 3.440622e+01
      vertex   -1.331528e+01 5.719417e+01 3.440622e+01
      vertex   -1.335902e+01 5.766617e+01 3.470407e+01
    endloop
  endfacet
  facet normal 2.458989e-02 -5.318712e-01 8.464682e-01
    outer loop
      vertex   -1.335902e+01 5.766617e+01 3.470407e+01
      vertex   -1.331528e+01 5.719417e+01 3.440622e+01
      vertex   -1.200000e+01 5.772900e+01 3.470407e+01
    endloop
  endfacet
  facet normal 1.526794e-02 -3.302406e-01 9.437733e-01
    outer loop
      vertex   -1.335902e+01 5.766617e+01 3.470407e+01
      vertex   -1.200000e+01 5.772900e+01 3.470407e+01
      vertex   -1.200000e+01 5.825741e+01 3.488896e+01
    endloop
  endfacet
  facet normal -1.526794e-02 -3.302406e-01 9.437733e-01
    outer loop
      vertex   -1.200000e+01 5.825741e+01 3.488896e+01
      vertex   -1.200000e+01 5.772900e+01 3.470407e+01
      vertex   -1.059222e+01 5.819232e+01 3.488896e+01
    endloop
  endfacet
  facet normal 3.168803e-01 -9.404673e-01 1.229147e-01
    outer loop
      vertex   -1.692791e+01 5.536813e+01 3.245164e+01
      vertex   -1.556179e+01 5.582842e+01 3.245164e+01
      vertex   -1.683211e+01 5.547311e+01 3.300795e+01
    endloop
  endfacet
  facet normal 3.155247e-01 -9.413977e-01 1.192249e-01
    outer loop
      vertex   -1.683211e+01 5.547311e+01 3.300795e+01
      vertex   -1.556179e+01 5.582842e+01 3.245164e+01
      vertex   -1.566062e+01 5.586575e+01 3.300795e+01
    endloop
  endfacet
  facet normal 2.999929e-01 -8.950572e-01 3.299650e-01
    outer loop
      vertex   -1.683211e+01 5.547311e+01 3.300795e+01
      vertex   -1.566062e+01 5.586575e+01 3.300795e+01
      vertex   -1.571122e+01 5.604359e+01 3.353635e+01
    endloop
  endfacet
  facet normal 2.161278e-01 -9.189189e-01 3.299650e-01
    outer loop
      vertex   -1.571122e+01 5.604359e+01 3.353635e+01
      vertex   -1.566062e+01 5.586575e+01 3.300795e+01
      vertex   -1.449188e+01 5.633038e+01 3.353635e+01
    endloop
  endfacet
  facet normal 1.939165e-01 -8.244825e-01 5.316249e-01
    outer loop
      vertex   -1.571122e+01 5.604359e+01 3.353635e+01
      vertex   -1.449188e+01 5.633038e+01 3.353635e+01
      vertex   -1.454661e+01 5.662315e+01 3.401037e+01
    endloop
  endfacet
  facet normal 1.170157e-01 -8.388577e-01 5.316249e-01
    outer loop
      vertex   -1.454661e+01 5.662315e+01 3.401037e+01
      vertex   -1.449188e+01 5.633038e+01 3.353635e+01
      vertex   -1.327876e+01 5.680001e+01 3.401037e+01
    endloop
  endfacet
  facet normal 9.774343e-02 -7.006997e-01 7.067292e-01
    outer loop
      vertex   -1.454661e+01 5.662315e+01 3.401037e+01
      vertex   -1.327876e+01 5.680001e+01 3.401037e+01
      vertex   -1.331528e+01 5.719417e+01 3.440622e+01
    endloop
  endfacet
  facet normal 3.267406e-02 -7.067292e-01 7.067292e-01
    outer loop
      vertex   -1.331528e+01 5.719417e+01 3.440622e+01
      vertex   -1.327876e+01 5.680001e+01 3.401037e+01
      vertex   -1.200000e+01 5.725498e+01 3.440622e+01
    endloop
  endfacet
  facet normal 2.458989e-02 -5.318712e-01 8.464682e-01
    outer loop
      vertex   -1.331528e+01 5.719417e+01 3.440622e+01
      vertex   -1.200000e+01 5.725498e+01 3.440622e+01
      vertex   -1.200000e+01 5.772900e+01 3.470407e+01
    endloop
  endfacet
  facet normal -2.458989e-02 -5.318712e-01 8.464682e-01
    outer loop
      vertex   -1.200000e+01 5.772900e+01 3.470407e+01
      vertex   -1.200000e+01 5.725498e+01 3.440622e+01
      vertex   -1.064098e+01 5.766617e+01 3.470407e+01
    endloop
  endfacet
  facet normal -1.526794e-02 -3.302406e-01 9.437733e-01
    outer loop
      vertex   -1.200000e+01 5.772900e+01 3.470407e+01
      vertex   -1.064098e+01 5.766617e+01 3.470407e+01
      vertex   -1.059222e+01 5.819232e+01 3.488896e+01
    endloop
  endfacet
  facet normal -4.567357e-02 -3.274231e-01 9.437733e-01
    outer loop
      vertex   -1.059222e+01 5.819232e+01 3.488896e+01
      vertex   -1.064098e+01 5.766617e+01 3.470407e+01
      vertex   -9.196459e+00 5.799762e+01 3.488896e+01
    endloop
  endfacet
  facet normal 2.276752e-01 -9.680155e-01 1.054044e-01
    outer loop
      vertex   -1.566062e+01 5.586575e+01 3.300795e+01
      vertex   -1.556179e+01 5.582842e+01 3.245164e+01
      vertex   -1.445791e+01 5.614863e+01 3.300795e+01
    endloop
  endfacet
  facet normal 2.130218e-01 -9.677679e-01 1.343390e-01
    outer loop
      vertex   -1.445791e+01 5.614863e+01 3.300795e+01
      vertex   -1.556179e+01 5.582842e+01 3.245164e+01
      vertex   -1.415392e+01 5.613832e+01 3.245164e+01
    endloop
  endfacet
  facet normal 1.375519e-01 -9.860774e-01 9.343846e-02
    outer loop
      vertex   -1.445791e+01 5.614863e+01 3.300795e+01
      vertex   -1.415392e+01 5.613832e+01 3.245164e+01
      vertex   -1.323422e+01 5.631933e+01 3.300795e+01
    endloop
  endfacet
  facet normal 1.070043e-01 -9.838880e-01 1.432287e-01
    outer loop
      vertex   -1.323422e+01 5.631933e+01 3.300795e+01
      vertex   -1.415392e+01 5.613832e+01 3.245164e+01
      vertex   -1.272079e+01 5.629418e+01 3.245164e+01
    endloop
  endfacet
  facet normal 4.600657e-02 -9.951069e-01 8.743918e-02
    outer loop
      vertex   -1.323422e+01 5.631933e+01 3.300795e+01
      vertex   -1.272079e+01 5.629418e+01 3.245164e+01
      vertex   -1.200000e+01 5.637639e+01 3.300795e+01
    endloop
  endfacet
  facet normal 0.000000e+00 -9.892573e-01 1.461846e-01
    outer loop
      vertex   -1.200000e+01 5.637639e+01 3.300795e+01
      vertex   -1.272079e+01 5.629418e+01 3.245164e+01
      vertex   -1.127921e+01 5.629418e+01 3.245164e+01
    endloop
  endfacet
  facet normal -4.600657e-02 -9.951069e-01 8.743918e-02
    outer loop
      vertex   -1.200000e+01 5.637639e+01 3.300795e+01
      vertex   -1.127921e+01 5.629418e+01 3.245164e+01
      vertex   -1.076578e+01 5.631933e+01 3.300795e+01
    endloop
  endfacet
  facet normal -1.070043e-01 -9.838880e-01 1.432287e-01
    outer loop
      vertex   -1.076578e+01 5.631933e+01 3.300795e+01
      vertex   -1.127921e+01 5.629418e+01 3.245164e+01
      vertex   -9.846082e+00 5.613832e+01 3.245164e+01
    endloop
  endfacet
  facet normal -1.375519e-01 -9.860774e-01 9.343846e-02
    outer loop
      vertex   -1.076578e+01 5.631933e+01 3.300795e+01
      vertex   -9.846082e+00 5.613832e+01 3.245164e+01
      vertex   -9.542095e+00 5.614863e+01 3.300795e+01
    endloop
  endfacet
  facet normal -2.130218e-01 -9.677679e-01 1.343390e-01
    outer loop
      vertex   -9.542095e+00 5.614863e+01 3.300795e+01
      vertex   -9.846082e+00 5.613832e+01 3.245164e+01
      vertex   -8.438206e+00 5.582842e+01 3.245164e+01
    endloop
  endfacet
  facet normal -4.159535e-01 -8.990688e-01 1.365941e-01
    outer loop
      vertex   -7.072089e+00 5.536813e+01 3.245164e+01
      vertex   -5.763747e+00 5.476282e+01 3.245164e+01
      vertex   -6.037631e+00 5.497405e+01 3.300795e+01
    endloop
  endfacet
  facet normal -4.845516e-01 -8.699367e-01 9.175971e-02
    outer loop
      vertex   -6.037631e+00 5.497405e+01 3.300795e+01
      vertex   -5.763747e+00 5.476282e+01 3.245164e+01
      vertex   -4.958239e+00 5.437284e+01 3.300795e+01
    endloop
  endfacet
  facet normal -4.593513e-01 -8.246936e-01 3.299650e-01
    outer loop
      vertex   -6.037631e+00 5.497405e+01 3.300795e+01
      vertex   -4.958239e+00 5.437284e+01 3.300795e+01
      vertex   -4.860903e+00 5.453004e+01 3.353635e+01
    endloop
  endfacet
  facet normal -5.334849e-01 -7.787920e-01 3.299650e-01
    outer loop
      vertex   -4.860903e+00 5.453004e+01 3.353635e+01
      vertex   -4.958239e+00 5.437284e+01 3.300795e+01
      vertex   -3.827499e+00 5.382214e+01 3.353635e+01
    endloop
  endfacet
  facet normal -4.786592e-01 -6.987563e-01 5.316249e-01
    outer loop
      vertex   -4.860903e+00 5.453004e+01 3.353635e+01
      vertex   -3.827499e+00 5.382214e+01 3.353635e+01
      vertex   -3.648008e+00 5.405982e+01 3.401037e+01
    endloop
  endfacet
  facet normal -5.410904e-01 -6.516104e-01 5.316249e-01
    outer loop
      vertex   -3.648008e+00 5.405982e+01 3.401037e+01
      vertex   -3.827499e+00 5.382214e+01 3.353635e+01
      vertex   -2.663165e+00 5.324202e+01 3.401037e+01
    endloop
  endfacet
  facet normal -4.519740e-01 -5.442916e-01 7.067292e-01
    outer loop
      vertex   -3.648008e+00 5.405982e+01 3.401037e+01
      vertex   -2.663165e+00 5.324202e+01 3.401037e+01
      vertex   -2.396479e+00 5.353456e+01 3.440622e+01
    endloop
  endfacet
  facet normal -5.002668e-01 -5.002668e-01 7.067292e-01
    outer loop
      vertex   -2.396479e+00 5.353456e+01 3.440622e+01
      vertex   -2.663165e+00 5.324202e+01 3.401037e+01
      vertex   -1.465440e+00 5.260352e+01 3.440622e+01
    endloop
  endfacet
  facet normal -3.764915e-01 -3.764915e-01 8.464682e-01
    outer loop
      vertex   -2.396479e+00 5.353456e+01 3.440622e+01
      vertex   -1.465440e+00 5.260352e+01 3.440622e+01
      vertex   -1.115138e+00 5.292286e+01 3.470407e+01
    endloop
  endfacet
  facet normal -4.096237e-01 -3.401472e-01 8.464682e-01
    outer loop
      vertex   -1.115138e+00 5.292286e+01 3.470407e+01
      vertex   -1.465440e+00 5.260352e+01 3.440622e+01
      vertex   -2.460050e-01 5.187621e+01 3.470407e+01
    endloop
  endfacet
  facet normal -2.543367e-01 -2.111985e-01 9.437733e-01
    outer loop
      vertex   -1.115138e+00 5.292286e+01 3.470407e+01
      vertex   -2.460050e-01 5.187621e+01 3.470407e+01
      vertex   1.756729e-01 5.219464e+01 3.488896e+01
    endloop
  endfacet
  facet normal -2.727387e-01 -1.868303e-01 9.437733e-01
    outer loop
      vertex   1.756729e-01 5.219464e+01 3.488896e+01
      vertex   -2.460050e-01 5.187621e+01 3.470407e+01
      vertex   9.721081e-01 5.103199e+01 3.488896e+01
    endloop
  endfacet
  facet normal -5.101586e-01 -8.478901e-01 1.442932e-01
    outer loop
      vertex   -5.763747e+00 5.476282e+01 3.245164e+01
      vertex   -4.528519e+00 5.401961e+01 3.245164e+01
      vertex   -4.958239e+00 5.437284e+01 3.300795e+01
    endloop
  endfacet
  facet normal -5.629956e-01 -8.218723e-01 8.695880e-02
    outer loop
      vertex   -4.958239e+00 5.437284e+01 3.300795e+01
      vertex   -4.528519e+00 5.401961e+01 3.245164e+01
      vertex   -3.938925e+00 5.367459e+01 3.300795e+01
    endloop
  endfacet
  facet normal -5.334849e-01 -7.787920e-01 3.299650e-01
    outer loop
      vertex   -4.958239e+00 5.437284e+01 3.300795e+01
      vertex   -3.938925e+00 5.367459e+01 3.300795e+01
      vertex   -3.827499e+00 5.382214e+01 3.353635e+01
    endloop
  endfacet
  facet normal -6.030670e-01 -7.262460e-01 3.299650e-01
    outer loop
      vertex   -3.827499e+00 5.382214e+01 3.353635e+01
      vertex   -3.938925e+00 5.367459e+01 3.300795e+01
      vertex   -2.863821e+00 5.302191e+01 3.353635e+01
    endloop
  endfacet
  facet normal -5.410904e-01 -6.516104e-01 5.316249e-01
    outer loop
      vertex   -3.827499e+00 5.382214e+01 3.353635e+01
      vertex   -2.863821e+00 5.302191e+01 3.353635e+01
      vertex   -2.663165e+00 5.324202e+01 3.401037e+01
    endloop
  endfacet
  facet normal -5.989052e-01 -5.989052e-01 5.316249e-01
    outer loop
      vertex   -2.663165e+00 5.324202e+01 3.401037e+01
      vertex   -2.863821e+00 5.302191e+01 3.353635e+01
      vertex   -1.757980e+00 5.233684e+01 3.401037e+01
    endloop
  endfacet
  facet normal -5.002668e-01 -5.002668e-01 7.067292e-01
    outer loop
      vertex   -2.663165e+00 5.324202e+01 3.401037e+01
      vertex   -1.757980e+00 5.233684e+01 3.401037e+01
      vertex   -1.465440e+00 5.260352e+01 3.440622e+01
    endloop
  endfacet
  facet normal -5.442916e-01 -4.519740e-01 7.067292e-01
    outer loop
      vertex   -1.465440e+00 5.260352e+01 3.440622e+01
      vertex   -1.757980e+00 5.233684e+01 3.401037e+01
      vertex   -6.242772e-01 5.159055e+01 3.440622e+01
    endloop
  endfacet
  facet normal -4.096237e-01 -3.401472e-01 8.464682e-01
    outer loop
      vertex   -1.465440e+00 5.260352e+01 3.440622e+01
      vertex   -6.242772e-01 5.159055e+01 3.440622e+01
      vertex   -2.460050e-01 5.187621e+01 3.470407e+01
    endloop
  endfacet
  facet normal -4.392611e-01 -3.009009e-01 8.464682e-01
    outer loop
      vertex   -2.460050e-01 5.187621e+01 3.470407e+01
      vertex   -6.242772e-01 5.159055e+01 3.440622e+01
      vertex   5.228474e-01 5.075382e+01 3.470407e+01
    endloop
  endfacet
  facet normal -2.727387e-01 -1.868303e-01 9.437733e-01
    outer loop
      vertex   -2.460050e-01 5.187621e+01 3.470407e+01
      vertex   5.228474e-01 5.075382e+01 3.470407e+01
      vertex   9.721081e-01 5.103199e+01 3.488896e+01
    endloop
  endfacet
  facet normal -2.888137e-01 -1.608682e-01 9.437733e-01
    outer loop
      vertex   9.721081e-01 5.103199e+01 3.488896e+01
      vertex   5.228474e-01 5.075382e+01 3.470407e+01
      vertex   1.657870e+00 4.980081e+01 3.488896e+01
    endloop
  endfacet
  facet normal -5.986836e-01 -7.875548e-01 1.460664e-01
    outer loop
      vertex   -4.528519e+00 5.401961e+01 3.245164e+01
      vertex   -3.380888e+00 5.314720e+01 3.245164e+01
      vertex   -3.938925e+00 5.367459e+01 3.300795e+01
    endloop
  endfacet
  facet normal -6.363594e-01 -7.663385e-01 8.815964e-02
    outer loop
      vertex   -3.938925e+00 5.367459e+01 3.300795e+01
      vertex   -3.380888e+00 5.314720e+01 3.245164e+01
      vertex   -2.988385e+00 5.288527e+01 3.300795e+01
    endloop
  endfacet
  facet normal -6.030670e-01 -7.262460e-01 3.299650e-01
    outer loop
      vertex   -3.938925e+00 5.367459e+01 3.300795e+01
      vertex   -2.988385e+00 5.288527e+01 3.300795e+01
      vertex   -2.863821e+00 5.302191e+01 3.353635e+01
    endloop
  endfacet
  facet normal -6.675040e-01 -6.675040e-01 3.299650e-01
    outer loop
      vertex   -2.863821e+00 5.302191e+01 3.353635e+01
      vertex   -2.988385e+00 5.288527e+01 3.300795e+01
      vertex   -1.978089e+00 5.213618e+01 3.353635e+01
    endloop
  endfacet
  facet normal -5.989052e-01 -5.989052e-01 5.316249e-01
    outer loop
      vertex   -2.863821e+00 5.302191e+01 3.353635e+01
      vertex   -1.978089e+00 5.213618e+01 3.353635e+01
      vertex   -1.757980e+00 5.233684e+01 3.401037e+01
    endloop
  endfacet
  facet normal -6.516104e-01 -5.410904e-01 5.316249e-01
    outer loop
      vertex   -1.757980e+00 5.233684e+01 3.401037e+01
      vertex   -1.978089e+00 5.213618e+01 3.353635e+01
      vertex   -9.401757e-01 5.135199e+01 3.401037e+01
    endloop
  endfacet
  facet normal -5.442916e-01 -4.519740e-01 7.067292e-01
    outer loop
      vertex   -1.757980e+00 5.233684e+01 3.401037e+01
      vertex   -9.401757e-01 5.135199e+01 3.401037e+01
      vertex   -6.242772e-01 5.159055e+01 3.440622e+01
    endloop
  endfacet
  facet normal -5.836726e-01 -3.998250e-01 7.067292e-01
    outer loop
      vertex   -6.242772e-01 5.159055e+01 3.440622e+01
      vertex   -9.401757e-01 5.135199e+01 3.401037e+01
      vertex   1.198316e-01 5.050428e+01 3.440622e+01
    endloop
  endfacet
  facet normal -4.392611e-01 -3.009009e-01 8.464682e-01
    outer loop
      vertex   -6.242772e-01 5.159055e+01 3.440622e+01
      vertex   1.198316e-01 5.050428e+01 3.440622e+01
      vertex   5.228474e-01 5.075382e+01 3.470407e+01
    endloop
  endfacet
  facet normal -4.651509e-01 -2.590874e-01 8.464682e-01
    outer loop
      vertex   5.228474e-01 5.075382e+01 3.470407e+01
      vertex   1.198316e-01 5.050428e+01 3.440622e+01
      vertex   1.184859e+00 4.956528e+01 3.470407e+01
    endloop
  endfacet
  facet normal -2.888137e-01 -1.608682e-01 9.437733e-01
    outer loop
      vertex   5.228474e-01 5.075382e+01 3.470407e+01
      vertex   1.184859e+00 4.956528e+01 3.470407e+01
      vertex   1.657870e+00 4.980081e+01 3.488896e+01
    endloop
  endfacet
  facet normal -3.024247e-01 -1.335336e-01 9.437733e-01
    outer loop
      vertex   1.657870e+00 4.980081e+01 3.488896e+01
      vertex   1.184859e+00 4.956528e+01 3.470407e+01
      vertex   2.227108e+00 4.851161e+01 3.488896e+01
    endloop
  endfacet
  facet normal -6.807380e-01 -7.186463e-01 1.419269e-01
    outer loop
      vertex   -3.380888e+00 5.314720e+01 3.245164e+01
      vertex   -2.334308e+00 5.215583e+01 3.245164e+01
      vertex   -2.988385e+00 5.288527e+01 3.300795e+01
    endloop
  endfacet
  facet normal -7.038847e-01 -7.038847e-01 9.535600e-02
    outer loop
      vertex   -2.988385e+00 5.288527e+01 3.300795e+01
      vertex   -2.334308e+00 5.215583e+01 3.245164e+01
      vertex   -2.114730e+00 5.201161e+01 3.300795e+01
    endloop
  endfacet
  facet normal -6.675040e-01 -6.675040e-01 3.299650e-01
    outer loop
      vertex   -2.988385e+00 5.288527e+01 3.300795e+01
      vertex   -2.114730e+00 5.201161e+01 3.300795e+01
      vertex   -1.978089e+00 5.213618e+01 3.353635e+01
    endloop
  endfacet
  facet normal -7.262460e-01 -6.030670e-01 3.299650e-01
    outer loop
      vertex   -1.978089e+00 5.213618e+01 3.353635e+01
      vertex   -2.114730e+00 5.201161e+01 3.300795e+01
      vertex   -1.177860e+00 5.117250e+01 3.353635e+01
    endloop
  endfacet
  facet normal -6.516104e-01 -5.410904e-01 5.316249e-01
    outer loop
      vertex   -1.978089e+00 5.213618e+01 3.353635e+01
      vertex   -1.177860e+00 5.117250e+01 3.353635e+01
      vertex   -9.401757e-01 5.135199e+01 3.401037e+01
    endloop
  endfacet
  facet normal -6.987563e-01 -4.786592e-01 5.316249e-01
    outer loop
      vertex   -9.401757e-01 5.135199e+01 3.401037e+01
      vertex   -1.177860e+00 5.117250e+01 3.353635e+01
      vertex   -2.167304e-01 5.029589e+01 3.401037e+01
    endloop
  endfacet
  facet normal -5.836726e-01 -3.998250e-01 7.067292e-01
    outer loop
      vertex   -9.401757e-01 5.135199e+01 3.401037e+01
      vertex   -2.167304e-01 5.029589e+01 3.401037e+01
      vertex   1.198316e-01 5.050428e+01 3.440622e+01
    endloop
  endfacet
  facet normal -6.180740e-01 -3.442649e-01 7.067292e-01
    outer loop
      vertex   1.198316e-01 5.050428e+01 3.440622e+01
      vertex   -2.167304e-01 5.029589e+01 3.401037e+01
      vertex   7.605384e-01 4.935399e+01 3.440622e+01
    endloop
  endfacet
  facet normal -4.651509e-01 -2.590874e-01 8.464682e-01
    outer loop
      vertex   1.198316e-01 5.050428e+01 3.440622e+01
      vertex   7.605384e-01 4.935399e+01 3.440622e+01
      vertex   1.184859e+00 4.956528e+01 3.470407e+01
    endloop
  endfacet
  facet normal -4.870722e-01 -2.150634e-01 8.464682e-01
    outer loop
      vertex   1.184859e+00 4.956528e+01 3.470407e+01
      vertex   7.605384e-01 4.935399e+01 3.440622e+01
      vertex   1.734383e+00 4.832073e+01 3.470407e+01
    endloop
  endfacet
  facet normal -3.024247e-01 -1.335336e-01 9.437733e-01
    outer loop
      vertex   1.184859e+00 4.956528e+01 3.470407e+01
      vertex   1.734383e+00 4.832073e+01 3.470407e+01
      vertex   2.227108e+00 4.851161e+01 3.488896e+01
    endloop
  endfacet
  facet normal -3.134556e-01 -1.050597e-01 9.437733e-01
    outer loop
      vertex   2.227108e+00 4.851161e+01 3.488896e+01
      vertex   1.734383e+00 4.832073e+01 3.470407e+01
      vertex   2.674964e+00 4.717539e+01 3.488896e+01
    endloop
  endfacet
  facet normal -7.555087e-01 -6.417349e-01 1.318442e-01
    outer loop
      vertex   -2.334308e+00 5.215583e+01 3.245164e+01
      vertex   -1.401049e+00 5.105711e+01 3.245164e+01
      vertex   -2.114730e+00 5.201161e+01 3.300795e+01
    endloop
  endfacet
  facet normal -7.647915e-01 -6.350748e-01 1.085079e-01
    outer loop
      vertex   -2.114730e+00 5.201161e+01 3.300795e+01
      vertex   -1.401049e+00 5.105711e+01 3.245164e+01
      vertex   -1.325411e+00 5.106108e+01 3.300795e+01
    endloop
  endfacet
  facet normal -7.262460e-01 -6.030670e-01 3.299650e-01
    outer loop
      vertex   -2.114730e+00 5.201161e+01 3.300795e+01
      vertex   -1.325411e+00 5.106108e+01 3.300795e+01
      vertex   -1.177860e+00 5.117250e+01 3.353635e+01
    endloop
  endfacet
  facet normal -7.787920e-01 -5.334849e-01 3.299650e-01
    outer loop
      vertex   -1.177860e+00 5.117250e+01 3.353635e+01
      vertex   -1.325411e+00 5.106108e+01 3.300795e+01
      vertex   -4.699620e-01 5.013910e+01 3.353635e+01
    endloop
  endfacet
  facet normal -6.987563e-01 -4.786592e-01 5.316249e-01
    outer loop
      vertex   -1.177860e+00 5.117250e+01 3.353635e+01
      vertex   -4.699620e-01 5.013910e+01 3.353635e+01
      vertex   -2.167304e-01 5.029589e+01 3.401037e+01
    endloop
  endfacet
  facet normal -7.399406e-01 -4.121442e-01 5.316249e-01
    outer loop
      vertex   -2.167304e-01 5.029589e+01 3.401037e+01
      vertex   -4.699620e-01 5.013910e+01 3.353635e+01
      vertex   4.061842e-01 4.917755e+01 3.401037e+01
    endloop
  endfacet
  facet normal -6.180740e-01 -3.442649e-01 7.067292e-01
    outer loop
      vertex   -2.167304e-01 5.029589e+01 3.401037e+01
      vertex   4.061842e-01 4.917755e+01 3.401037e+01
      vertex   7.605384e-01 4.935399e+01 3.440622e+01
    endloop
  endfacet
  facet normal -6.472021e-01 -2.857677e-01 7.067292e-01
    outer loop
      vertex   7.605384e-01 4.935399e+01 3.440622e+01
      vertex   4.061842e-01 4.917755e+01 3.401037e+01
      vertex   1.292377e+00 4.814949e+01 3.440622e+01
    endloop
  endfacet
  facet normal -4.870722e-01 -2.150634e-01 8.464682e-01
    outer loop
      vertex   7.605384e-01 4.935399e+01 3.440622e+01
      vertex   1.292377e+00 4.814949e+01 3.440622e+01
      vertex   1.734383e+00 4.832073e+01 3.470407e+01
    endloop
  endfacet
  facet normal -5.048380e-01 -1.692047e-01 8.464682e-01
    outer loop
      vertex   1.734383e+00 4.832073e+01 3.470407e+01
      vertex   1.292377e+00 4.814949e+01 3.440622e+01
      vertex   2.166729e+00 4.703078e+01 3.470407e+01
    endloop
  endfacet
  facet normal -3.134556e-01 -1.050597e-01 9.437733e-01
    outer loop
      vertex   1.734383e+00 4.832073e+01 3.470407e+01
      vertex   2.166729e+00 4.703078e+01 3.470407e+01
      vertex   2.674964e+00 4.717539e+01 3.488896e+01
    endloop
  endfacet
  facet normal -3.218121e-01 -7.568952e-02 9.437733e-01
    outer loop
      vertex   2.674964e+00 4.717539e+01 3.488896e+01
      vertex   2.166729e+00 4.703078e+01 3.470407e+01
      vertex   2.997620e+00 4.580354e+01 3.488896e+01
    endloop
  endfacet
  facet normal -8.194839e-01 -5.613595e-01 1.154192e-01
    outer loop
      vertex   -1.325411e+00 5.106108e+01 3.300795e+01
      vertex   -1.401049e+00 5.105711e+01 3.245164e+01
      vertex   -6.271651e-01 5.004176e+01 3.300795e+01
    endloop
  endfacet
  facet normal -8.210786e-01 -5.567051e-01 1.261327e-01
    outer loop
      vertex   -6.271651e-01 5.004176e+01 3.300795e+01
      vertex   -1.401049e+00 5.105711e+01 3.245164e+01
      vertex   -5.920534e-01 4.986393e+01 3.245164e+01
    endloop
  endfacet
  facet normal -8.692516e-01 -4.841700e-01 9.990568e-02
    outer loop
      vertex   -6.271651e-01 5.004176e+01 3.300795e+01
      vertex   -5.920534e-01 4.986393e+01 3.245164e+01
      vertex   -2.594788e-02 4.896237e+01 3.300795e+01
    endloop
  endfacet
  facet normal -8.749835e-01 -4.638869e-01 1.386101e-01
    outer loop
      vertex   -2.594788e-02 4.896237e+01 3.300795e+01
      vertex   -5.920534e-01 4.986393e+01 3.245164e+01
      vertex   8.319455e-02 4.859028e+01 3.245164e+01
    endloop
  endfacet
  facet normal -9.110549e-01 -4.022701e-01 9.032013e-02
    outer loop
      vertex   -2.594788e-02 4.896237e+01 3.300795e+01
      vertex   8.319455e-02 4.859028e+01 3.245164e+01
      vertex   4.731110e-01 4.783211e+01 3.300795e+01
    endloop
  endfacet
  facet normal -9.191425e-01 -3.662198e-01 1.451209e-01
    outer loop
      vertex   4.731110e-01 4.783211e+01 3.300795e+01
      vertex   8.319455e-02 4.859028e+01 3.245164e+01
      vertex   6.167781e-01 4.725109e+01 3.245164e+01
    endloop
  endfacet
  facet normal -9.445888e-01 -3.165943e-01 8.671858e-02
    outer loop
      vertex   4.731110e-01 4.783211e+01 3.300795e+01
      vertex   6.167781e-01 4.725109e+01 3.245164e+01
      vertex   8.657537e-01 4.666062e+01 3.300795e+01
    endloop
  endfacet
  facet normal -9.532661e-01 -2.646730e-01 1.457119e-01
    outer loop
      vertex   8.657537e-01 4.666062e+01 3.300795e+01
      vertex   6.167781e-01 4.725109e+01 3.245164e+01
      vertex   1.002441e+00 4.586205e+01 3.245164e+01
    endloop
  endfacet
  facet normal -9.695646e-01 -2.280395e-01 8.912002e-02
    outer loop
      vertex   8.657537e-01 4.666062e+01 3.300795e+01
      vertex   1.002441e+00 4.586205e+01 3.245164e+01
      vertex   1.148630e+00 4.545791e+01 3.300795e+01
    endloop
  endfacet
  facet normal -9.770536e-01 -1.601798e-01 1.403875e-01
    outer loop
      vertex   1.148630e+00 4.545791e+01 3.300795e+01
      vertex   1.002441e+00 4.586205e+01 3.245164e+01
      vertex   1.235663e+00 4.443947e+01 3.245164e+01
    endloop
  endfacet
  facet normal -9.856905e-01 -1.374980e-01 9.751191e-02
    outer loop
      vertex   1.148630e+00 4.545791e+01 3.300795e+01
      vertex   1.235663e+00 4.443947e+01 3.245164e+01
      vertex   1.319327e+00 4.423422e+01 3.300795e+01
    endloop
  endfacet
  facet normal -9.901761e-01 -5.368579e-02 1.291090e-01
    outer loop
      vertex   1.319327e+00 4.423422e+01 3.300795e+01
      vertex   1.235663e+00 4.443947e+01 3.245164e+01
      vertex   1.313708e+00 4.300000e+01 3.245164e+01
    endloop
  endfacet
  facet normal -9.926652e-01 -4.589368e-02 1.118465e-01
    outer loop
      vertex   1.319327e+00 4.423422e+01 3.300795e+01
      vertex   1.313708e+00 4.300000e+01 3.245164e+01
      vertex   1.376389e+00 4.300000e+01 3.300795e+01
    endloop
  endfacet
  facet normal -9.926652e-01 4.589368e-02 1.118465e-01
    outer loop
      vertex   1.376389e+00 4.300000e+01 3.300795e+01
      vertex   1.313708e+00 4.300000e+01 3.245164e+01
      vertex   1.319327e+00 4.176578e+01 3.300795e+01
    endloop
  endfacet
  facet normal -9.429859e-01 4.359687e-02 3.299650e-01
    outer loop
      vertex   1.376389e+00 4.300000e+01 3.300795e+01
      vertex   1.319327e+00 4.176578e+01 3.300795e+01
      vertex   1.503436e+00 4.174872e+01 3.353635e+01
    endloop
  endfacet
  facet normal -9.349407e-01 1.304187e-01 3.299650e-01
    outer loop
      vertex   1.503436e+00 4.174872e+01 3.353635e+01
      vertex   1.319327e+00 4.176578e+01 3.300795e+01
      vertex   1.330380e+00 4.050812e+01 3.353635e+01
    endloop
  endfacet
  facet normal -8.388577e-01 1.170157e-01 5.316249e-01
    outer loop
      vertex   1.503436e+00 4.174872e+01 3.353635e+01
      vertex   1.330380e+00 4.050812e+01 3.353635e+01
      vertex   1.623152e+00 4.045339e+01 3.401037e+01
    endloop
  endfacet
  facet normal -8.244825e-01 1.939165e-01 5.316249e-01
    outer loop
      vertex   1.623152e+00 4.045339e+01 3.401037e+01
      vertex   1.330380e+00 4.050812e+01 3.353635e+01
      vertex   1.330066e+00 3.920727e+01 3.401037e+01
    endloop
  endfacet
  facet normal -6.886920e-01 1.619789e-01 7.067292e-01
    outer loop
      vertex   1.623152e+00 4.045339e+01 3.401037e+01
      vertex   1.330066e+00 3.920727e+01 3.401037e+01
      vertex   1.710809e+00 3.909894e+01 3.440622e+01
    endloop
  endfacet
  facet normal -6.708086e-01 2.248324e-01 7.067292e-01
    outer loop
      vertex   1.710809e+00 3.909894e+01 3.440622e+01
      vertex   1.330066e+00 3.920727e+01 3.401037e+01
      vertex   1.292377e+00 3.785051e+01 3.440622e+01
    endloop
  endfacet
  facet normal -5.048380e-01 1.692047e-01 8.464682e-01
    outer loop
      vertex   1.710809e+00 3.909894e+01 3.440622e+01
      vertex   1.292377e+00 3.785051e+01 3.440622e+01
      vertex   1.734383e+00 3.767927e+01 3.470407e+01
    endloop
  endfacet
  facet normal -4.870722e-01 2.150634e-01 8.464682e-01
    outer loop
      vertex   1.734383e+00 3.767927e+01 3.470407e+01
      vertex   1.292377e+00 3.785051e+01 3.440622e+01
      vertex   1.184859e+00 3.643472e+01 3.470407e+01
    endloop
  endfacet
  facet normal -3.024247e-01 1.335336e-01 9.437733e-01
    outer loop
      vertex   1.734383e+00 3.767927e+01 3.470407e+01
      vertex   1.184859e+00 3.643472e+01 3.470407e+01
      vertex   1.657870e+00 3.619919e+01 3.488896e+01
    endloop
  endfacet
  facet normal -2.888137e-01 1.608682e-01 9.437733e-01
    outer loop
      vertex   1.657870e+00 3.619919e+01 3.488896e+01
      vertex   1.184859e+00 3.643472e+01 3.470407e+01
      vertex   9.721081e-01 3.496801e+01 3.488896e+01
    endloop
  endfacet
  facet normal -9.901761e-01 5.368579e-02 1.291090e-01
    outer loop
      vertex   1.313708e+00 4.300000e+01 3.245164e+01
      vertex   1.235663e+00 4.156053e+01 3.245164e+01
      vertex   1.319327e+00 4.176578e+01 3.300795e+01
    endloop
  endfacet
  facet normal -9.856905e-01 1.374980e-01 9.751191e-02
    outer loop
      vertex   1.319327e+00 4.176578e+01 3.300795e+01
      vertex   1.235663e+00 4.156053e+01 3.245164e+01
      vertex   1.148630e+00 4.054209e+01 3.300795e+01
    endloop
  endfacet
  facet normal -9.349407e-01 1.304187e-01 3.299650e-01
    outer loop
      vertex   1.319327e+00 4.176578e+01 3.300795e+01
      vertex   1.148630e+00 4.054209e+01 3.300795e+01
      vertex   1.330380e+00 4.050812e+01 3.353635e+01
    endloop
  endfacet
  facet normal -9.189189e-01 2.161278e-01 3.299650e-01
    outer loop
      vertex   1.330380e+00 4.050812e+01 3.353635e+01
      vertex   1.148630e+00 4.054209e+01 3.300795e+01
      vertex   1.043593e+00 3.928878e+01 3.353635e+01
    endloop
  endfacet
  facet normal -8.244825e-01 1.939165e-01 5.316249e-01
    outer loop
      vertex   1.330380e+00 4.050812e+01 3.353635e+01
      vertex   1.043593e+00 3.928878e+01 3.353635e+01
      vertex   1.330066e+00 3.920727e+01 3.401037e+01
    endloop
  endfacet
  facet normal -8.030730e-01 2.691629e-01 5.316249e-01
    outer loop
      vertex   1.330066e+00 3.920727e+01 3.401037e+01
      vertex   1.043593e+00 3.928878e+01 3.353635e+01
      vertex   9.232536e-01 3.799350e+01 3.401037e+01
    endloop
  endfacet
  facet normal -6.708086e-01 2.248324e-01 7.067292e-01
    outer loop
      vertex   1.330066e+00 3.920727e+01 3.401037e+01
      vertex   9.232536e-01 3.799350e+01 3.401037e+01
      vertex   1.292377e+00 3.785051e+01 3.440622e+01
    endloop
  endfacet
  facet normal -6.472021e-01 2.857677e-01 7.067292e-01
    outer loop
      vertex   1.292377e+00 3.785051e+01 3.440622e+01
      vertex   9.232536e-01 3.799350e+01 3.401037e+01
      vertex   7.605384e-01 3.664601e+01 3.440622e+01
    endloop
  endfacet
  facet normal -4.870722e-01 2.150634e-01 8.464682e-01
    outer loop
      vertex   1.292377e+00 3.785051e+01 3.440622e+01
      vertex   7.605384e-01 3.664601e+01 3.440622e+01
      vertex   1.184859e+00 3.643472e+01 3.470407e+01
    endloop
  endfacet
  facet normal -4.651509e-01 2.590874e-01 8.464682e-01
    outer loop
      vertex   1.184859e+00 3.643472e+01 3.470407e+01
      vertex   7.605384e-01 3.664601e+01 3.440622e+01
      vertex   5.228474e-01 3.524618e+01 3.470407e+01
    endloop
  endfacet
  facet normal -2.888137e-01 1.608682e-01 9.437733e-01
    outer loop
      vertex   1.184859e+00 3.643472e+01 3.470407e+01
      vertex   5.228474e-01 3.524618e+01 3.470407e+01
      vertex   9.721081e-01 3.496801e+01 3.488896e+01
    endloop
  endfacet
  facet normal -9.770536e-01 1.601798e-01 1.403875e-01
    outer loop
      vertex   1.235663e+00 4.156053e+01 3.245164e+01
      vertex   1.002441e+00 4.013795e+01 3.245164e+01
      vertex   1.148630e+00 4.054209e+01 3.300795e+01
    endloop
  endfacet
  facet normal -9.695646e-01 2.280395e-01 8.912002e-02
    outer loop
      vertex   1.148630e+00 4.054209e+01 3.300795e+01
      vertex   1.002441e+00 4.013795e+01 3.245164e+01
      vertex   8.657537e-01 3.933938e+01 3.300795e+01
    endloop
  endfacet
  facet normal -9.189189e-01 2.161278e-01 3.299650e-01
    outer loop
      vertex   1.148630e+00 4.054209e+01 3.300795e+01
      vertex   8.657537e-01 3.933938e+01 3.300795e+01
      vertex   1.043593e+00 3.928878e+01 3.353635e+01
    endloop
  endfacet
  facet normal -8.950572e-01 2.999929e-01 3.299650e-01
    outer loop
      vertex   1.043593e+00 3.928878e+01 3.353635e+01
      vertex   8.657537e-01 3.933938e+01 3.300795e+01
      vertex   6.455229e-01 3.810110e+01 3.353635e+01
    endloop
  endfacet
  facet normal -8.030730e-01 2.691629e-01 5.316249e-01
    outer loop
      vertex   1.043593e+00 3.928878e+01 3.353635e+01
      vertex   6.455229e-01 3.810110e+01 3.353635e+01
      vertex   9.232536e-01 3.799350e+01 3.401037e+01
    endloop
  endfacet
  facet normal -7.748120e-01 3.421130e-01 5.316249e-01
    outer loop
      vertex   9.232536e-01 3.799350e+01 3.401037e+01
      vertex   6.455229e-01 3.810110e+01 3.353635e+01
      vertex   4.061842e-01 3.682245e+01 3.401037e+01
    endloop
  endfacet
  facet normal -6.472021e-01 2.857677e-01 7.067292e-01
    outer loop
      vertex   9.232536e-01 3.799350e+01 3.401037e+01
      vertex   4.061842e-01 3.682245e+01 3.401037e+01
      vertex   7.605384e-01 3.664601e+01 3.440622e+01
    endloop
  endfacet
  facet normal -6.180740e-01 3.442649e-01 7.067292e-01
    outer loop
      vertex   7.605384e-01 3.664601e+01 3.440622e+01
      vertex   4.061842e-01 3.682245e+01 3.401037e+01
      vertex   1.198316e-01 3.549572e+01 3.440622e+01
    endloop
  endfacet
  facet normal -4.651509e-01 2.590874e-01 8.464682e-01
    outer loop
      vertex   7.605384e-01 3.664601e+01 3.440622e+01
      vertex   1.198316e-01 3.549572e+01 3.440622e+01
      vertex   5.228474e-01 3.524618e+01 3.470407e+01
    endloop
  endfacet
  facet normal -9.532661e-01 2.646730e-01 1.457119e-01
    outer loop
      vertex   1.002441e+00 4.013795e+01 3.245164e+01
      vertex   6.167781e-01 3.874891e+01 3.245164e+01
      vertex   8.657537e-01 3.933938e+01 3.300795e+01
    endloop
  endfacet
  facet normal -9.445888e-01 3.165943e-01 8.671858e-02
    outer loop
      vertex   8.657537e-01 3.933938e+01 3.300795e+01
      vertex   6.167781e-01 3.874891e+01 3.245164e+01
      vertex   4.731110e-01 3.816789e+01 3.300795e+01
    endloop
  endfacet
  facet normal -8.950572e-01 2.999929e-01 3.299650e-01
    outer loop
      vertex   8.657537e-01 3.933938e+01 3.300795e+01
      vertex   4.731110e-01 3.816789e+01 3.300795e+01
      vertex   6.455229e-01 3.810110e+01 3.353635e+01
    endloop
  endfacet
  facet normal -8.635591e-01 3.812987e-01 3.299650e-01
    outer loop
      vertex   6.455229e-01 3.810110e+01 3.353635e+01
      vertex   4.731110e-01 3.816789e+01 3.300795e+01
      vertex   1.395657e-01 3.695521e+01 3.353635e+01
    endloop
  endfacet
  facet normal -7.748120e-01 3.421130e-01 5.316249e-01
    outer loop
      vertex   6.455229e-01 3.810110e+01 3.353635e+01
      vertex   1.395657e-01 3.695521e+01 3.353635e+01
      vertex   4.061842e-01 3.682245e+01 3.401037e+01
    endloop
  endfacet
  facet normal -7.399406e-01 4.121442e-01 5.316249e-01
    outer loop
      vertex   4.061842e-01 3.682245e+01 3.401037e+01
      vertex   1.395657e-01 3.695521e+01 3.353635e+01
      vertex   -2.167304e-01 3.570411e+01 3.401037e+01
    endloop
  endfacet
  facet normal -6.180740e-01 3.442649e-01 7.067292e-01
    outer loop
      vertex   4.061842e-01 3.682245e+01 3.401037e+01
      vertex   -2.167304e-01 3.570411e+01 3.401037e+01
      vertex   1.198316e-01 3.549572e+01 3.440622e+01
    endloop
  endfacet
  facet normal -9.191425e-01 3.662198e-01 1.451209e-01
    outer loop
      vertex   6.167781e-01 3.874891e+01 3.245164e+01
      vertex   8.319455e-02 3.740972e+01 3.245164e+01
      vertex   4.731110e-01 3.816789e+01 3.300795e+01
    endloop
  endfacet
  facet normal -9.110549e-01 4.022701e-01 9.032013e-02
    outer loop
      vertex   4.731110e-01 3.816789e+01 3.300795e+01
      vertex   8.319455e-02 3.740972e+01 3.245164e+01
      vertex   -2.594788e-02 3.703763e+01 3.300795e+01
    endloop
  endfacet
  facet normal -8.635591e-01 3.812987e-01 3.299650e-01
    outer loop
      vertex   4.731110e-01 3.816789e+01 3.300795e+01
      vertex   -2.594788e-02 3.703763e+01 3.300795e+01
      vertex   1.395657e-01 3.695521e+01 3.353635e+01
    endloop
  endfacet
  facet normal -8.246936e-01 4.593513e-01 3.299650e-01
    outer loop
      vertex   1.395657e-01 3.695521e+01 3.353635e+01
      vertex   -2.594788e-02 3.703763e+01 3.300795e+01
      vertex   -4.699620e-01 3.586090e+01 3.353635e+01
    endloop
  endfacet
  facet normal -7.399406e-01 4.121442e-01 5.316249e-01
    outer loop
      vertex   1.395657e-01 3.695521e+01 3.353635e+01
      vertex   -4.699620e-01 3.586090e+01 3.353635e+01
      vertex   -2.167304e-01 3.570411e+01 3.401037e+01
    endloop
  endfacet
  facet normal -8.749835e-01 4.638869e-01 1.386101e-01
    outer loop
      vertex   8.319455e-02 3.740972e+01 3.245164e+01
      vertex   -5.920534e-01 3.613607e+01 3.245164e+01
      vertex   -2.594788e-02 3.703763e+01 3.300795e+01
    endloop
  endfacet
  facet normal -8.692516e-01 4.841700e-01 9.990568e-02
    outer loop
      vertex   -2.594788e-02 3.703763e+01 3.300795e+01
      vertex   -5.920534e-01 3.613607e+01 3.245164e+01
      vertex   -6.271651e-01 3.595824e+01 3.300795e+01
    endloop
  endfacet
  facet normal -8.246936e-01 4.593513e-01 3.299650e-01
    outer loop
      vertex   -2.594788e-02 3.703763e+01 3.300795e+01
      vertex   -6.271651e-01 3.595824e+01 3.300795e+01
      vertex   -4.699620e-01 3.586090e+01 3.353635e+01
    endloop
  endfacet
  facet normal -8.210786e-01 5.567051e-01 1.261327e-01
    outer loop
      vertex   -5.920534e-01 3.613607e+01 3.245164e+01
      vertex   -1.401049e+00 3.494289e+01 3.245164e+01
      vertex   -6.271651e-01 3.595824e+01 3.300795e+01
    endloop
  endfacet
  facet normal -2.130218e-01 9.677679e-01 1.343390e-01
    outer loop
      vertex   -8.438206e+00 3.017158e+01 3.245164e+01
      vertex   -9.846082e+00 2.986168e+01 3.245164e+01
      vertex   -9.542095e+00 2.985137e+01 3.300795e+01
    endloop
  endfacet
  facet normal -1.375519e-01 9.860774e-01 9.343846e-02
    outer loop
      vertex   -9.542095e+00 2.985137e+01 3.300795e+01
      vertex   -9.846082e+00 2.986168e+01 3.245164e+01
      vertex   -1.076578e+01 2.968067e+01 3.300795e+01
    endloop
  endfacet
  facet normal -1.304187e-01 9.349407e-01 3.299650e-01
    outer loop
      vertex   -9.542095e+00 2.985137e+01 3.300795e+01
      vertex   -1.076578e+01 2.968067e+01 3.300795e+01
      vertex   -1.074872e+01 2.949656e+01 3.353635e+01
    endloop
  endfacet
  facet normal -4.359687e-02 9.429859e-01 3.299650e-01
    outer loop
      vertex   -1.074872e+01 2.949656e+01 3.353635e+01
      vertex   -1.076578e+01 2.968067e+01 3.300795e+01
      vertex   -1.200000e+01 2.943871e+01 3.353635e+01
    endloop
  endfacet
  facet normal -3.911646e-02 8.460762e-01 5.316249e-01
    outer loop
      vertex   -1.074872e+01 2.949656e+01 3.353635e+01
      vertex   -1.200000e+01 2.943871e+01 3.353635e+01
      vertex   -1.200000e+01 2.914087e+01 3.401037e+01
    endloop
  endfacet
  facet normal 3.911646e-02 8.460762e-01 5.316249e-01
    outer loop
      vertex   -1.200000e+01 2.914087e+01 3.401037e+01
      vertex   -1.200000e+01 2.943871e+01 3.353635e+01
      vertex   -1.327876e+01 2.919999e+01 3.401037e+01
    endloop
  endfacet
  facet normal 3.267406e-02 7.067292e-01 7.067292e-01
    outer loop
      vertex   -1.200000e+01 2.914087e+01 3.401037e+01
      vertex   -1.327876e+01 2.919999e+01 3.401037e+01
      vertex   -1.331528e+01 2.880583e+01 3.440622e+01
    endloop
  endfacet
  facet normal 9.774343e-02 7.006997e-01 7.067292e-01
    outer loop
      vertex   -1.331528e+01 2.880583e+01 3.440622e+01
      vertex   -1.327876e+01 2.919999e+01 3.401037e+01
      vertex   -1.461935e+01 2.898773e+01 3.440622e+01
    endloop
  endfacet
  facet normal 7.355988e-02 5.273335e-01 8.464682e-01
    outer loop
      vertex   -1.331528e+01 2.880583e+01 3.440622e+01
      vertex   -1.461935e+01 2.898773e+01 3.440622e+01
      vertex   -1.470645e+01 2.852179e+01 3.470407e+01
    endloop
  endfacet
  facet normal 1.219023e-01 5.182967e-01 8.464682e-01
    outer loop
      vertex   -1.470645e+01 2.852179e+01 3.470407e+01
      vertex   -1.461935e+01 2.898773e+01 3.440622e+01
      vertex   -1.603078e+01 2.883327e+01 3.470407e+01
    endloop
  endfacet
  facet normal 7.568952e-02 3.218121e-01 9.437733e-01
    outer loop
      vertex   -1.470645e+01 2.852179e+01 3.470407e+01
      vertex   -1.603078e+01 2.883327e+01 3.470407e+01
      vertex   -1.617539e+01 2.832504e+01 3.488896e+01
    endloop
  endfacet
  facet normal 1.050597e-01 3.134556e-01 9.437733e-01
    outer loop
      vertex   -1.617539e+01 2.832504e+01 3.488896e+01
      vertex   -1.603078e+01 2.883327e+01 3.470407e+01
      vertex   -1.751161e+01 2.877289e+01 3.488896e+01
    endloop
  endfacet
  facet normal -1.070043e-01 9.838880e-01 1.432287e-01
    outer loop
      vertex   -9.846082e+00 2.986168e+01 3.245164e+01
      vertex   -1.127921e+01 2.970582e+01 3.245164e+01
      vertex   -1.076578e+01 2.968067e+01 3.300795e+01
    endloop
  endfacet
  facet normal -4.600657e-02 9.951069e-01 8.743918e-02
    outer loop
      vertex   -1.076578e+01 2.968067e+01 3.300795e+01
      vertex   -1.127921e+01 2.970582e+01 3.245164e+01
      vertex   -1.200000e+01 2.962361e+01 3.300795e+01
    endloop
  endfacet
  facet normal -4.359687e-02 9.429859e-01 3.299650e-01
    outer loop
      vertex   -1.076578e+01 2.968067e+01 3.300795e+01
      vertex   -1.200000e+01 2.962361e+01 3.300795e+01
      vertex   -1.200000e+01 2.943871e+01 3.353635e+01
    endloop
  endfacet
  facet normal 4.359687e-02 9.429859e-01 3.299650e-01
    outer loop
      vertex   -1.200000e+01 2.943871e+01 3.353635e+01
      vertex   -1.200000e+01 2.962361e+01 3.300795e+01
      vertex   -1.325128e+01 2.949656e+01 3.353635e+01
    endloop
  endfacet
  facet normal 3.911646e-02 8.460762e-01 5.316249e-01
    outer loop
      vertex   -1.200000e+01 2.943871e+01 3.353635e+01
      vertex   -1.325128e+01 2.949656e+01 3.353635e+01
      vertex   -1.327876e+01 2.919999e+01 3.401037e+01
    endloop
  endfacet
  facet normal 1.170157e-01 8.388577e-01 5.316249e-01
    outer loop
      vertex   -1.327876e+01 2.919999e+01 3.401037e+01
      vertex   -1.325128e+01 2.949656e+01 3.353635e+01
      vertex   -1.454661e+01 2.937685e+01 3.401037e+01
    endloop
  endfacet
  facet normal 9.774343e-02 7.006997e-01 7.067292e-01
    outer loop
      vertex   -1.327876e+01 2.919999e+01 3.401037e+01
      vertex   -1.454661e+01 2.937685e+01 3.401037e+01
      vertex   -1.461935e+01 2.898773e+01 3.440622e+01
    endloop
  endfacet
  facet normal 1.619789e-01 6.886920e-01 7.067292e-01
    outer loop
      vertex   -1.461935e+01 2.898773e+01 3.440622e+01
      vertex   -1.454661e+01 2.937685e+01 3.401037e+01
      vertex   -1.590106e+01 2.928919e+01 3.440622e+01
    endloop
  endfacet
  facet normal 1.219023e-01 5.182967e-01 8.464682e-01
    outer loop
      vertex   -1.461935e+01 2.898773e+01 3.440622e+01
      vertex   -1.590106e+01 2.928919e+01 3.440622e+01
      vertex   -1.603078e+01 2.883327e+01 3.470407e+01
    endloop
  endfacet
  facet normal 1.692047e-01 5.048380e-01 8.464682e-01
    outer loop
      vertex   -1.603078e+01 2.883327e+01 3.470407e+01
      vertex   -1.590106e+01 2.928919e+01 3.440622e+01
      vertex   -1.732073e+01 2.926562e+01 3.470407e+01
    endloop
  endfacet
  facet normal 1.050597e-01 3.134556e-01 9.437733e-01
    outer loop
      vertex   -1.603078e+01 2.883327e+01 3.470407e+01
      vertex   -1.732073e+01 2.926562e+01 3.470407e+01
      vertex   -1.751161e+01 2.877289e+01 3.488896e+01
    endloop
  endfacet
  facet normal 1.335336e-01 3.024247e-01 9.437733e-01
    outer loop
      vertex   -1.751161e+01 2.877289e+01 3.488896e+01
      vertex   -1.732073e+01 2.926562e+01 3.470407e+01
      vertex   -1.880081e+01 2.934213e+01 3.488896e+01
    endloop
  endfacet
  facet normal 0.000000e+00 9.892573e-01 1.461846e-01
    outer loop
      vertex   -1.127921e+01 2.970582e+01 3.245164e+01
      vertex   -1.272079e+01 2.970582e+01 3.245164e+01
      vertex   -1.200000e+01 2.962361e+01 3.300795e+01
    endloop
  endfacet
  facet normal 4.600657e-02 9.951069e-01 8.743918e-02
    outer loop
      vertex   -1.200000e+01 2.962361e+01 3.300795e+01
      vertex   -1.272079e+01 2.970582e+01 3.245164e+01
      vertex   -1.323422e+01 2.968067e+01 3.300795e+01
    endloop
  endfacet
  facet normal 4.359687e-02 9.429859e-01 3.299650e-01
    outer loop
      vertex   -1.200000e+01 2.962361e+01 3.300795e+01
      vertex   -1.323422e+01 2.968067e+01 3.300795e+01
      vertex   -1.325128e+01 2.949656e+01 3.353635e+01
    endloop
  endfacet
  facet normal 1.304187e-01 9.349407e-01 3.299650e-01
    outer loop
      vertex   -1.325128e+01 2.949656e+01 3.353635e+01
      vertex   -1.323422e+01 2.968067e+01 3.300795e+01
      vertex   -1.449188e+01 2.966962e+01 3.353635e+01
    endloop
  endfacet
  facet normal 1.170157e-01 8.388577e-01 5.316249e-01
    outer loop
      vertex   -1.325128e+01 2.949656e+01 3.353635e+01
      vertex   -1.449188e+01 2.966962e+01 3.353635e+01
      vertex   -1.454661e+01 2.937685e+01 3.401037e+01
    endloop
  endfacet
  facet normal 1.939165e-01 8.244825e-01 5.316249e-01
    outer loop
      vertex   -1.454661e+01 2.937685e+01 3.401037e+01
      vertex   -1.449188e+01 2.966962e+01 3.353635e+01
      vertex   -1.579273e+01 2.966993e+01 3.401037e+01
    endloop
  endfacet
  facet normal 1.619789e-01 6.886920e-01 7.067292e-01
    outer loop
      vertex   -1.454661e+01 2.937685e+01 3.401037e+01
      vertex   -1.579273e+01 2.966993e+01 3.401037e+01
      vertex   -1.590106e+01 2.928919e+01 3.440622e+01
    endloop
  endfacet
  facet normal 2.248324e-01 6.708086e-01 7.067292e-01
    outer loop
      vertex   -1.590106e+01 2.928919e+01 3.440622e+01
      vertex   -1.579273e+01 2.966993e+01 3.401037e+01
      vertex   -1.714949e+01 2.970762e+01 3.440622e+01
    endloop
  endfacet
  facet normal 1.692047e-01 5.048380e-01 8.464682e-01
    outer loop
      vertex   -1.590106e+01 2.928919e+01 3.440622e+01
      vertex   -1.714949e+01 2.970762e+01 3.440622e+01
      vertex   -1.732073e+01 2.926562e+01 3.470407e+01
    endloop
  endfacet
  facet normal 2.150634e-01 4.870722e-01 8.464682e-01
    outer loop
      vertex   -1.732073e+01 2.926562e+01 3.470407e+01
      vertex   -1.714949e+01 2.970762e+01 3.440622e+01
      vertex   -1.856528e+01 2.981514e+01 3.470407e+01
    endloop
  endfacet
  facet normal 1.335336e-01 3.024247e-01 9.437733e-01
    outer loop
      vertex   -1.732073e+01 2.926562e+01 3.470407e+01
      vertex   -1.856528e+01 2.981514e+01 3.470407e+01
      vertex   -1.880081e+01 2.934213e+01 3.488896e+01
    endloop
  endfacet
  facet normal 1.608682e-01 2.888137e-01 9.437733e-01
    outer loop
      vertex   -1.880081e+01 2.934213e+01 3.488896e+01
      vertex   -1.856528e+01 2.981514e+01 3.470407e+01
      vertex   -2.003199e+01 3.002789e+01 3.488896e+01
    endloop
  endfacet
  facet normal 1.070043e-01 9.838880e-01 1.432287e-01
    outer loop
      vertex   -1.272079e+01 2.970582e+01 3.245164e+01
      vertex   -1.415392e+01 2.986168e+01 3.245164e+01
      vertex   -1.323422e+01 2.968067e+01 3.300795e+01
    endloop
  endfacet
  facet normal 1.375519e-01 9.860774e-01 9.343846e-02
    outer loop
      vertex   -1.323422e+01 2.968067e+01 3.300795e+01
      vertex   -1.415392e+01 2.986168e+01 3.245164e+01
      vertex   -1.445791e+01 2.985137e+01 3.300795e+01
    endloop
  endfacet
  facet normal 1.304187e-01 9.349407e-01 3.299650e-01
    outer loop
      vertex   -1.323422e+01 2.968067e+01 3.300795e+01
      vertex   -1.445791e+01 2.985137e+01 3.300795e+01
      vertex   -1.449188e+01 2.966962e+01 3.353635e+01
    endloop
  endfacet
  facet normal 2.161278e-01 9.189189e-01 3.299650e-01
    outer loop
      vertex   -1.449188e+01 2.966962e+01 3.353635e+01
      vertex   -1.445791e+01 2.985137e+01 3.300795e+01
      vertex   -1.571122e+01 2.995641e+01 3.353635e+01
    endloop
  endfacet
  facet normal 1.939165e-01 8.244825e-01 5.316249e-01
    outer loop
      vertex   -1.449188e+01 2.966962e+01 3.353635e+01
      vertex   -1.571122e+01 2.995641e+01 3.353635e+01
      vertex   -1.579273e+01 2.966993e+01 3.401037e+01
    endloop
  endfacet
  facet normal 2.691629e-01 8.030730e-01 5.316249e-01
    outer loop
      vertex   -1.579273e+01 2.966993e+01 3.401037e+01
      vertex   -1.571122e+01 2.995641e+01 3.353635e+01
      vertex   -1.700650e+01 3.007675e+01 3.401037e+01
    endloop
  endfacet
  facet normal 2.248324e-01 6.708086e-01 7.067292e-01
    outer loop
      vertex   -1.579273e+01 2.966993e+01 3.401037e+01
      vertex   -1.700650e+01 3.007675e+01 3.401037e+01
      vertex   -1.714949e+01 2.970762e+01 3.440622e+01
    endloop
  endfacet
  facet normal 2.857677e-01 6.472021e-01 7.067292e-01
    outer loop
      vertex   -1.714949e+01 2.970762e+01 3.440622e+01
      vertex   -1.700650e+01 3.007675e+01 3.401037e+01
      vertex   -1.835399e+01 3.023946e+01 3.440622e+01
    endloop
  endfacet
  facet normal 2.150634e-01 4.870722e-01 8.464682e-01
    outer loop
      vertex   -1.714949e+01 2.970762e+01 3.440622e+01
      vertex   -1.835399e+01 3.023946e+01 3.440622e+01
      vertex   -1.856528e+01 2.981514e+01 3.470407e+01
    endloop
  endfacet
  facet normal 2.590874e-01 4.651509e-01 8.464682e-01
    outer loop
      vertex   -1.856528e+01 2.981514e+01 3.470407e+01
      vertex   -1.835399e+01 3.023946e+01 3.440622e+01
      vertex   -1.975382e+01 3.047715e+01 3.470407e+01
    endloop
  endfacet
  facet normal 1.608682e-01 2.888137e-01 9.437733e-01
    outer loop
      vertex   -1.856528e+01 2.981514e+01 3.470407e+01
      vertex   -1.975382e+01 3.047715e+01 3.470407e+01
      vertex   -2.003199e+01 3.002789e+01 3.488896e+01
    endloop
  endfacet
  facet normal 1.868303e-01 2.727387e-01 9.437733e-01
    outer loop
      vertex   -2.003199e+01 3.002789e+01 3.488896e+01
      vertex   -1.975382e+01 3.047715e+01 3.470407e+01
      vertex   -2.119464e+01 3.082433e+01 3.488896e+01
    endloop
  endfacet
  facet normal 2.130218e-01 9.677679e-01 1.343390e-01
    outer loop
      vertex   -1.415392e+01 2.986168e+01 3.245164e+01
      vertex   -1.556179e+01 3.017158e+01 3.245164e+01
      vertex   -1.445791e+01 2.985137e+01 3.300795e+01
    endloop
  endfacet
  facet normal 2.276752e-01 9.680155e-01 1.054044e-01
    outer loop
      vertex   -1.445791e+01 2.985137e+01 3.300795e+01
      vertex   -1.556179e+01 3.017158e+01 3.245164e+01
      vertex   -1.566062e+01 3.013425e+01 3.300795e+01
    endloop
  endfacet
  facet normal 2.161278e-01 9.189189e-01 3.299650e-01
    outer loop
      vertex   -1.445791e+01 2.985137e+01 3.300795e+01
      vertex   -1.566062e+01 3.013425e+01 3.300795e+01
      vertex   -1.571122e+01 2.995641e+01 3.353635e+01
    endloop
  endfacet
  facet normal 2.999929e-01 8.950572e-01 3.299650e-01
    outer loop
      vertex   -1.571122e+01 2.995641e+01 3.353635e+01
      vertex   -1.566062e+01 3.013425e+01 3.300795e+01
      vertex   -1.689890e+01 3.035448e+01 3.353635e+01
    endloop
  endfacet
  facet normal 2.691629e-01 8.030730e-01 5.316249e-01
    outer loop
      vertex   -1.571122e+01 2.995641e+01 3.353635e+01
      vertex   -1.689890e+01 3.035448e+01 3.353635e+01
      vertex   -1.700650e+01 3.007675e+01 3.401037e+01
    endloop
  endfacet
  facet normal 3.421130e-01 7.748120e-01 5.316249e-01
    outer loop
      vertex   -1.700650e+01 3.007675e+01 3.401037e+01
      vertex   -1.689890e+01 3.035448e+01 3.353635e+01
      vertex   -1.817755e+01 3.059382e+01 3.401037e+01
    endloop
  endfacet
  facet normal 2.857677e-01 6.472021e-01 7.067292e-01
    outer loop
      vertex   -1.700650e+01 3.007675e+01 3.401037e+01
      vertex   -1.817755e+01 3.059382e+01 3.401037e+01
      vertex   -1.835399e+01 3.023946e+01 3.440622e+01
    endloop
  endfacet
  facet normal 3.442649e-01 6.180740e-01 7.067292e-01
    outer loop
      vertex   -1.835399e+01 3.023946e+01 3.440622e+01
      vertex   -1.817755e+01 3.059382e+01 3.401037e+01
      vertex   -1.950428e+01 3.088017e+01 3.440622e+01
    endloop
  endfacet
  facet normal 2.590874e-01 4.651509e-01 8.464682e-01
    outer loop
      vertex   -1.835399e+01 3.023946e+01 3.440622e+01
      vertex   -1.950428e+01 3.088017e+01 3.440622e+01
      vertex   -1.975382e+01 3.047715e+01 3.470407e+01
    endloop
  endfacet
  facet normal 3.009009e-01 4.392611e-01 8.464682e-01
    outer loop
      vertex   -1.975382e+01 3.047715e+01 3.470407e+01
      vertex   -1.950428e+01 3.088017e+01 3.440622e+01
      vertex   -2.087621e+01 3.124600e+01 3.470407e+01
    endloop
  endfacet
  facet normal 1.868303e-01 2.727387e-01 9.437733e-01
    outer loop
      vertex   -1.975382e+01 3.047715e+01 3.470407e+01
      vertex   -2.087621e+01 3.124600e+01 3.470407e+01
      vertex   -2.119464e+01 3.082433e+01 3.488896e+01
    endloop
  endfacet
  facet normal 2.111985e-01 2.543367e-01 9.437733e-01
    outer loop
      vertex   -2.119464e+01 3.082433e+01 3.488896e+01
      vertex   -2.087621e+01 3.124600e+01 3.470407e+01
      vertex   -2.227885e+01 3.172464e+01 3.488896e+01
    endloop
  endfacet
  facet normal 3.155247e-01 9.413977e-01 1.192249e-01
    outer loop
      vertex   -1.566062e+01 3.013425e+01 3.300795e+01
      vertex   -1.556179e+01 3.017158e+01 3.245164e+01
      vertex   -1.683211e+01 3.052689e+01 3.300795e+01
    endloop
  endfacet
  facet normal 3.168803e-01 9.404673e-01 1.229147e-01
    outer loop
      vertex   -1.683211e+01 3.052689e+01 3.300795e+01
      vertex   -1.556179e+01 3.017158e+01 3.245164e+01
      vertex   -1.692791e+01 3.063187e+01 3.245164e+01
    endloop
  endfacet
  facet normal 4.017920e-01 9.099722e-01 1.025367e-01
    outer loop
      vertex   -1.683211e+01 3.052689e+01 3.300795e+01
      vertex   -1.692791e+01 3.063187e+01 3.245164e+01
      vertex   -1.796237e+01 3.102595e+01 3.300795e+01
    endloop
  endfacet
  facet normal 4.159535e-01 8.990688e-01 1.365941e-01
    outer loop
      vertex   -1.796237e+01 3.102595e+01 3.300795e+01
      vertex   -1.692791e+01 3.063187e+01 3.245164e+01
      vertex   -1.823625e+01 3.123718e+01 3.245164e+01
    endloop
  endfacet
  facet normal 4.845516e-01 8.699367e-01 9.175971e-02
    outer loop
      vertex   -1.796237e+01 3.102595e+01 3.300795e+01
      vertex   -1.823625e+01 3.123718e+01 3.245164e+01
      vertex   -1.904176e+01 3.162716e+01 3.300795e+01
    endloop
  endfacet
  facet normal 5.101586e-01 8.478901e-01 1.442932e-01
    outer loop
      vertex   -1.904176e+01 3.162716e+01 3.300795e+01
      vertex   -1.823625e+01 3.123718e+01 3.245164e+01
      vertex   -1.947148e+01 3.198039e+01 3.245164e+01
    endloop
  endfacet
  facet normal 5.629956e-01 8.218723e-01 8.695880e-02
    outer loop
      vertex   -1.904176e+01 3.162716e+01 3.300795e+01
      vertex   -1.947148e+01 3.198039e+01 3.245164e+01
      vertex   -2.006108e+01 3.232541e+01 3.300795e+01
    endloop
  endfacet
  facet normal 5.986836e-01 7.875548e-01 1.460664e-01
    outer loop
      vertex   -2.006108e+01 3.232541e+01 3.300795e+01
      vertex   -1.947148e+01 3.198039e+01 3.245164e+01
      vertex   -2.061911e+01 3.285280e+01 3.245164e+01
    endloop
  endfacet
  facet normal 6.363594e-01 7.663385e-01 8.815964e-02
    outer loop
      vertex   -2.006108e+01 3.232541e+01 3.300795e+01
      vertex   -2.061911e+01 3.285280e+01 3.245164e+01
      vertex   -2.101162e+01 3.311473e+01 3.300795e+01
    endloop
  endfacet
  facet normal 6.807380e-01 7.186463e-01 1.419269e-01
    outer loop
      vertex   -2.101162e+01 3.311473e+01 3.300795e+01
      vertex   -2.061911e+01 3.285280e+01 3.245164e+01
      vertex   -2.166569e+01 3.384417e+01 3.245164e+01
    endloop
  endfacet
  facet normal 7.038847e-01 7.038847e-01 9.535600e-02
    outer loop
      vertex   -2.101162e+01 3.311473e+01 3.300795e+01
      vertex   -2.166569e+01 3.384417e+01 3.245164e+01
      vertex   -2.188527e+01 3.398839e+01 3.300795e+01
    endloop
  endfacet
  facet normal 7.555087e-01 6.417349e-01 1.318442e-01
    outer loop
      vertex   -2.188527e+01 3.398839e+01 3.300795e+01
      vertex   -2.166569e+01 3.384417e+01 3.245164e+01
      vertex   -2.259895e+01 3.494289e+01 3.245164e+01
    endloop
  endfacet
  facet normal 7.647915e-01 6.350748e-01 1.085079e-01
    outer loop
      vertex   -2.188527e+01 3.398839e+01 3.300795e+01
      vertex   -2.259895e+01 3.494289e+01 3.245164e+01
      vertex   -2.267459e+01 3.493892e+01 3.300795e+01
    endloop
  endfacet
  facet normal 8.194839e-01 5.613595e-01 1.154192e-01
    outer loop
      vertex   -2.267459e+01 3.493892e+01 3.300795e+01
      vertex   -2.259895e+01 3.494289e+01 3.245164e+01
      vertex   -2.337284e+01 3.595824e+01 3.300795e+01
    endloop
  endfacet
  facet normal 7.787920e-01 5.334849e-01 3.299650e-01
    outer loop
      vertex   -2.267459e+01 3.493892e+01 3.300795e+01
      vertex   -2.337284e+01 3.595824e+01 3.300795e+01
      vertex   -2.353004e+01 3.586090e+01 3.353635e+01
    endloop
  endfacet
  facet normal 8.246936e-01 4.593513e-01 3.299650e-01
    outer loop
      vertex   -2.353004e+01 3.586090e+01 3.353635e+01
      vertex   -2.337284e+01 3.595824e+01 3.300795e+01
      vertex   -2.413957e+01 3.695521e+01 3.353635e+01
    endloop
  endfacet
  facet normal 7.399406e-01 4.121442e-01 5.316249e-01
    outer loop
      vertex   -2.353004e+01 3.586090e+01 3.353635e+01
      vertex   -2.413957e+01 3.695521e+01 3.353635e+01
      vertex   -2.440618e+01 3.682245e+01 3.401037e+01
    endloop
  endfacet
  facet normal 7.748120e-01 3.421130e-01 5.316249e-01
    outer loop
      vertex   -2.440618e+01 3.682245e+01 3.401037e+01
      vertex   -2.413957e+01 3.695521e+01 3.353635e+01
      vertex   -2.492325e+01 3.799350e+01 3.401037e+01
    endloop
  endfacet
  facet normal 6.472021e-01 2.857677e-01 7.067292e-01
    outer loop
      vertex   -2.440618e+01 3.682245e+01 3.401037e+01
      vertex   -2.492325e+01 3.799350e+01 3.401037e+01
      vertex   -2.529238e+01 3.785051e+01 3.440622e+01
    endloop
  endfacet
  facet normal 6.708086e-01 2.248324e-01 7.067292e-01
    outer loop
      vertex   -2.529238e+01 3.785051e+01 3.440622e+01
      vertex   -2.492325e+01 3.799350e+01 3.401037e+01
      vertex   -2.571081e+01 3.909894e+01 3.440622e+01
    endloop
  endfacet
  facet normal 5.048380e-01 1.692047e-01 8.464682e-01
    outer loop
      vertex   -2.529238e+01 3.785051e+01 3.440622e+01
      vertex   -2.571081e+01 3.909894e+01 3.440622e+01
      vertex   -2.616673e+01 3.896922e+01 3.470407e+01
    endloop
  endfacet
  facet normal 5.182967e-01 1.219023e-01 8.464682e-01
    outer loop
      vertex   -2.616673e+01 3.896922e+01 3.470407e+01
      vertex   -2.571081e+01 3.909894e+01 3.440622e+01
      vertex   -2.647821e+01 4.029355e+01 3.470407e+01
    endloop
  endfacet
  facet normal 3.218121e-01 7.568952e-02 9.437733e-01
    outer loop
      vertex   -2.616673e+01 3.896922e+01 3.470407e+01
      vertex   -2.647821e+01 4.029355e+01 3.470407e+01
      vertex   -2.699762e+01 4.019646e+01 3.488896e+01
    endloop
  endfacet
  facet normal 3.274231e-01 4.567357e-02 9.437733e-01
    outer loop
      vertex   -2.699762e+01 4.019646e+01 3.488896e+01
      vertex   -2.647821e+01 4.029355e+01 3.470407e+01
      vertex   -2.719232e+01 4.159222e+01 3.488896e+01
    endloop
  endfacet
  facet normal 8.210786e-01 5.567051e-01 1.261327e-01
    outer loop
      vertex   -2.259895e+01 3.494289e+01 3.245164e+01
      vertex   -2.340795e+01 3.613607e+01 3.245164e+01
      vertex   -2.337284e+01 3.595824e+01 3.300795e+01
    endloop
  endfacet
  facet normal 8.692516e-01 4.841700e-01 9.990568e-02
    outer loop
      vertex   -2.337284e+01 3.595824e+01 3.300795e+01
      vertex   -2.340795e+01 3.613607e+01 3.245164e+01
      vertex   -2.397405e+01 3.703763e+01 3.300795e+01
    endloop
  endfacet
  facet normal 8.246936e-01 4.593513e-01 3.299650e-01
    outer loop
      vertex   -2.337284e+01 3.595824e+01 3.300795e+01
      vertex   -2.397405e+01 3.703763e+01 3.300795e+01
      vertex   -2.413957e+01 3.695521e+01 3.353635e+01
    endloop
  endfacet
  facet normal 8.635591e-01 3.812987e-01 3.299650e-01
    outer loop
      vertex   -2.413957e+01 3.695521e+01 3.353635e+01
      vertex   -2.397405e+01 3.703763e+01 3.300795e+01
      vertex   -2.464552e+01 3.810110e+01 3.353635e+01
    endloop
  endfacet
  facet normal 7.748120e-01 3.421130e-01 5.316249e-01
    outer loop
      vertex   -2.413957e+01 3.695521e+01 3.353635e+01
      vertex   -2.464552e+01 3.810110e+01 3.353635e+01
      vertex   -2.492325e+01 3.799350e+01 3.401037e+01
    endloop
  endfacet
  facet normal 8.030730e-01 2.691629e-01 5.316249e-01
    outer loop
      vertex   -2.492325e+01 3.799350e+01 3.401037e+01
      vertex   -2.464552e+01 3.810110e+01 3.353635e+01
      vertex   -2.533007e+01 3.920727e+01 3.401037e+01
    endloop
  endfacet
  facet normal 6.708086e-01 2.248324e-01 7.067292e-01
    outer loop
      vertex   -2.492325e+01 3.799350e+01 3.401037e+01
      vertex   -2.533007e+01 3.920727e+01 3.401037e+01
      vertex   -2.571081e+01 3.909894e+01 3.440622e+01
    endloop
  endfacet
  facet normal 6.886920e-01 1.619789e-01 7.067292e-01
    outer loop
      vertex   -2.571081e+01 3.909894e+01 3.440622e+01
      vertex   -2.533007e+01 3.920727e+01 3.401037e+01
      vertex   -2.601227e+01 4.038065e+01 3.440622e+01
    endloop
  endfacet
  facet normal 5.182967e-01 1.219023e-01 8.464682e-01
    outer loop
      vertex   -2.571081e+01 3.909894e+01 3.440622e+01
      vertex   -2.601227e+01 4.038065e+01 3.440622e+01
      vertex   -2.647821e+01 4.029355e+01 3.470407e+01
    endloop
  endfacet
  facet normal 5.273335e-01 7.355988e-02 8.464682e-01
    outer loop
      vertex   -2.647821e+01 4.029355e+01 3.470407e+01
      vertex   -2.601227e+01 4.038065e+01 3.440622e+01
      vertex   -2.666617e+01 4.164098e+01 3.470407e+01
    endloop
  endfacet
  facet normal 3.274231e-01 4.567357e-02 9.437733e-01
    outer loop
      vertex   -2.647821e+01 4.029355e+01 3.470407e+01
      vertex   -2.666617e+01 4.164098e+01 3.470407e+01
      vertex   -2.719232e+01 4.159222e+01 3.488896e+01
    endloop
  endfacet
  facet normal 3.302406e-01 1.526794e-02 9.437733e-01
    outer loop
      vertex   -2.719232e+01 4.159222e+01 3.488896e+01
      vertex   -2.666617e+01 4.164098e+01 3.470407e+01
      vertex   -2.725741e+01 4.300000e+01 3.488896e+01
    endloop
  endfacet
  facet normal 8.749835e-01 4.638869e-01 1.386101e-01
    outer loop
      vertex   -2.340795e+01 3.613607e+01 3.245164e+01
      vertex   -2.408319e+01 3.740972e+01 3.245164e+01
      vertex   -2.397405e+01 3.703763e+01 3.300795e+01
    endloop
  endfacet
  facet normal 9.110549e-01 4.022701e-01 9.032013e-02
    outer loop
      vertex   -2.397405e+01 3.703763e+01 3.300795e+01
      vertex   -2.408319e+01 3.740972e+01 3.245164e+01
      vertex   -2.447311e+01 3.816789e+01 3.300795e+01
    endloop
  endfacet
  facet normal 8.635591e-01 3.812987e-01 3.299650e-01
    outer loop
      vertex   -2.397405e+01 3.703763e+01 3.300795e+01
      vertex   -2.447311e+01 3.816789e+01 3.300795e+01
      vertex   -2.464552e+01 3.810110e+01 3.353635e+01
    endloop
  endfacet
  facet normal 8.950572e-01 2.999929e-01 3.299650e-01
    outer loop
      vertex   -2.464552e+01 3.810110e+01 3.353635e+01
      vertex   -2.447311e+01 3.816789e+01 3.300795e+01
      vertex   -2.504359e+01 3.928878e+01 3.353635e+01
    endloop
  endfacet
  facet normal 8.030730e-01 2.691629e-01 5.316249e-01
    outer loop
      vertex   -2.464552e+01 3.810110e+01 3.353635e+01
      vertex   -2.504359e+01 3.928878e+01 3.353635e+01
      vertex   -2.533007e+01 3.920727e+01 3.401037e+01
    endloop
  endfacet
  facet normal 8.244825e-01 1.939165e-01 5.316249e-01
    outer loop
      vertex   -2.533007e+01 3.920727e+01 3.401037e+01
      vertex   -2.504359e+01 3.928878e+01 3.353635e+01
      vertex   -2.562315e+01 4.045339e+01 3.401037e+01
    endloop
  endfacet
  facet normal 6.886920e-01 1.619789e-01 7.067292e-01
    outer loop
      vertex   -2.533007e+01 3.920727e+01 3.401037e+01
      vertex   -2.562315e+01 4.045339e+01 3.401037e+01
      vertex   -2.601227e+01 4.038065e+01 3.440622e+01
    endloop
  endfacet
  facet normal 7.006997e-01 9.774343e-02 7.067292e-01
    outer loop
      vertex   -2.601227e+01 4.038065e+01 3.440622e+01
      vertex   -2.562315e+01 4.045339e+01 3.401037e+01
      vertex   -2.619418e+01 4.168472e+01 3.440622e+01
    endloop
  endfacet
  facet normal 5.273335e-01 7.355988e-02 8.464682e-01
    outer loop
      vertex   -2.601227e+01 4.038065e+01 3.440622e+01
      vertex   -2.619418e+01 4.168472e+01 3.440622e+01
      vertex   -2.666617e+01 4.164098e+01 3.470407e+01
    endloop
  endfacet
  facet normal 5.318712e-01 2.458989e-02 8.464682e-01
    outer loop
      vertex   -2.666617e+01 4.164098e+01 3.470407e+01
      vertex   -2.619418e+01 4.168472e+01 3.440622e+01
      vertex   -2.672900e+01 4.300000e+01 3.470407e+01
    endloop
  endfacet
  facet normal 3.302406e-01 1.526794e-02 9.437733e-01
    outer loop
      vertex   -2.666617e+01 4.164098e+01 3.470407e+01
      vertex   -2.672900e+01 4.300000e+01 3.470407e+01
      vertex   -2.725741e+01 4.300000e+01 3.488896e+01
    endloop
  endfacet
  facet normal 9.191425e-01 3.662198e-01 1.451209e-01
    outer loop
      vertex   -2.408319e+01 3.740972e+01 3.245164e+01
      vertex   -2.461678e+01 3.874891e+01 3.245164e+01
      vertex   -2.447311e+01 3.816789e+01 3.300795e+01
    endloop
  endfacet
  facet normal 9.445888e-01 3.165943e-01 8.671858e-02
    outer loop
      vertex   -2.447311e+01 3.816789e+01 3.300795e+01
      vertex   -2.461678e+01 3.874891e+01 3.245164e+01
      vertex   -2.486575e+01 3.933938e+01 3.300795e+01
    endloop
  endfacet
  facet normal 8.950572e-01 2.999929e-01 3.299650e-01
    outer loop
      vertex   -2.447311e+01 3.816789e+01 3.300795e+01
      vertex   -2.486575e+01 3.933938e+01 3.300795e+01
      vertex   -2.504359e+01 3.928878e+01 3.353635e+01
    endloop
  endfacet
  facet normal 9.189189e-01 2.161278e-01 3.299650e-01
    outer loop
      vertex   -2.504359e+01 3.928878e+01 3.353635e+01
      vertex   -2.486575e+01 3.933938e+01 3.300795e+01
      vertex   -2.533038e+01 4.050812e+01 3.353635e+01
    endloop
  endfacet
  facet normal 8.244825e-01 1.939165e-01 5.316249e-01
    outer loop
      vertex   -2.504359e+01 3.928878e+01 3.353635e+01
      vertex   -2.533038e+01 4.050812e+01 3.353635e+01
      vertex   -2.562315e+01 4.045339e+01 3.401037e+01
    endloop
  endfacet
  facet normal 8.388577e-01 1.170157e-01 5.316249e-01
    outer loop
      vertex   -2.562315e+01 4.045339e+01 3.401037e+01
      vertex   -2.533038e+01 4.050812e+01 3.353635e+01
      vertex   -2.580001e+01 4.172124e+01 3.401037e+01
    endloop
  endfacet
  facet normal 7.006997e-01 9.774343e-02 7.067292e-01
    outer loop
      vertex   -2.562315e+01 4.045339e+01 3.401037e+01
      vertex   -2.580001e+01 4.172124e+01 3.401037e+01
      vertex   -2.619418e+01 4.168472e+01 3.440622e+01
    endloop
  endfacet
  facet normal 7.067292e-01 3.267406e-02 7.067292e-01
    outer loop
      vertex   -2.619418e+01 4.168472e+01 3.440622e+01
      vertex   -2.580001e+01 4.172124e+01 3.401037e+01
      vertex   -2.625498e+01 4.300000e+01 3.440622e+01
    endloop
  endfacet
  facet normal 5.318712e-01 2.458989e-02 8.464682e-01
    outer loop
      vertex   -2.619418e+01 4.168472e+01 3.440622e+01
      vertex   -2.625498e+01 4.300000e+01 3.440622e+01
      vertex   -2.672900e+01 4.300000e+01 3.470407e+01
    endloop
  endfacet
  facet normal 9.532661e-01 2.646730e-01 1.457119e-01
    outer loop
      vertex   -2.461678e+01 3.874891e+01 3.245164e+01
      vertex   -2.500244e+01 4.013795e+01 3.245164e+01
      vertex   -2.486575e+01 3.933938e+01 3.300795e+01
    endloop
  endfacet
  facet normal 9.695646e-01 2.280395e-01 8.912002e-02
    outer loop
      vertex   -2.486575e+01 3.933938e+01 3.300795e+01
      vertex   -2.500244e+01 4.013795e+01 3.245164e+01
      vertex   -2.514863e+01 4.054209e+01 3.300795e+01
    endloop
  endfacet
  facet normal 9.189189e-01 2.161278e-01 3.299650e-01
    outer loop
      vertex   -2.486575e+01 3.933938e+01 3.300795e+01
      vertex   -2.514863e+01 4.054209e+01 3.300795e+01
      vertex   -2.533038e+01 4.050812e+01 3.353635e+01
    endloop
  endfacet
  facet normal 9.349407e-01 1.304187e-01 3.299650e-01
    outer loop
      vertex   -2.533038e+01 4.050812e+01 3.353635e+01
      vertex   -2.514863e+01 4.054209e+01 3.300795e+01
      vertex   -2.550344e+01 4.174872e+01 3.353635e+01
    endloop
  endfacet
  facet normal 8.388577e-01 1.170157e-01 5.316249e-01
    outer loop
      vertex   -2.533038e+01 4.050812e+01 3.353635e+01
      vertex   -2.550344e+01 4.174872e+01 3.353635e+01
      vertex   -2.580001e+01 4.172124e+01 3.401037e+01
    endloop
  endfacet
  facet normal 8.460762e-01 3.911646e-02 5.316249e-01
    outer loop
      vertex   -2.580001e+01 4.172124e+01 3.401037e+01
      vertex   -2.550344e+01 4.174872e+01 3.353635e+01
      vertex   -2.585913e+01 4.300000e+01 3.401037e+01
    endloop
  endfacet
  facet normal 7.067292e-01 3.267406e-02 7.067292e-01
    outer loop
      vertex   -2.580001e+01 4.172124e+01 3.401037e+01
      vertex   -2.585913e+01 4.300000e+01 3.401037e+01
      vertex   -2.625498e+01 4.300000e+01 3.440622e+01
    endloop
  endfacet
  facet normal 9.770536e-01 1.601798e-01 1.403875e-01
    outer loop
      vertex   -2.500244e+01 4.013795e+01 3.245164e+01
      vertex   -2.523566e+01 4.156053e+01 3.245164e+01
      vertex   -2.514863e+01 4.054209e+01 3.300795e+01
    endloop
  endfacet
  facet normal 9.856905e-01 1.374980e-01 9.751191e-02
    outer loop
      vertex   -2.514863e+01 4.054209e+01 3.300795e+01
      vertex   -2.523566e+01 4.156053e+01 3.245164e+01
      vertex   -2.531933e+01 4.176578e+01 3.300795e+01
    endloop
  endfacet
  facet normal 9.349407e-01 1.304187e-01 3.299650e-01
    outer loop
      vertex   -2.514863e+01 4.054209e+01 3.300795e+01
      vertex   -2.531933e+01 4.176578e+01 3.300795e+01
      vertex   -2.550344e+01 4.174872e+01 3.353635e+01
    endloop
  endfacet
  facet normal 9.429859e-01 4.359687e-02 3.299650e-01
    outer loop
      vertex   -2.550344e+01 4.174872e+01 3.353635e+01
      vertex   -2.531933e+01 4.176578e+01 3.300795e+01
      vertex   -2.556129e+01 4.300000e+01 3.353635e+01
    endloop
  endfacet
  facet normal 8.460762e-01 3.911646e-02 5.316249e-01
    outer loop
      vertex   -2.550344e+01 4.174872e+01 3.353635e+01
      vertex   -2.556129e+01 4.300000e+01 3.353635e+01
      vertex   -2.585913e+01 4.300000e+01 3.401037e+01
    endloop
  endfacet
  facet normal 9.901761e-01 5.368579e-02 1.291090e-01
    outer loop
      vertex   -2.523566e+01 4.156053e+01 3.245164e+01
      vertex   -2.531371e+01 4.300000e+01 3.245164e+01
      vertex   -2.531933e+01 4.176578e+01 3.300795e+01
    endloop
  endfacet
  facet normal 9.926652e-01 4.589368e-02 1.118465e-01
    outer loop
      vertex   -2.531933e+01 4.176578e+01 3.300795e+01
      vertex   -2.531371e+01 4.300000e+01 3.245164e+01
      vertex   -2.537639e+01 4.300000e+01 3.300795e+01
    endloop
  endfacet
  facet normal 9.429859e-01 4.359687e-02 3.299650e-01
    outer loop
      vertex   -2.531933e+01 4.176578e+01 3.300795e+01
      vertex   -2.537639e+01 4.300000e+01 3.300795e+01
      vertex   -2.556129e+01 4.300000e+01 3.353635e+01
    endloop
  endfacet
  facet normal 3.218121e-01 7.568952e-02 9.437733e-01
    outer loop
      vertex   -2.699762e+01 4.019646e+01 3.488896e+01
      vertex   -2.667496e+01 3.882461e+01 3.488896e+01
      vertex   -2.616673e+01 3.896922e+01 3.470407e+01
    endloop
  endfacet
  facet normal 3.134556e-01 1.050597e-01 9.437733e-01
    outer loop
      vertex   -2.616673e+01 3.896922e+01 3.470407e+01
      vertex   -2.667496e+01 3.882461e+01 3.488896e+01
      vertex   -2.573438e+01 3.767927e+01 3.470407e+01
    endloop
  endfacet
  facet normal 5.048380e-01 1.692047e-01 8.464682e-01
    outer loop
      vertex   -2.616673e+01 3.896922e+01 3.470407e+01
      vertex   -2.573438e+01 3.767927e+01 3.470407e+01
      vertex   -2.529238e+01 3.785051e+01 3.440622e+01
    endloop
  endfacet
  facet normal 4.870722e-01 2.150634e-01 8.464682e-01
    outer loop
      vertex   -2.529238e+01 3.785051e+01 3.440622e+01
      vertex   -2.573438e+01 3.767927e+01 3.470407e+01
      vertex   -2.476054e+01 3.664601e+01 3.440622e+01
    endloop
  endfacet
  facet normal 6.472021e-01 2.857677e-01 7.067292e-01
    outer loop
      vertex   -2.529238e+01 3.785051e+01 3.440622e+01
      vertex   -2.476054e+01 3.664601e+01 3.440622e+01
      vertex   -2.440618e+01 3.682245e+01 3.401037e+01
    endloop
  endfacet
  facet normal 6.180740e-01 3.442649e-01 7.067292e-01
    outer loop
      vertex   -2.440618e+01 3.682245e+01 3.401037e+01
      vertex   -2.476054e+01 3.664601e+01 3.440622e+01
      vertex   -2.378327e+01 3.570411e+01 3.401037e+01
    endloop
  endfacet
  facet normal 7.399406e-01 4.121442e-01 5.316249e-01
    outer loop
      vertex   -2.440618e+01 3.682245e+01 3.401037e+01
      vertex   -2.378327e+01 3.570411e+01 3.401037e+01
      vertex   -2.353004e+01 3.586090e+01 3.353635e+01
    endloop
  endfacet
  facet normal 6.987563e-01 4.786592e-01 5.316249e-01
    outer loop
      vertex   -2.353004e+01 3.586090e+01 3.353635e+01
      vertex   -2.378327e+01 3.570411e+01 3.401037e+01
      vertex   -2.282214e+01 3.482750e+01 3.353635e+01
    endloop
  endfacet
  facet normal 7.787920e-01 5.334849e-01 3.299650e-01
    outer loop
      vertex   -2.353004e+01 3.586090e+01 3.353635e+01
      vertex   -2.282214e+01 3.482750e+01 3.353635e+01
      vertex   -2.267459e+01 3.493892e+01 3.300795e+01
    endloop
  endfacet
  facet normal 7.262460e-01 6.030670e-01 3.299650e-01
    outer loop
      vertex   -2.267459e+01 3.493892e+01 3.300795e+01
      vertex   -2.282214e+01 3.482750e+01 3.353635e+01
      vertex   -2.188527e+01 3.398839e+01 3.300795e+01
    endloop
  endfacet
  facet normal 3.134556e-01 1.050597e-01 9.437733e-01
    outer loop
      vertex   -2.667496e+01 3.882461e+01 3.488896e+01
      vertex   -2.622711e+01 3.748839e+01 3.488896e+01
      vertex   -2.573438e+01 3.767927e+01 3.470407e+01
    endloop
  endfacet
  facet normal 3.024247e-01 1.335336e-01 9.437733e-01
    outer loop
      vertex   -2.573438e+01 3.767927e+01 3.470407e+01
      vertex   -2.622711e+01 3.748839e+01 3.488896e+01
      vertex   -2.518486e+01 3.643472e+01 3.470407e+01
    endloop
  endfacet
  facet normal 4.870722e-01 2.150634e-01 8.464682e-01
    outer loop
      vertex   -2.573438e+01 3.767927e+01 3.470407e+01
      vertex   -2.518486e+01 3.643472e+01 3.470407e+01
      vertex   -2.476054e+01 3.664601e+01 3.440622e+01
    endloop
  endfacet
  facet normal 4.651509e-01 2.590874e-01 8.464682e-01
    outer loop
      vertex   -2.476054e+01 3.664601e+01 3.440622e+01
      vertex   -2.518486e+01 3.643472e+01 3.470407e+01
      vertex   -2.411983e+01 3.549572e+01 3.440622e+01
    endloop
  endfacet
  facet normal 6.180740e-01 3.442649e-01 7.067292e-01
    outer loop
      vertex   -2.476054e+01 3.664601e+01 3.440622e+01
      vertex   -2.411983e+01 3.549572e+01 3.440622e+01
      vertex   -2.378327e+01 3.570411e+01 3.401037e+01
    endloop
  endfacet
  facet normal 5.836726e-01 3.998250e-01 7.067292e-01
    outer loop
      vertex   -2.378327e+01 3.570411e+01 3.401037e+01
      vertex   -2.411983e+01 3.549572e+01 3.440622e+01
      vertex   -2.305982e+01 3.464801e+01 3.401037e+01
    endloop
  endfacet
  facet normal 6.987563e-01 4.786592e-01 5.316249e-01
    outer loop
      vertex   -2.378327e+01 3.570411e+01 3.401037e+01
      vertex   -2.305982e+01 3.464801e+01 3.401037e+01
      vertex   -2.282214e+01 3.482750e+01 3.353635e+01
    endloop
  endfacet
  facet normal 6.516104e-01 5.410904e-01 5.316249e-01
    outer loop
      vertex   -2.282214e+01 3.482750e+01 3.353635e+01
      vertex   -2.305982e+01 3.464801e+01 3.401037e+01
      vertex   -2.202191e+01 3.386382e+01 3.353635e+01
    endloop
  endfacet
  facet normal 7.262460e-01 6.030670e-01 3.299650e-01
    outer loop
      vertex   -2.282214e+01 3.482750e+01 3.353635e+01
      vertex   -2.202191e+01 3.386382e+01 3.353635e+01
      vertex   -2.188527e+01 3.398839e+01 3.300795e+01
    endloop
  endfacet
  facet normal 6.675040e-01 6.675040e-01 3.299650e-01
    outer loop
      vertex   -2.188527e+01 3.398839e+01 3.300795e+01
      vertex   -2.202191e+01 3.386382e+01 3.353635e+01
      vertex   -2.101162e+01 3.311473e+01 3.300795e+01
    endloop
  endfacet
  facet normal 3.024247e-01 1.335336e-01 9.437733e-01
    outer loop
      vertex   -2.622711e+01 3.748839e+01 3.488896e+01
      vertex   -2.565787e+01 3.619919e+01 3.488896e+01
      vertex   -2.518486e+01 3.643472e+01 3.470407e+01
    endloop
  endfacet
  facet normal 2.888137e-01 1.608682e-01 9.437733e-01
    outer loop
      vertex   -2.518486e+01 3.643472e+01 3.470407e+01
      vertex   -2.565787e+01 3.619919e+01 3.488896e+01
      vertex   -2.452285e+01 3.524618e+01 3.470407e+01
    endloop
  endfacet
  facet normal 4.651509e-01 2.590874e-01 8.464682e-01
    outer loop
      vertex   -2.518486e+01 3.643472e+01 3.470407e+01
      vertex   -2.452285e+01 3.524618e+01 3.470407e+01
      vertex   -2.411983e+01 3.549572e+01 3.440622e+01
    endloop
  endfacet
  facet normal 4.392611e-01 3.009009e-01 8.464682e-01
    outer loop
      vertex   -2.411983e+01 3.549572e+01 3.440622e+01
      vertex   -2.452285e+01 3.524618e+01 3.470407e+01
      vertex   -2.337572e+01 3.440945e+01 3.440622e+01
    endloop
  endfacet
  facet normal 5.836726e-01 3.998250e-01 7.067292e-01
    outer loop
      vertex   -2.411983e+01 3.549572e+01 3.440622e+01
      vertex   -2.337572e+01 3.440945e+01 3.440622e+01
      vertex   -2.305982e+01 3.464801e+01 3.401037e+01
    endloop
  endfacet
  facet normal 5.442916e-01 4.519740e-01 7.067292e-01
    outer loop
      vertex   -2.305982e+01 3.464801e+01 3.401037e+01
      vertex   -2.337572e+01 3.440945e+01 3.440622e+01
      vertex   -2.224202e+01 3.366316e+01 3.401037e+01
    endloop
  endfacet
  facet normal 6.516104e-01 5.410904e-01 5.316249e-01
    outer loop
      vertex   -2.305982e+01 3.464801e+01 3.401037e+01
      vertex   -2.224202e+01 3.366316e+01 3.401037e+01
      vertex   -2.202191e+01 3.386382e+01 3.353635e+01
    endloop
  endfacet
  facet normal 5.989052e-01 5.989052e-01 5.316249e-01
    outer loop
      vertex   -2.202191e+01 3.386382e+01 3.353635e+01
      vertex   -2.224202e+01 3.366316e+01 3.401037e+01
      vertex   -2.113618e+01 3.297809e+01 3.353635e+01
    endloop
  endfacet
  facet normal 6.675040e-01 6.675040e-01 3.299650e-01
    outer loop
      vertex   -2.202191e+01 3.386382e+01 3.353635e+01
      vertex   -2.113618e+01 3.297809e+01 3.353635e+01
      vertex   -2.101162e+01 3.311473e+01 3.300795e+01
    endloop
  endfacet
  facet normal 6.030670e-01 7.262460e-01 3.299650e-01
    outer loop
      vertex   -2.101162e+01 3.311473e+01 3.300795e+01
      vertex   -2.113618e+01 3.297809e+01 3.353635e+01
      vertex   -2.006108e+01 3.232541e+01 3.300795e+01
    endloop
  endfacet
  facet normal 2.888137e-01 1.608682e-01 9.437733e-01
    outer loop
      vertex   -2.565787e+01 3.619919e+01 3.488896e+01
      vertex   -2.497211e+01 3.496801e+01 3.488896e+01
      vertex   -2.452285e+01 3.524618e+01 3.470407e+01
    endloop
  endfacet
  facet normal 2.727387e-01 1.868303e-01 9.437733e-01
    outer loop
      vertex   -2.452285e+01 3.524618e+01 3.470407e+01
      vertex   -2.497211e+01 3.496801e+01 3.488896e+01
      vertex   -2.375400e+01 3.412379e+01 3.470407e+01
    endloop
  endfacet
  facet normal 4.392611e-01 3.009009e-01 8.464682e-01
    outer loop
      vertex   -2.452285e+01 3.524618e+01 3.470407e+01
      vertex   -2.375400e+01 3.412379e+01 3.470407e+01
      vertex   -2.337572e+01 3.440945e+01 3.440622e+01
    endloop
  endfacet
  facet normal 4.096237e-01 3.401472e-01 8.464682e-01
    outer loop
      vertex   -2.337572e+01 3.440945e+01 3.440622e+01
      vertex   -2.375400e+01 3.412379e+01 3.470407e+01
      vertex   -2.253456e+01 3.339648e+01 3.440622e+01
    endloop
  endfacet
  facet normal 5.442916e-01 4.519740e-01 7.067292e-01
    outer loop
      vertex   -2.337572e+01 3.440945e+01 3.440622e+01
      vertex   -2.253456e+01 3.339648e+01 3.440622e+01
      vertex   -2.224202e+01 3.366316e+01 3.401037e+01
    endloop
  endfacet
  facet normal 5.002668e-01 5.002668e-01 7.067292e-01
    outer loop
      vertex   -2.224202e+01 3.366316e+01 3.401037e+01
      vertex   -2.253456e+01 3.339648e+01 3.440622e+01
      vertex   -2.133684e+01 3.275798e+01 3.401037e+01
    endloop
  endfacet
  facet normal 5.989052e-01 5.989052e-01 5.316249e-01
    outer loop
      vertex   -2.224202e+01 3.366316e+01 3.401037e+01
      vertex   -2.133684e+01 3.275798e+01 3.401037e+01
      vertex   -2.113618e+01 3.297809e+01 3.353635e+01
    endloop
  endfacet
  facet normal 5.410904e-01 6.516104e-01 5.316249e-01
    outer loop
      vertex   -2.113618e+01 3.297809e+01 3.353635e+01
      vertex   -2.133684e+01 3.275798e+01 3.401037e+01
      vertex   -2.017250e+01 3.217786e+01 3.353635e+01
    endloop
  endfacet
  facet normal 6.030670e-01 7.262460e-01 3.299650e-01
    outer loop
      vertex   -2.113618e+01 3.297809e+01 3.353635e+01
      vertex   -2.017250e+01 3.217786e+01 3.353635e+01
      vertex   -2.006108e+01 3.232541e+01 3.300795e+01
    endloop
  endfacet
  facet normal 5.334849e-01 7.787920e-01 3.299650e-01
    outer loop
      vertex   -2.006108e+01 3.232541e+01 3.300795e+01
      vertex   -2.017250e+01 3.217786e+01 3.353635e+01
      vertex   -1.904176e+01 3.162716e+01 3.300795e+01
    endloop
  endfacet
  facet normal 2.727387e-01 1.868303e-01 9.437733e-01
    outer loop
      vertex   -2.497211e+01 3.496801e+01 3.488896e+01
      vertex   -2.417567e+01 3.380536e+01 3.488896e+01
      vertex   -2.375400e+01 3.412379e+01 3.470407e+01
    endloop
  endfacet
  facet normal 2.543367e-01 2.111985e-01 9.437733e-01
    outer loop
      vertex   -2.375400e+01 3.412379e+01 3.470407e+01
      vertex   -2.417567e+01 3.380536e+01 3.488896e+01
      vertex   -2.288486e+01 3.307714e+01 3.470407e+01
    endloop
  endfacet
  facet normal 4.096237e-01 3.401472e-01 8.464682e-01
    outer loop
      vertex   -2.375400e+01 3.412379e+01 3.470407e+01
      vertex   -2.288486e+01 3.307714e+01 3.470407e+01
      vertex   -2.253456e+01 3.339648e+01 3.440622e+01
    endloop
  endfacet
  facet normal 3.764915e-01 3.764915e-01 8.464682e-01
    outer loop
      vertex   -2.253456e+01 3.339648e+01 3.440622e+01
      vertex   -2.288486e+01 3.307714e+01 3.470407e+01
      vertex   -2.160352e+01 3.246544e+01 3.440622e+01
    endloop
  endfacet
  facet normal 5.002668e-01 5.002668e-01 7.067292e-01
    outer loop
      vertex   -2.253456e+01 3.339648e+01 3.440622e+01
      vertex   -2.160352e+01 3.246544e+01 3.440622e+01
      vertex   -2.133684e+01 3.275798e+01 3.401037e+01
    endloop
  endfacet
  facet normal 4.519740e-01 5.442916e-01 7.067292e-01
    outer loop
      vertex   -2.133684e+01 3.275798e+01 3.401037e+01
      vertex   -2.160352e+01 3.246544e+01 3.440622e+01
      vertex   -2.035199e+01 3.194018e+01 3.401037e+01
    endloop
  endfacet
  facet normal 5.410904e-01 6.516104e-01 5.316249e-01
    outer loop
      vertex   -2.133684e+01 3.275798e+01 3.401037e+01
      vertex   -2.035199e+01 3.194018e+01 3.401037e+01
      vertex   -2.017250e+01 3.217786e+01 3.353635e+01
    endloop
  endfacet
  facet normal 4.786592e-01 6.987563e-01 5.316249e-01
    outer loop
      vertex   -2.017250e+01 3.217786e+01 3.353635e+01
      vertex   -2.035199e+01 3.194018e+01 3.401037e+01
      vertex   -1.913910e+01 3.146996e+01 3.353635e+01
    endloop
  endfacet
  facet normal 5.334849e-01 7.787920e-01 3.299650e-01
    outer loop
      vertex   -2.017250e+01 3.217786e+01 3.353635e+01
      vertex   -1.913910e+01 3.146996e+01 3.353635e+01
      vertex   -1.904176e+01 3.162716e+01 3.300795e+01
    endloop
  endfacet
  facet normal 4.593513e-01 8.246936e-01 3.299650e-01
    outer loop
      vertex   -1.904176e+01 3.162716e+01 3.300795e+01
      vertex   -1.913910e+01 3.146996e+01 3.353635e+01
      vertex   -1.796237e+01 3.102595e+01 3.300795e+01
    endloop
  endfacet
  facet normal 2.543367e-01 2.111985e-01 9.437733e-01
    outer loop
      vertex   -2.417567e+01 3.380536e+01 3.488896e+01
      vertex   -2.327536e+01 3.272115e+01 3.488896e+01
      vertex   -2.288486e+01 3.307714e+01 3.470407e+01
    endloop
  endfacet
  facet normal 2.337648e-01 2.337648e-01 9.437733e-01
    outer loop
      vertex   -2.288486e+01 3.307714e+01 3.470407e+01
      vertex   -2.327536e+01 3.272115e+01 3.488896e+01
      vertex   -2.192286e+01 3.211514e+01 3.470407e+01
    endloop
  endfacet
  facet normal 3.764915e-01 3.764915e-01 8.464682e-01
    outer loop
      vertex   -2.288486e+01 3.307714e+01 3.470407e+01
      vertex   -2.192286e+01 3.211514e+01 3.470407e+01
      vertex   -2.160352e+01 3.246544e+01 3.440622e+01
    endloop
  endfacet
  facet normal 3.401472e-01 4.096237e-01 8.464682e-01
    outer loop
      vertex   -2.160352e+01 3.246544e+01 3.440622e+01
      vertex   -2.192286e+01 3.211514e+01 3.470407e+01
      vertex   -2.059055e+01 3.162428e+01 3.440622e+01
    endloop
  endfacet
  facet normal 4.519740e-01 5.442916e-01 7.067292e-01
    outer loop
      vertex   -2.160352e+01 3.246544e+01 3.440622e+01
      vertex   -2.059055e+01 3.162428e+01 3.440622e+01
      vertex   -2.035199e+01 3.194018e+01 3.401037e+01
    endloop
  endfacet
  facet normal 3.998250e-01 5.836726e-01 7.067292e-01
    outer loop
      vertex   -2.035199e+01 3.194018e+01 3.401037e+01
      vertex   -2.059055e+01 3.162428e+01 3.440622e+01
      vertex   -1.929589e+01 3.121673e+01 3.401037e+01
    endloop
  endfacet
  facet normal 4.786592e-01 6.987563e-01 5.316249e-01
    outer loop
      vertex   -2.035199e+01 3.194018e+01 3.401037e+01
      vertex   -1.929589e+01 3.121673e+01 3.401037e+01
      vertex   -1.913910e+01 3.146996e+01 3.353635e+01
    endloop
  endfacet
  facet normal 4.121442e-01 7.399406e-01 5.316249e-01
    outer loop
      vertex   -1.913910e+01 3.146996e+01 3.353635e+01
      vertex   -1.929589e+01 3.121673e+01 3.401037e+01
      vertex   -1.804479e+01 3.086043e+01 3.353635e+01
    endloop
  endfacet
  facet normal 4.593513e-01 8.246936e-01 3.299650e-01
    outer loop
      vertex   -1.913910e+01 3.146996e+01 3.353635e+01
      vertex   -1.804479e+01 3.086043e+01 3.353635e+01
      vertex   -1.796237e+01 3.102595e+01 3.300795e+01
    endloop
  endfacet
  facet normal 3.812987e-01 8.635591e-01 3.299650e-01
    outer loop
      vertex   -1.796237e+01 3.102595e+01 3.300795e+01
      vertex   -1.804479e+01 3.086043e+01 3.353635e+01
      vertex   -1.683211e+01 3.052689e+01 3.300795e+01
    endloop
  endfacet
  facet normal 2.337648e-01 2.337648e-01 9.437733e-01
    outer loop
      vertex   -2.327536e+01 3.272115e+01 3.488896e+01
      vertex   -2.227885e+01 3.172464e+01 3.488896e+01
      vertex   -2.192286e+01 3.211514e+01 3.470407e+01
    endloop
  endfacet
  facet normal 2.111985e-01 2.543367e-01 9.437733e-01
    outer loop
      vertex   -2.192286e+01 3.211514e+01 3.470407e+01
      vertex   -2.227885e+01 3.172464e+01 3.488896e+01
      vertex   -2.087621e+01 3.124600e+01 3.470407e+01
    endloop
  endfacet
  facet normal 3.401472e-01 4.096237e-01 8.464682e-01
    outer loop
      vertex   -2.192286e+01 3.211514e+01 3.470407e+01
      vertex   -2.087621e+01 3.124600e+01 3.470407e+01
      vertex   -2.059055e+01 3.162428e+01 3.440622e+01
    endloop
  endfacet
  facet normal 3.009009e-01 4.392611e-01 8.464682e-01
    outer loop
      vertex   -2.059055e+01 3.162428e+01 3.440622e+01
      vertex   -2.087621e+01 3.124600e+01 3.470407e+01
      vertex   -1.950428e+01 3.088017e+01 3.440622e+01
    endloop
  endfacet
  facet normal 3.998250e-01 5.836726e-01 7.067292e-01
    outer loop
      vertex   -2.059055e+01 3.162428e+01 3.440622e+01
      vertex   -1.950428e+01 3.088017e+01 3.440622e+01
      vertex   -1.929589e+01 3.121673e+01 3.401037e+01
    endloop
  endfacet
  facet normal 3.442649e-01 6.180740e-01 7.067292e-01
    outer loop
      vertex   -1.929589e+01 3.121673e+01 3.401037e+01
      vertex   -1.950428e+01 3.088017e+01 3.440622e+01
      vertex   -1.817755e+01 3.059382e+01 3.401037e+01
    endloop
  endfacet
  facet normal 4.121442e-01 7.399406e-01 5.316249e-01
    outer loop
      vertex   -1.929589e+01 3.121673e+01 3.401037e+01
      vertex   -1.817755e+01 3.059382e+01 3.401037e+01
      vertex   -1.804479e+01 3.086043e+01 3.353635e+01
    endloop
  endfacet
  facet normal 3.421130e-01 7.748120e-01 5.316249e-01
    outer loop
      vertex   -1.804479e+01 3.086043e+01 3.353635e+01
      vertex   -1.817755e+01 3.059382e+01 3.401037e+01
      vertex   -1.689890e+01 3.035448e+01 3.353635e+01
    endloop
  endfacet
  facet normal 3.812987e-01 8.635591e-01 3.299650e-01
    outer loop
      vertex   -1.804479e+01 3.086043e+01 3.353635e+01
      vertex   -1.689890e+01 3.035448e+01 3.353635e+01
      vertex   -1.683211e+01 3.052689e+01 3.300795e+01
    endloop
  endfacet
  facet normal 2.999929e-01 8.950572e-01 3.299650e-01
    outer loop
      vertex   -1.683211e+01 3.052689e+01 3.300795e+01
      vertex   -1.689890e+01 3.035448e+01 3.353635e+01
      vertex   -1.566062e+01 3.013425e+01 3.300795e+01
    endloop
  endfacet
  facet normal -3.024247e-01 1.335336e-01 9.437733e-01
    outer loop
      vertex   1.657870e+00 3.619919e+01 3.488896e+01
      vertex   2.227108e+00 3.748839e+01 3.488896e+01
      vertex   1.734383e+00 3.767927e+01 3.470407e+01
    endloop
  endfacet
  facet normal -3.134556e-01 1.050597e-01 9.437733e-01
    outer loop
      vertex   1.734383e+00 3.767927e+01 3.470407e+01
      vertex   2.227108e+00 3.748839e+01 3.488896e+01
      vertex   2.166729e+00 3.896922e+01 3.470407e+01
    endloop
  endfacet
  facet normal -5.048380e-01 1.692047e-01 8.464682e-01
    outer loop
      vertex   1.734383e+00 3.767927e+01 3.470407e+01
      vertex   2.166729e+00 3.896922e+01 3.470407e+01
      vertex   1.710809e+00 3.909894e+01 3.440622e+01
    endloop
  endfacet
  facet normal -5.182967e-01 1.219023e-01 8.464682e-01
    outer loop
      vertex   1.710809e+00 3.909894e+01 3.440622e+01
      vertex   2.166729e+00 3.896922e+01 3.470407e+01
      vertex   2.012266e+00 4.038065e+01 3.440622e+01
    endloop
  endfacet
  facet normal -6.886920e-01 1.619789e-01 7.067292e-01
    outer loop
      vertex   1.710809e+00 3.909894e+01 3.440622e+01
      vertex   2.012266e+00 4.038065e+01 3.440622e+01
      vertex   1.623152e+00 4.045339e+01 3.401037e+01
    endloop
  endfacet
  facet normal -7.006997e-01 9.774343e-02 7.067292e-01
    outer loop
      vertex   1.623152e+00 4.045339e+01 3.401037e+01
      vertex   2.012266e+00 4.038065e+01 3.440622e+01
      vertex   1.800009e+00 4.172124e+01 3.401037e+01
    endloop
  endfacet
  facet normal -8.388577e-01 1.170157e-01 5.316249e-01
    outer loop
      vertex   1.623152e+00 4.045339e+01 3.401037e+01
      vertex   1.800009e+00 4.172124e+01 3.401037e+01
      vertex   1.503436e+00 4.174872e+01 3.353635e+01
    endloop
  endfacet
  facet normal -8.460762e-01 3.911646e-02 5.316249e-01
    outer loop
      vertex   1.503436e+00 4.174872e+01 3.353635e+01
      vertex   1.800009e+00 4.172124e+01 3.401037e+01
      vertex   1.561286e+00 4.300000e+01 3.353635e+01
    endloop
  endfacet
  facet normal -9.429859e-01 4.359687e-02 3.299650e-01
    outer loop
      vertex   1.503436e+00 4.174872e+01 3.353635e+01
      vertex   1.561286e+00 4.300000e+01 3.353635e+01
      vertex   1.376389e+00 4.300000e+01 3.300795e+01
    endloop
  endfacet
  facet normal -9.429859e-01 -4.359687e-02 3.299650e-01
    outer loop
      vertex   1.376389e+00 4.300000e+01 3.300795e+01
      vertex   1.561286e+00 4.300000e+01 3.353635e+01
      vertex   1.319327e+00 4.423422e+01 3.300795e+01
    endloop
  endfacet
  facet normal -3.134556e-01 1.050597e-01 9.437733e-01
    outer loop
      vertex   2.227108e+00 3.748839e+01 3.488896e+01
      vertex   2.674964e+00 3.882461e+01 3.488896e+01
      vertex   2.166729e+00 3.896922e+01 3.470407e+01
    endloop
  endfacet
  facet normal -3.218121e-01 7.568952e-02 9.437733e-01
    outer loop
      vertex   2.166729e+00 3.896922e+01 3.470407e+01
      vertex   2.674964e+00 3.882461e+01 3.488896e+01
      vertex   2.478210e+00 4.029355e+01 3.470407e+01
    endloop
  endfacet
  facet normal -5.182967e-01 1.219023e-01 8.464682e-01
    outer loop
      vertex   2.166729e+00 3.896922e+01 3.470407e+01
      vertex   2.478210e+00 4.029355e+01 3.470407e+01
      vertex   2.012266e+00 4.038065e+01 3.440622e+01
    endloop
  endfacet
  facet normal -5.273335e-01 7.355988e-02 8.464682e-01
    outer loop
      vertex   2.012266e+00 4.038065e+01 3.440622e+01
      vertex   2.478210e+00 4.029355e+01 3.470407e+01
      vertex   2.194175e+00 4.168472e+01 3.440622e+01
    endloop
  endfacet
  facet normal -7.006997e-01 9.774343e-02 7.067292e-01
    outer loop
      vertex   2.012266e+00 4.038065e+01 3.440622e+01
      vertex   2.194175e+00 4.168472e+01 3.440622e+01
      vertex   1.800009e+00 4.172124e+01 3.401037e+01
    endloop
  endfacet
  facet normal -7.067292e-01 3.267406e-02 7.067292e-01
    outer loop
      vertex   1.800009e+00 4.172124e+01 3.401037e+01
      vertex   2.194175e+00 4.168472e+01 3.440622e+01
      vertex   1.859130e+00 4.300000e+01 3.401037e+01
    endloop
  endfacet
  facet normal -8.460762e-01 3.911646e-02 5.316249e-01
    outer loop
      vertex   1.800009e+00 4.172124e+01 3.401037e+01
      vertex   1.859130e+00 4.300000e+01 3.401037e+01
      vertex   1.561286e+00 4.300000e+01 3.353635e+01
    endloop
  endfacet
  facet normal -8.460762e-01 -3.911646e-02 5.316249e-01
    outer loop
      vertex   1.561286e+00 4.300000e+01 3.353635e+01
      vertex   1.859130e+00 4.300000e+01 3.401037e+01
      vertex   1.503436e+00 4.425128e+01 3.353635e+01
    endloop
  endfacet
  facet normal -9.429859e-01 -4.359687e-02 3.299650e-01
    outer loop
      vertex   1.561286e+00 4.300000e+01 3.353635e+01
      vertex   1.503436e+00 4.425128e+01 3.353635e+01
      vertex   1.319327e+00 4.423422e+01 3.300795e+01
    endloop
  endfacet
  facet normal -9.349407e-01 -1.304187e-01 3.299650e-01
    outer loop
      vertex   1.319327e+00 4.423422e+01 3.300795e+01
      vertex   1.503436e+00 4.425128e+01 3.353635e+01
      vertex   1.148630e+00 4.545791e+01 3.300795e+01
    endloop
  endfacet
  facet normal -3.218121e-01 7.568952e-02 9.437733e-01
    outer loop
      vertex   2.674964e+00 3.882461e+01 3.488896e+01
      vertex   2.997620e+00 4.019646e+01 3.488896e+01
      vertex   2.478210e+00 4.029355e+01 3.470407e+01
    endloop
  endfacet
  facet normal -3.274231e-01 4.567357e-02 9.437733e-01
    outer loop
      vertex   2.478210e+00 4.029355e+01 3.470407e+01
      vertex   2.997620e+00 4.019646e+01 3.488896e+01
      vertex   2.666168e+00 4.164098e+01 3.470407e+01
    endloop
  endfacet
  facet normal -5.273335e-01 7.355988e-02 8.464682e-01
    outer loop
      vertex   2.478210e+00 4.029355e+01 3.470407e+01
      vertex   2.666168e+00 4.164098e+01 3.470407e+01
      vertex   2.194175e+00 4.168472e+01 3.440622e+01
    endloop
  endfacet
  facet normal -5.318712e-01 2.458989e-02 8.464682e-01
    outer loop
      vertex   2.194175e+00 4.168472e+01 3.440622e+01
      vertex   2.666168e+00 4.164098e+01 3.470407e+01
      vertex   2.254984e+00 4.300000e+01 3.440622e+01
    endloop
  endfacet
  facet normal -7.067292e-01 3.267406e-02 7.067292e-01
    outer loop
      vertex   2.194175e+00 4.168472e+01 3.440622e+01
      vertex   2.254984e+00 4.300000e+01 3.440622e+01
      vertex   1.859130e+00 4.300000e+01 3.401037e+01
    endloop
  endfacet
  facet normal -7.067292e-01 -3.267406e-02 7.067292e-01
    outer loop
      vertex   1.859130e+00 4.300000e+01 3.401037e+01
      vertex   2.254984e+00 4.300000e+01 3.440622e+01
      vertex   1.800009e+00 4.427876e+01 3.401037e+01
    endloop
  endfacet
  facet normal -8.460762e-01 -3.911646e-02 5.316249e-01
    outer loop
      vertex   1.859130e+00 4.300000e+01 3.401037e+01
      vertex   1.800009e+00 4.427876e+01 3.401037e+01
      vertex   1.503436e+00 4.425128e+01 3.353635e+01
    endloop
  endfacet
  facet normal -8.388577e-01 -1.170157e-01 5.316249e-01
    outer loop
      vertex   1.503436e+00 4.425128e+01 3.353635e+01
      vertex   1.800009e+00 4.427876e+01 3.401037e+01
      vertex   1.330380e+00 4.549188e+01 3.353635e+01
    endloop
  endfacet
  facet normal -9.349407e-01 -1.304187e-01 3.299650e-01
    outer loop
      vertex   1.503436e+00 4.425128e+01 3.353635e+01
      vertex   1.330380e+00 4.549188e+01 3.353635e+01
      vertex   1.148630e+00 4.545791e+01 3.300795e+01
    endloop
  endfacet
  facet normal -9.189189e-01 -2.161278e-01 3.299650e-01
    outer loop
      vertex   1.148630e+00 4.545791e+01 3.300795e+01
      vertex   1.330380e+00 4.549188e+01 3.353635e+01
      vertex   8.657537e-01 4.666062e+01 3.300795e+01
    endloop
  endfacet
  facet normal -3.274231e-01 4.567357e-02 9.437733e-01
    outer loop
      vertex   2.997620e+00 4.019646e+01 3.488896e+01
      vertex   3.192321e+00 4.159222e+01 3.488896e+01
      vertex   2.666168e+00 4.164098e+01 3.470407e+01
    endloop
  endfacet
  facet normal -3.302406e-01 1.526794e-02 9.437733e-01
    outer loop
      vertex   2.666168e+00 4.164098e+01 3.470407e+01
      vertex   3.192321e+00 4.159222e+01 3.488896e+01
      vertex   2.728999e+00 4.300000e+01 3.470407e+01
    endloop
  endfacet
  facet normal -5.318712e-01 2.458989e-02 8.464682e-01
    outer loop
      vertex   2.666168e+00 4.164098e+01 3.470407e+01
      vertex   2.728999e+00 4.300000e+01 3.470407e+01
      vertex   2.254984e+00 4.300000e+01 3.440622e+01
    endloop
  endfacet
  facet normal -5.318712e-01 -2.458989e-02 8.464682e-01
    outer loop
      vertex   2.254984e+00 4.300000e+01 3.440622e+01
      vertex   2.728999e+00 4.300000e+01 3.470407e+01
      vertex   2.194175e+00 4.431528e+01 3.440622e+01
    endloop
  endfacet
  facet normal -7.067292e-01 -3.267406e-02 7.067292e-01
    outer loop
      vertex   2.254984e+00 4.300000e+01 3.440622e+01
      vertex   2.194175e+00 4.431528e+01 3.440622e+01
      vertex   1.800009e+00 4.427876e+01 3.401037e+01
    endloop
  endfacet
  facet normal -7.006997e-01 -9.774343e-02 7.067292e-01
    outer loop
      vertex   1.800009e+00 4.427876e+01 3.401037e+01
      vertex   2.194175e+00 4.431528e+01 3.440622e+01
      vertex   1.623152e+00 4.554661e+01 3.401037e+01
    endloop
  endfacet
  facet normal -8.388577e-01 -1.170157e-01 5.316249e-01
    outer loop
      vertex   1.800009e+00 4.427876e+01 3.401037e+01
      vertex   1.623152e+00 4.554661e+01 3.401037e+01
      vertex   1.330380e+00 4.549188e+01 3.353635e+01
    endloop
  endfacet
  facet normal -8.244825e-01 -1.939165e-01 5.316249e-01
    outer loop
      vertex   1.330380e+00 4.549188e+01 3.353635e+01
      vertex   1.623152e+00 4.554661e+01 3.401037e+01
      vertex   1.043593e+00 4.671122e+01 3.353635e+01
    endloop
  endfacet
  facet normal -9.189189e-01 -2.161278e-01 3.299650e-01
    outer loop
      vertex   1.330380e+00 4.549188e+01 3.353635e+01
      vertex   1.043593e+00 4.671122e+01 3.353635e+01
      vertex   8.657537e-01 4.666062e+01 3.300795e+01
    endloop
  endfacet
  facet normal -8.950572e-01 -2.999929e-01 3.299650e-01
    outer loop
      vertex   8.657537e-01 4.666062e+01 3.300795e+01
      vertex   1.043593e+00 4.671122e+01 3.353635e+01
      vertex   4.731110e-01 4.783211e+01 3.300795e+01
    endloop
  endfacet
  facet normal -3.302406e-01 1.526794e-02 9.437733e-01
    outer loop
      vertex   3.192321e+00 4.159222e+01 3.488896e+01
      vertex   3.257406e+00 4.300000e+01 3.488896e+01
      vertex   2.728999e+00 4.300000e+01 3.470407e+01
    endloop
  endfacet
  facet normal -3.302406e-01 -1.526794e-02 9.437733e-01
    outer loop
      vertex   2.728999e+00 4.300000e+01 3.470407e+01
      vertex   3.257406e+00 4.300000e+01 3.488896e+01
      vertex   2.666168e+00 4.435902e+01 3.470407e+01
    endloop
  endfacet
  facet normal -5.318712e-01 -2.458989e-02 8.464682e-01
    outer loop
      vertex   2.728999e+00 4.300000e+01 3.470407e+01
      vertex   2.666168e+00 4.435902e+01 3.470407e+01
      vertex   2.194175e+00 4.431528e+01 3.440622e+01
    endloop
  endfacet
  facet normal -5.273335e-01 -7.355988e-02 8.464682e-01
    outer loop
      vertex   2.194175e+00 4.431528e+01 3.440622e+01
      vertex   2.666168e+00 4.435902e+01 3.470407e+01
      vertex   2.012266e+00 4.561935e+01 3.440622e+01
    endloop
  endfacet
  facet normal -7.006997e-01 -9.774343e-02 7.067292e-01
    outer loop
      vertex   2.194175e+00 4.431528e+01 3.440622e+01
      vertex   2.012266e+00 4.561935e+01 3.440622e+01
      vertex   1.623152e+00 4.554661e+01 3.401037e+01
    endloop
  endfacet
  facet normal -6.886920e-01 -1.619789e-01 7.067292e-01
    outer loop
      vertex   1.623152e+00 4.554661e+01 3.401037e+01
      vertex   2.012266e+00 4.561935e+01 3.440622e+01
      vertex   1.330066e+00 4.679273e+01 3.401037e+01
    endloop
  endfacet
  facet normal -8.244825e-01 -1.939165e-01 5.316249e-01
    outer loop
      vertex   1.623152e+00 4.554661e+01 3.401037e+01
      vertex   1.330066e+00 4.679273e+01 3.401037e+01
      vertex   1.043593e+00 4.671122e+01 3.353635e+01
    endloop
  endfacet
  facet normal -8.030730e-01 -2.691629e-01 5.316249e-01
    outer loop
      vertex   1.043593e+00 4.671122e+01 3.353635e+01
      vertex   1.330066e+00 4.679273e+01 3.401037e+01
      vertex   6.455229e-01 4.789890e+01 3.353635e+01
    endloop
  endfacet
  facet normal -8.950572e-01 -2.999929e-01 3.299650e-01
    outer loop
      vertex   1.043593e+00 4.671122e+01 3.353635e+01
      vertex   6.455229e-01 4.789890e+01 3.353635e+01
      vertex   4.731110e-01 4.783211e+01 3.300795e+01
    endloop
  endfacet
  facet normal -8.635591e-01 -3.812987e-01 3.299650e-01
    outer loop
      vertex   4.731110e-01 4.783211e+01 3.300795e+01
      vertex   6.455229e-01 4.789890e+01 3.353635e+01
      vertex   -2.594788e-02 4.896237e+01 3.300795e+01
    endloop
  endfacet
  facet normal -3.302406e-01 -1.526794e-02 9.437733e-01
    outer loop
      vertex   3.257406e+00 4.300000e+01 3.488896e+01
      vertex   3.192321e+00 4.440778e+01 3.488896e+01
      vertex   2.666168e+00 4.435902e+01 3.470407e+01
    endloop
  endfacet
  facet normal -3.274231e-01 -4.567357e-02 9.437733e-01
    outer loop
      vertex   2.666168e+00 4.435902e+01 3.470407e+01
      vertex   3.192321e+00 4.440778e+01 3.488896e+01
      vertex   2.478210e+00 4.570645e+01 3.470407e+01
    endloop
  endfacet
  facet normal -5.273335e-01 -7.355988e-02 8.464682e-01
    outer loop
      vertex   2.666168e+00 4.435902e+01 3.470407e+01
      vertex   2.478210e+00 4.570645e+01 3.470407e+01
      vertex   2.012266e+00 4.561935e+01 3.440622e+01
    endloop
  endfacet
  facet normal -5.182967e-01 -1.219023e-01 8.464682e-01
    outer loop
      vertex   2.012266e+00 4.561935e+01 3.440622e+01
      vertex   2.478210e+00 4.570645e+01 3.470407e+01
      vertex   1.710809e+00 4.690106e+01 3.440622e+01
    endloop
  endfacet
  facet normal -6.886920e-01 -1.619789e-01 7.067292e-01
    outer loop
      vertex   2.012266e+00 4.561935e+01 3.440622e+01
      vertex   1.710809e+00 4.690106e+01 3.440622e+01
      vertex   1.330066e+00 4.679273e+01 3.401037e+01
    endloop
  endfacet
  facet normal -6.708086e-01 -2.248324e-01 7.067292e-01
    outer loop
      vertex   1.330066e+00 4.679273e+01 3.401037e+01
      vertex   1.710809e+00 4.690106e+01 3.440622e+01
      vertex   9.232536e-01 4.800650e+01 3.401037e+01
    endloop
  endfacet
  facet normal -8.030730e-01 -2.691629e-01 5.316249e-01
    outer loop
      vertex   1.330066e+00 4.679273e+01 3.401037e+01
      vertex   9.232536e-01 4.800650e+01 3.401037e+01
      vertex   6.455229e-01 4.789890e+01 3.353635e+01
    endloop
  endfacet
  facet normal -7.748120e-01 -3.421130e-01 5.316249e-01
    outer loop
      vertex   6.455229e-01 4.789890e+01 3.353635e+01
      vertex   9.232536e-01 4.800650e+01 3.401037e+01
      vertex   1.395657e-01 4.904479e+01 3.353635e+01
    endloop
  endfacet
  facet normal -8.635591e-01 -3.812987e-01 3.299650e-01
    outer loop
      vertex   6.455229e-01 4.789890e+01 3.353635e+01
      vertex   1.395657e-01 4.904479e+01 3.353635e+01
      vertex   -2.594788e-02 4.896237e+01 3.300795e+01
    endloop
  endfacet
  facet normal -8.246936e-01 -4.593513e-01 3.299650e-01
    outer loop
      vertex   -2.594788e-02 4.896237e+01 3.300795e+01
      vertex   1.395657e-01 4.904479e+01 3.353635e+01
      vertex   -6.271651e-01 5.004176e+01 3.300795e+01
    endloop
  endfacet
  facet normal -3.274231e-01 -4.567357e-02 9.437733e-01
    outer loop
      vertex   3.192321e+00 4.440778e+01 3.488896e+01
      vertex   2.997620e+00 4.580354e+01 3.488896e+01
      vertex   2.478210e+00 4.570645e+01 3.470407e+01
    endloop
  endfacet
  facet normal -3.218121e-01 -7.568952e-02 9.437733e-01
    outer loop
      vertex   2.478210e+00 4.570645e+01 3.470407e+01
      vertex   2.997620e+00 4.580354e+01 3.488896e+01
      vertex   2.166729e+00 4.703078e+01 3.470407e+01
    endloop
  endfacet
  facet normal -5.182967e-01 -1.219023e-01 8.464682e-01
    outer loop
      vertex   2.478210e+00 4.570645e+01 3.470407e+01
      vertex   2.166729e+00 4.703078e+01 3.470407e+01
      vertex   1.710809e+00 4.690106e+01 3.440622e+01
    endloop
  endfacet
  facet normal -5.048380e-01 -1.692047e-01 8.464682e-01
    outer loop
      vertex   1.710809e+00 4.690106e+01 3.440622e+01
      vertex   2.166729e+00 4.703078e+01 3.470407e+01
      vertex   1.292377e+00 4.814949e+01 3.440622e+01
    endloop
  endfacet
  facet normal -6.708086e-01 -2.248324e-01 7.067292e-01
    outer loop
      vertex   1.710809e+00 4.690106e+01 3.440622e+01
      vertex   1.292377e+00 4.814949e+01 3.440622e+01
      vertex   9.232536e-01 4.800650e+01 3.401037e+01
    endloop
  endfacet
  facet normal -6.472021e-01 -2.857677e-01 7.067292e-01
    outer loop
      vertex   9.232536e-01 4.800650e+01 3.401037e+01
      vertex   1.292377e+00 4.814949e+01 3.440622e+01
      vertex   4.061842e-01 4.917755e+01 3.401037e+01
    endloop
  endfacet
  facet normal -7.748120e-01 -3.421130e-01 5.316249e-01
    outer loop
      vertex   9.232536e-01 4.800650e+01 3.401037e+01
      vertex   4.061842e-01 4.917755e+01 3.401037e+01
      vertex   1.395657e-01 4.904479e+01 3.353635e+01
    endloop
  endfacet
  facet normal -7.399406e-01 -4.121442e-01 5.316249e-01
    outer loop
      vertex   1.395657e-01 4.904479e+01 3.353635e+01
      vertex   4.061842e-01 4.917755e+01 3.401037e+01
      vertex   -4.699620e-01 5.013910e+01 3.353635e+01
    endloop
  endfacet
  facet normal -8.246936e-01 -4.593513e-01 3.299650e-01
    outer loop
      vertex   1.395657e-01 4.904479e+01 3.353635e+01
      vertex   -4.699620e-01 5.013910e+01 3.353635e+01
      vertex   -6.271651e-01 5.004176e+01 3.300795e+01
    endloop
  endfacet
  facet normal -7.787920e-01 -5.334849e-01 3.299650e-01
    outer loop
      vertex   -6.271651e-01 5.004176e+01 3.300795e+01
      vertex   -4.699620e-01 5.013910e+01 3.353635e+01
      vertex   -1.325411e+00 5.106108e+01 3.300795e+01
    endloop
  endfacet
  facet normal -4.567357e-02 -3.274231e-01 9.437733e-01
    outer loop
      vertex   -9.196459e+00 5.799762e+01 3.488896e+01
      vertex   -1.064098e+01 5.766617e+01 3.470407e+01
      vertex   -9.293554e+00 5.747821e+01 3.470407e+01
    endloop
  endfacet
  facet normal -7.355988e-02 -5.273335e-01 8.464682e-01
    outer loop
      vertex   -9.293554e+00 5.747821e+01 3.470407e+01
      vertex   -1.064098e+01 5.766617e+01 3.470407e+01
      vertex   -1.068472e+01 5.719417e+01 3.440622e+01
    endloop
  endfacet
  facet normal -7.355988e-02 -5.273335e-01 8.464682e-01
    outer loop
      vertex   -9.293554e+00 5.747821e+01 3.470407e+01
      vertex   -1.068472e+01 5.719417e+01 3.440622e+01
      vertex   -9.380654e+00 5.701227e+01 3.440622e+01
    endloop
  endfacet
  facet normal -9.774343e-02 -7.006997e-01 7.067292e-01
    outer loop
      vertex   -9.380654e+00 5.701227e+01 3.440622e+01
      vertex   -1.068472e+01 5.719417e+01 3.440622e+01
      vertex   -1.072124e+01 5.680001e+01 3.401037e+01
    endloop
  endfacet
  facet normal -9.774343e-02 -7.006997e-01 7.067292e-01
    outer loop
      vertex   -9.380654e+00 5.701227e+01 3.440622e+01
      vertex   -1.072124e+01 5.680001e+01 3.401037e+01
      vertex   -9.453392e+00 5.662315e+01 3.401037e+01
    endloop
  endfacet
  facet normal -1.170157e-01 -8.388577e-01 5.316249e-01
    outer loop
      vertex   -9.453392e+00 5.662315e+01 3.401037e+01
      vertex   -1.072124e+01 5.680001e+01 3.401037e+01
      vertex   -1.074872e+01 5.650344e+01 3.353635e+01
    endloop
  endfacet
  facet normal -1.170157e-01 -8.388577e-01 5.316249e-01
    outer loop
      vertex   -9.453392e+00 5.662315e+01 3.401037e+01
      vertex   -1.074872e+01 5.650344e+01 3.353635e+01
      vertex   -9.508120e+00 5.633038e+01 3.353635e+01
    endloop
  endfacet
  facet normal -1.304187e-01 -9.349407e-01 3.299650e-01
    outer loop
      vertex   -9.508120e+00 5.633038e+01 3.353635e+01
      vertex   -1.074872e+01 5.650344e+01 3.353635e+01
      vertex   -1.076578e+01 5.631933e+01 3.300795e+01
    endloop
  endfacet
  facet normal -1.304187e-01 -9.349407e-01 3.299650e-01
    outer loop
      vertex   -9.508120e+00 5.633038e+01 3.353635e+01
      vertex   -1.076578e+01 5.631933e+01 3.300795e+01
      vertex   -9.542095e+00 5.614863e+01 3.300795e+01
    endloop
  endfacet
  facet normal -2.458989e-02 -5.318712e-01 8.464682e-01
    outer loop
      vertex   -1.064098e+01 5.766617e+01 3.470407e+01
      vertex   -1.200000e+01 5.725498e+01 3.440622e+01
      vertex   -1.068472e+01 5.719417e+01 3.440622e+01
    endloop
  endfacet
  facet normal -3.267406e-02 -7.067292e-01 7.067292e-01
    outer loop
      vertex   -1.068472e+01 5.719417e+01 3.440622e+01
      vertex   -1.200000e+01 5.725498e+01 3.440622e+01
      vertex   -1.200000e+01 5.685913e+01 3.401037e+01
    endloop
  endfacet
  facet normal -3.267406e-02 -7.067292e-01 7.067292e-01
    outer loop
      vertex   -1.068472e+01 5.719417e+01 3.440622e+01
      vertex   -1.200000e+01 5.685913e+01 3.401037e+01
      vertex   -1.072124e+01 5.680001e+01 3.401037e+01
    endloop
  endfacet
  facet normal -3.911646e-02 -8.460762e-01 5.316249e-01
    outer loop
      vertex   -1.072124e+01 5.680001e+01 3.401037e+01
      vertex   -1.200000e+01 5.685913e+01 3.401037e+01
      vertex   -1.200000e+01 5.656129e+01 3.353635e+01
    endloop
  endfacet
  facet normal -3.911646e-02 -8.460762e-01 5.316249e-01
    outer loop
      vertex   -1.072124e+01 5.680001e+01 3.401037e+01
      vertex   -1.200000e+01 5.656129e+01 3.353635e+01
      vertex   -1.074872e+01 5.650344e+01 3.353635e+01
    endloop
  endfacet
  facet normal -4.359687e-02 -9.429859e-01 3.299650e-01
    outer loop
      vertex   -1.074872e+01 5.650344e+01 3.353635e+01
      vertex   -1.200000e+01 5.656129e+01 3.353635e+01
      vertex   -1.200000e+01 5.637639e+01 3.300795e+01
    endloop
  endfacet
  facet normal -4.359687e-02 -9.429859e-01 3.299650e-01
    outer loop
      vertex   -1.074872e+01 5.650344e+01 3.353635e+01
      vertex   -1.200000e+01 5.637639e+01 3.300795e+01
      vertex   -1.076578e+01 5.631933e+01 3.300795e+01
    endloop
  endfacet
  facet normal 3.267406e-02 -7.067292e-01 7.067292e-01
    outer loop
      vertex   -1.200000e+01 5.725498e+01 3.440622e+01
      vertex   -1.327876e+01 5.680001e+01 3.401037e+01
      vertex   -1.200000e+01 5.685913e+01 3.401037e+01
    endloop
  endfacet
  facet normal 3.911646e-02 -8.460762e-01 5.316249e-01
    outer loop
      vertex   -1.200000e+01 5.685913e+01 3.401037e+01
      vertex   -1.327876e+01 5.680001e+01 3.401037e+01
      vertex   -1.325128e+01 5.650344e+01 3.353635e+01
    endloop
  endfacet
  facet normal 3.911646e-02 -8.460762e-01 5.316249e-01
    outer loop
      vertex   -1.200000e+01 5.685913e+01 3.401037e+01
      vertex   -1.325128e+01 5.650344e+01 3.353635e+01
      vertex   -1.200000e+01 5.656129e+01 3.353635e+01
    endloop
  endfacet
  facet normal 4.359687e-02 -9.429859e-01 3.299650e-01
    outer loop
      vertex   -1.200000e+01 5.656129e+01 3.353635e+01
      vertex   -1.325128e+01 5.650344e+01 3.353635e+01
      vertex   -1.323422e+01 5.631933e+01 3.300795e+01
    endloop
  endfacet
  facet normal 4.359687e-02 -9.429859e-01 3.299650e-01
    outer loop
      vertex   -1.200000e+01 5.656129e+01 3.353635e+01
      vertex   -1.323422e+01 5.631933e+01 3.300795e+01
      vertex   -1.200000e+01 5.637639e+01 3.300795e+01
    endloop
  endfacet
  facet normal 1.304187e-01 -9.349407e-01 3.299650e-01
    outer loop
      vertex   -1.445791e+01 5.614863e+01 3.300795e+01
      vertex   -1.323422e+01 5.631933e+01 3.300795e+01
      vertex   -1.325128e+01 5.650344e+01 3.353635e+01
    endloop
  endfacet
  facet normal 1.304187e-01 -9.349407e-01 3.299650e-01
    outer loop
      vertex   -1.445791e+01 5.614863e+01 3.300795e+01
      vertex   -1.325128e+01 5.650344e+01 3.353635e+01
      vertex   -1.449188e+01 5.633038e+01 3.353635e+01
    endloop
  endfacet
  facet normal 1.170157e-01 -8.388577e-01 5.316249e-01
    outer loop
      vertex   -1.449188e+01 5.633038e+01 3.353635e+01
      vertex   -1.325128e+01 5.650344e+01 3.353635e+01
      vertex   -1.327876e+01 5.680001e+01 3.401037e+01
    endloop
  endfacet
  facet normal 2.161278e-01 -9.189189e-01 3.299650e-01
    outer loop
      vertex   -1.566062e+01 5.586575e+01 3.300795e+01
      vertex   -1.445791e+01 5.614863e+01 3.300795e+01
      vertex   -1.449188e+01 5.633038e+01 3.353635e+01
    endloop
  endfacet
  facet normal 2.888137e-01 -1.608682e-01 9.437733e-01
    outer loop
      vertex   -2.452285e+01 5.075382e+01 3.470407e+01
      vertex   -2.497211e+01 5.103199e+01 3.488896e+01
      vertex   -2.518486e+01 4.956528e+01 3.470407e+01
    endloop
  endfacet
  facet normal 2.888137e-01 -1.608682e-01 9.437733e-01
    outer loop
      vertex   -2.518486e+01 4.956528e+01 3.470407e+01
      vertex   -2.497211e+01 5.103199e+01 3.488896e+01
      vertex   -2.565787e+01 4.980081e+01 3.488896e+01
    endloop
  endfacet
  facet normal 3.024247e-01 -1.335336e-01 9.437733e-01
    outer loop
      vertex   -2.518486e+01 4.956528e+01 3.470407e+01
      vertex   -2.565787e+01 4.980081e+01 3.488896e+01
      vertex   -2.573438e+01 4.832073e+01 3.470407e+01
    endloop
  endfacet
  facet normal 3.024247e-01 -1.335336e-01 9.437733e-01
    outer loop
      vertex   -2.573438e+01 4.832073e+01 3.470407e+01
      vertex   -2.565787e+01 4.980081e+01 3.488896e+01
      vertex   -2.622711e+01 4.851161e+01 3.488896e+01
    endloop
  endfacet
  facet normal 3.134556e-01 -1.050597e-01 9.437733e-01
    outer loop
      vertex   -2.573438e+01 4.832073e+01 3.470407e+01
      vertex   -2.622711e+01 4.851161e+01 3.488896e+01
      vertex   -2.616673e+01 4.703078e+01 3.470407e+01
    endloop
  endfacet
  facet normal 3.134556e-01 -1.050597e-01 9.437733e-01
    outer loop
      vertex   -2.616673e+01 4.703078e+01 3.470407e+01
      vertex   -2.622711e+01 4.851161e+01 3.488896e+01
      vertex   -2.667496e+01 4.717539e+01 3.488896e+01
    endloop
  endfacet
  facet normal 3.218121e-01 -7.568952e-02 9.437733e-01
    outer loop
      vertex   -2.616673e+01 4.703078e+01 3.470407e+01
      vertex   -2.667496e+01 4.717539e+01 3.488896e+01
      vertex   -2.647821e+01 4.570645e+01 3.470407e+01
    endloop
  endfacet
  facet normal 3.218121e-01 -7.568952e-02 9.437733e-01
    outer loop
      vertex   -2.647821e+01 4.570645e+01 3.470407e+01
      vertex   -2.667496e+01 4.717539e+01 3.488896e+01
      vertex   -2.699762e+01 4.580354e+01 3.488896e+01
    endloop
  endfacet
  facet normal 3.274231e-01 -4.567357e-02 9.437733e-01
    outer loop
      vertex   -2.647821e+01 4.570645e+01 3.470407e+01
      vertex   -2.699762e+01 4.580354e+01 3.488896e+01
      vertex   -2.666617e+01 4.435902e+01 3.470407e+01
    endloop
  endfacet
  facet normal 3.274231e-01 -4.567357e-02 9.437733e-01
    outer loop
      vertex   -2.666617e+01 4.435902e+01 3.470407e+01
      vertex   -2.699762e+01 4.580354e+01 3.488896e+01
      vertex   -2.719232e+01 4.440778e+01 3.488896e+01
    endloop
  endfacet
  facet normal 4.651509e-01 -2.590874e-01 8.464682e-01
    outer loop
      vertex   -2.411983e+01 5.050428e+01 3.440622e+01
      vertex   -2.452285e+01 5.075382e+01 3.470407e+01
      vertex   -2.476054e+01 4.935399e+01 3.440622e+01
    endloop
  endfacet
  facet normal 4.651509e-01 -2.590874e-01 8.464682e-01
    outer loop
      vertex   -2.476054e+01 4.935399e+01 3.440622e+01
      vertex   -2.452285e+01 5.075382e+01 3.470407e+01
      vertex   -2.518486e+01 4.956528e+01 3.470407e+01
    endloop
  endfacet
  facet normal 4.870722e-01 -2.150634e-01 8.464682e-01
    outer loop
      vertex   -2.476054e+01 4.935399e+01 3.440622e+01
      vertex   -2.518486e+01 4.956528e+01 3.470407e+01
      vertex   -2.529238e+01 4.814949e+01 3.440622e+01
    endloop
  endfacet
  facet normal 4.870722e-01 -2.150634e-01 8.464682e-01
    outer loop
      vertex   -2.529238e+01 4.814949e+01 3.440622e+01
      vertex   -2.518486e+01 4.956528e+01 3.470407e+01
      vertex   -2.573438e+01 4.832073e+01 3.470407e+01
    endloop
  endfacet
  facet normal 5.048380e-01 -1.692047e-01 8.464682e-01
    outer loop
      vertex   -2.529238e+01 4.814949e+01 3.440622e+01
      vertex   -2.573438e+01 4.832073e+01 3.470407e+01
      vertex   -2.571081e+01 4.690106e+01 3.440622e+01
    endloop
  endfacet
  facet normal 5.048380e-01 -1.692047e-01 8.464682e-01
    outer loop
      vertex   -2.571081e+01 4.690106e+01 3.440622e+01
      vertex   -2.573438e+01 4.832073e+01 3.470407e+01
      vertex   -2.616673e+01 4.703078e+01 3.470407e+01
    endloop
  endfacet
  facet normal 5.182967e-01 -1.219023e-01 8.464682e-01
    outer loop
      vertex   -2.571081e+01 4.690106e+01 3.440622e+01
      vertex   -2.616673e+01 4.703078e+01 3.470407e+01
      vertex   -2.601227e+01 4.561935e+01 3.440622e+01
    endloop
  endfacet
  facet normal 5.182967e-01 -1.219023e-01 8.464682e-01
    outer loop
      vertex   -2.601227e+01 4.561935e+01 3.440622e+01
      vertex   -2.616673e+01 4.703078e+01 3.470407e+01
      vertex   -2.647821e+01 4.570645e+01 3.470407e+01
    endloop
  endfacet
  facet normal 5.273335e-01 -7.355988e-02 8.464682e-01
    outer loop
      vertex   -2.601227e+01 4.561935e+01 3.440622e+01
      vertex   -2.647821e+01 4.570645e+01 3.470407e+01
      vertex   -2.619418e+01 4.431528e+01 3.440622e+01
    endloop
  endfacet
  facet normal 5.273335e-01 -7.355988e-02 8.464682e-01
    outer loop
      vertex   -2.619418e+01 4.431528e+01 3.440622e+01
      vertex   -2.647821e+01 4.570645e+01 3.470407e+01
      vertex   -2.666617e+01 4.435902e+01 3.470407e+01
    endloop
  endfacet
  facet normal 6.180740e-01 -3.442649e-01 7.067292e-01
    outer loop
      vertex   -2.378327e+01 5.029589e+01 3.401037e+01
      vertex   -2.411983e+01 5.050428e+01 3.440622e+01
      vertex   -2.440618e+01 4.917755e+01 3.401037e+01
    endloop
  endfacet
  facet normal 6.180740e-01 -3.442649e-01 7.067292e-01
    outer loop
      vertex   -2.440618e+01 4.917755e+01 3.401037e+01
      vertex   -2.411983e+01 5.050428e+01 3.440622e+01
      vertex   -2.476054e+01 4.935399e+01 3.440622e+01
    endloop
  endfacet
  facet normal 6.472021e-01 -2.857677e-01 7.067292e-01
    outer loop
      vertex   -2.440618e+01 4.917755e+01 3.401037e+01
      vertex   -2.476054e+01 4.935399e+01 3.440622e+01
      vertex   -2.492325e+01 4.800650e+01 3.401037e+01
    endloop
  endfacet
  facet normal 6.472021e-01 -2.857677e-01 7.067292e-01
    outer loop
      vertex   -2.492325e+01 4.800650e+01 3.401037e+01
      vertex   -2.476054e+01 4.935399e+01 3.440622e+01
      vertex   -2.529238e+01 4.814949e+01 3.440622e+01
    endloop
  endfacet
  facet normal 6.708086e-01 -2.248324e-01 7.067292e-01
    outer loop
      vertex   -2.492325e+01 4.800650e+01 3.401037e+01
      vertex   -2.529238e+01 4.814949e+01 3.440622e+01
      vertex   -2.533007e+01 4.679273e+01 3.401037e+01
    endloop
  endfacet
  facet normal 6.708086e-01 -2.248324e-01 7.067292e-01
    outer loop
      vertex   -2.533007e+01 4.679273e+01 3.401037e+01
      vertex   -2.529238e+01 4.814949e+01 3.440622e+01
      vertex   -2.571081e+01 4.690106e+01 3.440622e+01
    endloop
  endfacet
  facet normal 6.886920e-01 -1.619789e-01 7.067292e-01
    outer loop
      vertex   -2.533007e+01 4.679273e+01 3.401037e+01
      vertex   -2.571081e+01 4.690106e+01 3.440622e+01
      vertex   -2.562315e+01 4.554661e+01 3.401037e+01
    endloop
  endfacet
  facet normal 6.886920e-01 -1.619789e-01 7.067292e-01
    outer loop
      vertex   -2.562315e+01 4.554661e+01 3.401037e+01
      vertex   -2.571081e+01 4.690106e+01 3.440622e+01
      vertex   -2.601227e+01 4.561935e+01 3.440622e+01
    endloop
  endfacet
  facet normal 7.006997e-01 -9.774343e-02 7.067292e-01
    outer loop
      vertex   -2.562315e+01 4.554661e+01 3.401037e+01
      vertex   -2.601227e+01 4.561935e+01 3.440622e+01
      vertex   -2.580001e+01 4.427876e+01 3.401037e+01
    endloop
  endfacet
  facet normal 7.006997e-01 -9.774343e-02 7.067292e-01
    outer loop
      vertex   -2.580001e+01 4.427876e+01 3.401037e+01
      vertex   -2.601227e+01 4.561935e+01 3.440622e+01
      vertex   -2.619418e+01 4.431528e+01 3.440622e+01
    endloop
  endfacet
  facet normal 8.246936e-01 -4.593513e-01 3.299650e-01
    outer loop
      vertex   -2.397405e+01 4.896237e+01 3.300795e+01
      vertex   -2.337284e+01 5.004176e+01 3.300795e+01
      vertex   -2.353004e+01 5.013910e+01 3.353635e+01
    endloop
  endfacet
  facet normal 7.399406e-01 -4.121442e-01 5.316249e-01
    outer loop
      vertex   -2.353004e+01 5.013910e+01 3.353635e+01
      vertex   -2.378327e+01 5.029589e+01 3.401037e+01
      vertex   -2.413957e+01 4.904479e+01 3.353635e+01
    endloop
  endfacet
  facet normal 7.399406e-01 -4.121442e-01 5.316249e-01
    outer loop
      vertex   -2.413957e+01 4.904479e+01 3.353635e+01
      vertex   -2.378327e+01 5.029589e+01 3.401037e+01
      vertex   -2.440618e+01 4.917755e+01 3.401037e+01
    endloop
  endfacet
  facet normal 7.748120e-01 -3.421130e-01 5.316249e-01
    outer loop
      vertex   -2.413957e+01 4.904479e+01 3.353635e+01
      vertex   -2.440618e+01 4.917755e+01 3.401037e+01
      vertex   -2.464552e+01 4.789890e+01 3.353635e+01
    endloop
  endfacet
  facet normal 7.748120e-01 -3.421130e-01 5.316249e-01
    outer loop
      vertex   -2.464552e+01 4.789890e+01 3.353635e+01
      vertex   -2.440618e+01 4.917755e+01 3.401037e+01
      vertex   -2.492325e+01 4.800650e+01 3.401037e+01
    endloop
  endfacet
  facet normal 8.030730e-01 -2.691629e-01 5.316249e-01
    outer loop
      vertex   -2.464552e+01 4.789890e+01 3.353635e+01
      vertex   -2.492325e+01 4.800650e+01 3.401037e+01
      vertex   -2.504359e+01 4.671122e+01 3.353635e+01
    endloop
  endfacet
  facet normal 8.030730e-01 -2.691629e-01 5.316249e-01
    outer loop
      vertex   -2.504359e+01 4.671122e+01 3.353635e+01
      vertex   -2.492325e+01 4.800650e+01 3.401037e+01
      vertex   -2.533007e+01 4.679273e+01 3.401037e+01
    endloop
  endfacet
  facet normal 8.244825e-01 -1.939165e-01 5.316249e-01
    outer loop
      vertex   -2.504359e+01 4.671122e+01 3.353635e+01
      vertex   -2.533007e+01 4.679273e+01 3.401037e+01
      vertex   -2.533038e+01 4.549188e+01 3.353635e+01
    endloop
  endfacet
  facet normal 8.244825e-01 -1.939165e-01 5.316249e-01
    outer loop
      vertex   -2.533038e+01 4.549188e+01 3.353635e+01
      vertex   -2.533007e+01 4.679273e+01 3.401037e+01
      vertex   -2.562315e+01 4.554661e+01 3.401037e+01
    endloop
  endfacet
  facet normal 8.388577e-01 -1.170157e-01 5.316249e-01
    outer loop
      vertex   -2.533038e+01 4.549188e+01 3.353635e+01
      vertex   -2.562315e+01 4.554661e+01 3.401037e+01
      vertex   -2.550344e+01 4.425128e+01 3.353635e+01
    endloop
  endfacet
  facet normal 8.388577e-01 -1.170157e-01 5.316249e-01
    outer loop
      vertex   -2.550344e+01 4.425128e+01 3.353635e+01
      vertex   -2.562315e+01 4.554661e+01 3.401037e+01
      vertex   -2.580001e+01 4.427876e+01 3.401037e+01
    endloop
  endfacet
  facet normal 8.635591e-01 -3.812987e-01 3.299650e-01
    outer loop
      vertex   -2.447311e+01 4.783211e+01 3.300795e+01
      vertex   -2.397405e+01 4.896237e+01 3.300795e+01
      vertex   -2.413957e+01 4.904479e+01 3.353635e+01
    endloop
  endfacet
  facet normal 8.246936e-01 -4.593513e-01 3.299650e-01
    outer loop
      vertex   -2.413957e+01 4.904479e+01 3.353635e+01
      vertex   -2.397405e+01 4.896237e+01 3.300795e+01
      vertex   -2.353004e+01 5.013910e+01 3.353635e+01
    endloop
  endfacet
  facet normal 8.635591e-01 -3.812987e-01 3.299650e-01
    outer loop
      vertex   -2.447311e+01 4.783211e+01 3.300795e+01
      vertex   -2.413957e+01 4.904479e+01 3.353635e+01
      vertex   -2.464552e+01 4.789890e+01 3.353635e+01
    endloop
  endfacet
  facet normal 8.950572e-01 -2.999929e-01 3.299650e-01
    outer loop
      vertex   -2.486575e+01 4.666062e+01 3.300795e+01
      vertex   -2.447311e+01 4.783211e+01 3.300795e+01
      vertex   -2.464552e+01 4.789890e+01 3.353635e+01
    endloop
  endfacet
  facet normal 8.950572e-01 -2.999929e-01 3.299650e-01
    outer loop
      vertex   -2.486575e+01 4.666062e+01 3.300795e+01
      vertex   -2.464552e+01 4.789890e+01 3.353635e+01
      vertex   -2.504359e+01 4.671122e+01 3.353635e+01
    endloop
  endfacet
  facet normal 9.189189e-01 -2.161278e-01 3.299650e-01
    outer loop
      vertex   -2.514863e+01 4.545791e+01 3.300795e+01
      vertex   -2.486575e+01 4.666062e+01 3.300795e+01
      vertex   -2.504359e+01 4.671122e+01 3.353635e+01
    endloop
  endfacet
  facet normal 9.189189e-01 -2.161278e-01 3.299650e-01
    outer loop
      vertex   -2.514863e+01 4.545791e+01 3.300795e+01
      vertex   -2.504359e+01 4.671122e+01 3.353635e+01
      vertex   -2.533038e+01 4.549188e+01 3.353635e+01
    endloop
  endfacet
  facet normal 9.349407e-01 -1.304187e-01 3.299650e-01
    outer loop
      vertex   -2.531933e+01 4.423422e+01 3.300795e+01
      vertex   -2.514863e+01 4.545791e+01 3.300795e+01
      vertex   -2.533038e+01 4.549188e+01 3.353635e+01
    endloop
  endfacet
  facet normal 9.349407e-01 -1.304187e-01 3.299650e-01
    outer loop
      vertex   -2.531933e+01 4.423422e+01 3.300795e+01
      vertex   -2.533038e+01 4.549188e+01 3.353635e+01
      vertex   -2.550344e+01 4.425128e+01 3.353635e+01
    endloop
  endfacet
  facet normal 1.130004e-01 5.639615e-03 9.935789e-01
    outer loop
      vertex   -2.773513e+01 -1.574537e+00 3.495164e+01
      vertex   -2.719232e+01 -1.407776e+00 3.488896e+01
      vertex   -2.781371e+01 -2.220446e-15 3.495164e+01
    endloop
  endfacet
  facet normal 1.119630e-01 5.176361e-03 9.936989e-01
    outer loop
      vertex   -2.781371e+01 -2.220446e-15 3.495164e+01
      vertex   -2.719232e+01 -1.407776e+00 3.488896e+01
      vertex   -2.725741e+01 1.868493e-15 3.488896e+01
    endloop
  endfacet
  facet normal 1.119630e-01 -5.176361e-03 9.936989e-01
    outer loop
      vertex   -2.781371e+01 -2.220446e-15 3.495164e+01
      vertex   -2.725741e+01 1.868493e-15 3.488896e+01
      vertex   -2.719232e+01 1.407776e+00 3.488896e+01
    endloop
  endfacet
  facet normal 3.302406e-01 -1.526794e-02 9.437733e-01
    outer loop
      vertex   -2.719232e+01 1.407776e+00 3.488896e+01
      vertex   -2.725741e+01 1.868493e-15 3.488896e+01
      vertex   -2.672900e+01 1.803782e-15 3.470407e+01
    endloop
  endfacet
  facet normal 3.302406e-01 -1.526794e-02 9.437733e-01
    outer loop
      vertex   -2.719232e+01 1.407776e+00 3.488896e+01
      vertex   -2.672900e+01 1.803782e-15 3.470407e+01
      vertex   -2.666617e+01 1.359021e+00 3.470407e+01
    endloop
  endfacet
  facet normal 5.318712e-01 -2.458989e-02 8.464682e-01
    outer loop
      vertex   -2.666617e+01 1.359021e+00 3.470407e+01
      vertex   -2.672900e+01 1.803782e-15 3.470407e+01
      vertex   -2.625498e+01 1.745732e-15 3.440622e+01
    endloop
  endfacet
  facet normal 5.318712e-01 -2.458989e-02 8.464682e-01
    outer loop
      vertex   -2.666617e+01 1.359021e+00 3.470407e+01
      vertex   -2.625498e+01 1.745732e-15 3.440622e+01
      vertex   -2.619418e+01 1.315284e+00 3.440622e+01
    endloop
  endfacet
  facet normal 7.067292e-01 -3.267406e-02 7.067292e-01
    outer loop
      vertex   -2.619418e+01 1.315284e+00 3.440622e+01
      vertex   -2.625498e+01 1.745732e-15 3.440622e+01
      vertex   -2.585913e+01 1.697254e-15 3.401037e+01
    endloop
  endfacet
  facet normal 7.067292e-01 -3.267406e-02 7.067292e-01
    outer loop
      vertex   -2.619418e+01 1.315284e+00 3.440622e+01
      vertex   -2.585913e+01 1.697254e-15 3.401037e+01
      vertex   -2.580001e+01 1.278759e+00 3.401037e+01
    endloop
  endfacet
  facet normal 8.460762e-01 -3.911646e-02 5.316249e-01
    outer loop
      vertex   -2.580001e+01 1.278759e+00 3.401037e+01
      vertex   -2.585913e+01 1.697254e-15 3.401037e+01
      vertex   -2.556129e+01 1.660779e-15 3.353635e+01
    endloop
  endfacet
  facet normal 8.460762e-01 -3.911646e-02 5.316249e-01
    outer loop
      vertex   -2.580001e+01 1.278759e+00 3.401037e+01
      vertex   -2.556129e+01 1.660779e-15 3.353635e+01
      vertex   -2.550344e+01 1.251278e+00 3.353635e+01
    endloop
  endfacet
  facet normal 9.429859e-01 -4.359687e-02 3.299650e-01
    outer loop
      vertex   -2.550344e+01 1.251278e+00 3.353635e+01
      vertex   -2.556129e+01 1.660779e-15 3.353635e+01
      vertex   -2.537639e+01 1.638135e-15 3.300795e+01
    endloop
  endfacet
  facet normal 9.429859e-01 -4.359687e-02 3.299650e-01
    outer loop
      vertex   -2.550344e+01 1.251278e+00 3.353635e+01
      vertex   -2.537639e+01 1.638135e-15 3.300795e+01
      vertex   -2.531933e+01 1.234217e+00 3.300795e+01
    endloop
  endfacet
  facet normal 9.926652e-01 -4.589368e-02 1.118465e-01
    outer loop
      vertex   -2.531933e+01 1.234217e+00 3.300795e+01
      vertex   -2.537639e+01 1.638135e-15 3.300795e+01
      vertex   -2.531371e+01 1.110223e-15 3.245164e+01
    endloop
  endfacet
  facet normal 9.901761e-01 -5.368579e-02 1.291090e-01
    outer loop
      vertex   -2.531933e+01 1.234217e+00 3.300795e+01
      vertex   -2.531371e+01 1.110223e-15 3.245164e+01
      vertex   -2.523566e+01 1.439465e+00 3.245164e+01
    endloop
  endfacet
  facet normal 1.100435e-01 1.535041e-02 9.938082e-01
    outer loop
      vertex   -2.719232e+01 -1.407776e+00 3.488896e+01
      vertex   -2.773513e+01 -1.574537e+00 3.495164e+01
      vertex   -2.699762e+01 -2.803541e+00 3.488896e+01
    endloop
  endfacet
  facet normal 1.127565e-01 1.699531e-02 9.934773e-01
    outer loop
      vertex   -2.699762e+01 -2.803541e+00 3.488896e+01
      vertex   -2.773513e+01 -1.574537e+00 3.495164e+01
      vertex   -2.750016e+01 -3.133425e+00 3.495164e+01
    endloop
  endfacet
  facet normal 1.073856e-01 2.525687e-02 9.938966e-01
    outer loop
      vertex   -2.699762e+01 -2.803541e+00 3.488896e+01
      vertex   -2.750016e+01 -3.133425e+00 3.495164e+01
      vertex   -2.667496e+01 -4.175387e+00 3.488896e+01
    endloop
  endfacet
  facet normal 1.112130e-01 2.831831e-02 9.933930e-01
    outer loop
      vertex   -2.667496e+01 -4.175387e+00 3.488896e+01
      vertex   -2.750016e+01 -3.133425e+00 3.495164e+01
      vertex   -2.711115e+01 -4.661172e+00 3.495164e+01
    endloop
  endfacet
  facet normal 1.040092e-01 3.486039e-02 9.939652e-01
    outer loop
      vertex   -2.667496e+01 -4.175387e+00 3.488896e+01
      vertex   -2.711115e+01 -4.661172e+00 3.495164e+01
      vertex   -2.622711e+01 -5.511611e+00 3.488896e+01
    endloop
  endfacet
  facet normal 1.083744e-01 3.944506e-02 9.933273e-01
    outer loop
      vertex   -2.622711e+01 -5.511611e+00 3.488896e+01
      vertex   -2.711115e+01 -4.661172e+00 3.495164e+01
      vertex   -2.657196e+01 -6.142595e+00 3.495164e+01
    endloop
  endfacet
  facet normal 9.993513e-02 4.412567e-02 9.940150e-01
    outer loop
      vertex   -2.622711e+01 -5.511611e+00 3.488896e+01
      vertex   -2.657196e+01 -6.142595e+00 3.495164e+01
      vertex   -2.565787e+01 -6.800811e+00 3.488896e+01
    endloop
  endfacet
  facet normal 1.042680e-01 5.021284e-02 9.932809e-01
    outer loop
      vertex   -2.565787e+01 -6.800811e+00 3.488896e+01
      vertex   -2.657196e+01 -6.142595e+00 3.495164e+01
      vertex   -2.588794e+01 -7.562969e+00 3.495164e+01
    endloop
  endfacet
  facet normal 9.518500e-02 5.301769e-02 9.940467e-01
    outer loop
      vertex   -2.565787e+01 -6.800811e+00 3.488896e+01
      vertex   -2.588794e+01 -7.562969e+00 3.495164e+01
      vertex   -2.497211e+01 -8.031989e+00 3.488896e+01
    endloop
  endfacet
  facet normal 9.894387e-02 6.046334e-02 9.932544e-01
    outer loop
      vertex   -2.497211e+01 -8.031989e+00 3.488896e+01
      vertex   -2.588794e+01 -7.562969e+00 3.495164e+01
      vertex   -2.506590e+01 -8.908179e+00 3.495164e+01
    endloop
  endfacet
  facet normal 8.978155e-02 6.150179e-02 9.940608e-01
    outer loop
      vertex   -2.497211e+01 -8.031989e+00 3.488896e+01
      vertex   -2.506590e+01 -8.908179e+00 3.495164e+01
      vertex   -2.417567e+01 -9.194642e+00 3.488896e+01
    endloop
  endfacet
  facet normal 9.247381e-02 7.004619e-02 9.932483e-01
    outer loop
      vertex   -2.417567e+01 -9.194642e+00 3.488896e+01
      vertex   -2.506590e+01 -8.908179e+00 3.495164e+01
      vertex   -2.411400e+01 -1.016486e+01 3.495164e+01
    endloop
  endfacet
  facet normal 8.374848e-02 6.954385e-02 9.940573e-01
    outer loop
      vertex   -2.417567e+01 -9.194642e+00 3.488896e+01
      vertex   -2.411400e+01 -1.016486e+01 3.495164e+01
      vertex   -2.327536e+01 -1.027885e+01 3.488896e+01
    endloop
  endfacet
  facet normal 8.495025e-02 7.882231e-02 9.932626e-01
    outer loop
      vertex   -2.327536e+01 -1.027885e+01 3.488896e+01
      vertex   -2.411400e+01 -1.016486e+01 3.495164e+01
      vertex   -2.304171e+01 -1.132051e+01 3.495164e+01
    endloop
  endfacet
  facet normal 7.711037e-02 7.711037e-02 9.940362e-01
    outer loop
      vertex   -2.327536e+01 -1.027885e+01 3.488896e+01
      vertex   -2.304171e+01 -1.132051e+01 3.495164e+01
      vertex   -2.227885e+01 -1.127536e+01 3.488896e+01
    endloop
  endfacet
  facet normal 7.648403e-02 8.666694e-02 9.932971e-01
    outer loop
      vertex   -2.227885e+01 -1.127536e+01 3.488896e+01
      vertex   -2.304171e+01 -1.132051e+01 3.495164e+01
      vertex   -2.185969e+01 -1.236366e+01 3.495164e+01
    endloop
  endfacet
  facet normal 6.989272e-02 8.416860e-02 9.939973e-01
    outer loop
      vertex   -2.227885e+01 -1.127536e+01 3.488896e+01
      vertex   -2.185969e+01 -1.236366e+01 3.495164e+01
      vertex   -2.119464e+01 -1.217567e+01 3.488896e+01
    endloop
  endfacet
  facet normal 6.720203e-02 9.347233e-02 9.933513e-01
    outer loop
      vertex   -2.119464e+01 -1.217567e+01 3.488896e+01
      vertex   -2.185969e+01 -1.236366e+01 3.495164e+01
      vertex   -2.057967e+01 -1.328393e+01 3.495164e+01
    endloop
  endfacet
  facet normal 6.212174e-02 9.068656e-02 9.939401e-01
    outer loop
      vertex   -2.119464e+01 -1.217567e+01 3.488896e+01
      vertex   -2.057967e+01 -1.328393e+01 3.495164e+01
      vertex   -2.003199e+01 -1.297211e+01 3.488896e+01
    endloop
  endfacet
  facet normal 5.724421e-02 9.914988e-02 9.934246e-01
    outer loop
      vertex   -2.003199e+01 -1.297211e+01 3.488896e+01
      vertex   -2.057967e+01 -1.328393e+01 3.495164e+01
      vertex   -1.921438e+01 -1.407217e+01 3.495164e+01
    endloop
  endfacet
  facet normal 5.382428e-02 9.663309e-02 9.938637e-01
    outer loop
      vertex   -2.003199e+01 -1.297211e+01 3.488896e+01
      vertex   -1.921438e+01 -1.407217e+01 3.495164e+01
      vertex   -1.880081e+01 -1.365787e+01 3.488896e+01
    endloop
  endfacet
  facet normal 4.676045e-02 1.036318e-01 9.935159e-01
    outer loop
      vertex   -1.880081e+01 -1.365787e+01 3.488896e+01
      vertex   -1.921438e+01 -1.407217e+01 3.495164e+01
      vertex   -1.777740e+01 -1.472057e+01 3.495164e+01
    endloop
  endfacet
  facet normal 4.502762e-02 1.019778e-01 9.937671e-01
    outer loop
      vertex   -1.880081e+01 -1.365787e+01 3.488896e+01
      vertex   -1.777740e+01 -1.472057e+01 3.495164e+01
      vertex   -1.751161e+01 -1.422711e+01 3.488896e+01
    endloop
  endfacet
  facet normal 3.590713e-02 1.068722e-01 9.936242e-01
    outer loop
      vertex   -1.751161e+01 -1.422711e+01 3.488896e+01
      vertex   -1.777740e+01 -1.472057e+01 3.495164e+01
      vertex   -1.628299e+01 -1.522266e+01 3.495164e+01
    endloop
  endfacet
  facet normal 3.575932e-02 1.066913e-01 9.936490e-01
    outer loop
      vertex   -1.751161e+01 -1.422711e+01 3.488896e+01
      vertex   -1.628299e+01 -1.522266e+01 3.495164e+01
      vertex   -1.617539e+01 -1.467496e+01 3.488896e+01
    endloop
  endfacet
  facet normal 2.556713e-02 1.087048e-01 9.937452e-01
    outer loop
      vertex   -1.617539e+01 -1.467496e+01 3.488896e+01
      vertex   -1.628299e+01 -1.522266e+01 3.495164e+01
      vertex   -1.480354e+01 -1.499762e+01 3.488896e+01
    endloop
  endfacet
  facet normal 7.568952e-02 3.218121e-01 9.437733e-01
    outer loop
      vertex   -1.617539e+01 -1.467496e+01 3.488896e+01
      vertex   -1.480354e+01 -1.499762e+01 3.488896e+01
      vertex   -1.470645e+01 -1.447821e+01 3.470407e+01
    endloop
  endfacet
  facet normal 4.567357e-02 3.274231e-01 9.437733e-01
    outer loop
      vertex   -1.470645e+01 -1.447821e+01 3.470407e+01
      vertex   -1.480354e+01 -1.499762e+01 3.488896e+01
      vertex   -1.335902e+01 -1.466617e+01 3.470407e+01
    endloop
  endfacet
  facet normal 7.355988e-02 5.273335e-01 8.464682e-01
    outer loop
      vertex   -1.470645e+01 -1.447821e+01 3.470407e+01
      vertex   -1.335902e+01 -1.466617e+01 3.470407e+01
      vertex   -1.331528e+01 -1.419417e+01 3.440622e+01
    endloop
  endfacet
  facet normal 2.458989e-02 5.318712e-01 8.464682e-01
    outer loop
      vertex   -1.331528e+01 -1.419417e+01 3.440622e+01
      vertex   -1.335902e+01 -1.466617e+01 3.470407e+01
      vertex   -1.200000e+01 -1.425498e+01 3.440622e+01
    endloop
  endfacet
  facet normal 3.267406e-02 7.067292e-01 7.067292e-01
    outer loop
      vertex   -1.331528e+01 -1.419417e+01 3.440622e+01
      vertex   -1.200000e+01 -1.425498e+01 3.440622e+01
      vertex   -1.200000e+01 -1.385913e+01 3.401037e+01
    endloop
  endfacet
  facet normal -3.267406e-02 7.067292e-01 7.067292e-01
    outer loop
      vertex   -1.200000e+01 -1.385913e+01 3.401037e+01
      vertex   -1.200000e+01 -1.425498e+01 3.440622e+01
      vertex   -1.072124e+01 -1.380001e+01 3.401037e+01
    endloop
  endfacet
  facet normal -3.911646e-02 8.460762e-01 5.316249e-01
    outer loop
      vertex   -1.200000e+01 -1.385913e+01 3.401037e+01
      vertex   -1.072124e+01 -1.380001e+01 3.401037e+01
      vertex   -1.074872e+01 -1.350344e+01 3.353635e+01
    endloop
  endfacet
  facet normal -1.170157e-01 8.388577e-01 5.316249e-01
    outer loop
      vertex   -1.074872e+01 -1.350344e+01 3.353635e+01
      vertex   -1.072124e+01 -1.380001e+01 3.401037e+01
      vertex   -9.508120e+00 -1.333038e+01 3.353635e+01
    endloop
  endfacet
  facet normal -1.304187e-01 9.349407e-01 3.299650e-01
    outer loop
      vertex   -1.074872e+01 -1.350344e+01 3.353635e+01
      vertex   -9.508120e+00 -1.333038e+01 3.353635e+01
      vertex   -9.542095e+00 -1.314863e+01 3.300795e+01
    endloop
  endfacet
  facet normal -2.161278e-01 9.189189e-01 3.299650e-01
    outer loop
      vertex   -9.542095e+00 -1.314863e+01 3.300795e+01
      vertex   -9.508120e+00 -1.333038e+01 3.353635e+01
      vertex   -8.339378e+00 -1.286575e+01 3.300795e+01
    endloop
  endfacet
  facet normal -2.276752e-01 9.680155e-01 1.054044e-01
    outer loop
      vertex   -9.542095e+00 -1.314863e+01 3.300795e+01
      vertex   -8.339378e+00 -1.286575e+01 3.300795e+01
      vertex   -8.438206e+00 -1.282842e+01 3.245164e+01
    endloop
  endfacet
  facet normal -3.155247e-01 9.413977e-01 1.192249e-01
    outer loop
      vertex   -8.438206e+00 -1.282842e+01 3.245164e+01
      vertex   -8.339378e+00 -1.286575e+01 3.300795e+01
      vertex   -7.167891e+00 -1.247311e+01 3.300795e+01
    endloop
  endfacet
  facet normal -3.168803e-01 9.404673e-01 1.229147e-01
    outer loop
      vertex   -8.438206e+00 -1.282842e+01 3.245164e+01
      vertex   -7.167891e+00 -1.247311e+01 3.300795e+01
      vertex   -7.072089e+00 -1.236813e+01 3.245164e+01
    endloop
  endfacet
  facet normal -4.017920e-01 9.099722e-01 1.025367e-01
    outer loop
      vertex   -7.072089e+00 -1.236813e+01 3.245164e+01
      vertex   -7.167891e+00 -1.247311e+01 3.300795e+01
      vertex   -6.037631e+00 -1.197405e+01 3.300795e+01
    endloop
  endfacet
  facet normal -4.159535e-01 8.990688e-01 1.365941e-01
    outer loop
      vertex   -7.072089e+00 -1.236813e+01 3.245164e+01
      vertex   -6.037631e+00 -1.197405e+01 3.300795e+01
      vertex   -5.763747e+00 -1.176282e+01 3.245164e+01
    endloop
  endfacet
  facet normal -4.845516e-01 8.699367e-01 9.175971e-02
    outer loop
      vertex   -5.763747e+00 -1.176282e+01 3.245164e+01
      vertex   -6.037631e+00 -1.197405e+01 3.300795e+01
      vertex   -4.958239e+00 -1.137284e+01 3.300795e+01
    endloop
  endfacet
  facet normal -5.101586e-01 8.478901e-01 1.442932e-01
    outer loop
      vertex   -5.763747e+00 -1.176282e+01 3.245164e+01
      vertex   -4.958239e+00 -1.137284e+01 3.300795e+01
      vertex   -4.528519e+00 -1.101961e+01 3.245164e+01
    endloop
  endfacet
  facet normal -5.629956e-01 8.218723e-01 8.695880e-02
    outer loop
      vertex   -4.528519e+00 -1.101961e+01 3.245164e+01
      vertex   -4.958239e+00 -1.137284e+01 3.300795e+01
      vertex   -3.938925e+00 -1.067459e+01 3.300795e+01
    endloop
  endfacet
  facet normal -5.986836e-01 7.875548e-01 1.460664e-01
    outer loop
      vertex   -4.528519e+00 -1.101961e+01 3.245164e+01
      vertex   -3.938925e+00 -1.067459e+01 3.300795e+01
      vertex   -3.380888e+00 -1.014720e+01 3.245164e+01
    endloop
  endfacet
  facet normal -6.363594e-01 7.663385e-01 8.815964e-02
    outer loop
      vertex   -3.380888e+00 -1.014720e+01 3.245164e+01
      vertex   -3.938925e+00 -1.067459e+01 3.300795e+01
      vertex   -2.988385e+00 -9.885271e+00 3.300795e+01
    endloop
  endfacet
  facet normal -6.807380e-01 7.186463e-01 1.419269e-01
    outer loop
      vertex   -3.380888e+00 -1.014720e+01 3.245164e+01
      vertex   -2.988385e+00 -9.885271e+00 3.300795e+01
      vertex   -2.334308e+00 -9.155830e+00 3.245164e+01
    endloop
  endfacet
  facet normal -7.038847e-01 7.038847e-01 9.535600e-02
    outer loop
      vertex   -2.334308e+00 -9.155830e+00 3.245164e+01
      vertex   -2.988385e+00 -9.885271e+00 3.300795e+01
      vertex   -2.114730e+00 -9.011615e+00 3.300795e+01
    endloop
  endfacet
  facet normal -7.555087e-01 6.417349e-01 1.318442e-01
    outer loop
      vertex   -2.334308e+00 -9.155830e+00 3.245164e+01
      vertex   -2.114730e+00 -9.011615e+00 3.300795e+01
      vertex   -1.401049e+00 -8.057113e+00 3.245164e+01
    endloop
  endfacet
  facet normal -7.647915e-01 6.350748e-01 1.085079e-01
    outer loop
      vertex   -1.401049e+00 -8.057113e+00 3.245164e+01
      vertex   -2.114730e+00 -9.011615e+00 3.300795e+01
      vertex   -1.325411e+00 -8.061075e+00 3.300795e+01
    endloop
  endfacet
  facet normal -8.194839e-01 5.613595e-01 1.154192e-01
    outer loop
      vertex   -1.401049e+00 -8.057113e+00 3.245164e+01
      vertex   -1.325411e+00 -8.061075e+00 3.300795e+01
      vertex   -6.271651e-01 -7.041761e+00 3.300795e+01
    endloop
  endfacet
  facet normal -7.787920e-01 5.334849e-01 3.299650e-01
    outer loop
      vertex   -6.271651e-01 -7.041761e+00 3.300795e+01
      vertex   -1.325411e+00 -8.061075e+00 3.300795e+01
      vertex   -1.177860e+00 -8.172501e+00 3.353635e+01
    endloop
  endfacet
  facet normal -7.787920e-01 5.334849e-01 3.299650e-01
    outer loop
      vertex   -6.271651e-01 -7.041761e+00 3.300795e+01
      vertex   -1.177860e+00 -8.172501e+00 3.353635e+01
      vertex   -4.699620e-01 -7.139097e+00 3.353635e+01
    endloop
  endfacet
  facet normal -6.987563e-01 4.786592e-01 5.316249e-01
    outer loop
      vertex   -4.699620e-01 -7.139097e+00 3.353635e+01
      vertex   -1.177860e+00 -8.172501e+00 3.353635e+01
      vertex   -9.401757e-01 -8.351992e+00 3.401037e+01
    endloop
  endfacet
  facet normal -6.987563e-01 4.786592e-01 5.316249e-01
    outer loop
      vertex   -4.699620e-01 -7.139097e+00 3.353635e+01
      vertex   -9.401757e-01 -8.351992e+00 3.401037e+01
      vertex   -2.167304e-01 -7.295892e+00 3.401037e+01
    endloop
  endfacet
  facet normal -5.836726e-01 3.998250e-01 7.067292e-01
    outer loop
      vertex   -2.167304e-01 -7.295892e+00 3.401037e+01
      vertex   -9.401757e-01 -8.351992e+00 3.401037e+01
      vertex   -6.242772e-01 -8.590547e+00 3.440622e+01
    endloop
  endfacet
  facet normal -5.836726e-01 3.998250e-01 7.067292e-01
    outer loop
      vertex   -2.167304e-01 -7.295892e+00 3.401037e+01
      vertex   -6.242772e-01 -8.590547e+00 3.440622e+01
      vertex   1.198316e-01 -7.504282e+00 3.440622e+01
    endloop
  endfacet
  facet normal -4.392611e-01 3.009009e-01 8.464682e-01
    outer loop
      vertex   1.198316e-01 -7.504282e+00 3.440622e+01
      vertex   -6.242772e-01 -8.590547e+00 3.440622e+01
      vertex   -2.460050e-01 -8.876205e+00 3.470407e+01
    endloop
  endfacet
  facet normal -4.392611e-01 3.009009e-01 8.464682e-01
    outer loop
      vertex   1.198316e-01 -7.504282e+00 3.440622e+01
      vertex   -2.460050e-01 -8.876205e+00 3.470407e+01
      vertex   5.228474e-01 -7.753819e+00 3.470407e+01
    endloop
  endfacet
  facet normal -2.727387e-01 1.868303e-01 9.437733e-01
    outer loop
      vertex   5.228474e-01 -7.753819e+00 3.470407e+01
      vertex   -2.460050e-01 -8.876205e+00 3.470407e+01
      vertex   1.756729e-01 -9.194642e+00 3.488896e+01
    endloop
  endfacet
  facet normal -2.727387e-01 1.868303e-01 9.437733e-01
    outer loop
      vertex   5.228474e-01 -7.753819e+00 3.470407e+01
      vertex   1.756729e-01 -9.194642e+00 3.488896e+01
      vertex   9.721081e-01 -8.031989e+00 3.488896e+01
    endloop
  endfacet
  facet normal -9.264697e-02 6.346465e-02 9.936744e-01
    outer loop
      vertex   9.721081e-01 -8.031989e+00 3.488896e+01
      vertex   1.756729e-01 -9.194642e+00 3.488896e+01
      vertex   6.056211e-01 -9.548387e+00 3.495164e+01
    endloop
  endfacet
  facet normal -9.331952e-02 6.362417e-02 9.936012e-01
    outer loop
      vertex   9.721081e-01 -8.031989e+00 3.488896e+01
      vertex   6.056211e-01 -9.548387e+00 3.495164e+01
      vertex   1.493693e+00 -8.245824e+00 3.495164e+01
    endloop
  endfacet
  facet normal 2.525949e-02 1.106690e-01 9.935363e-01
    outer loop
      vertex   -1.628299e+01 -1.522266e+01 3.495164e+01
      vertex   -1.474602e+01 -1.557346e+01 3.495164e+01
      vertex   -1.480354e+01 -1.499762e+01 3.488896e+01
    endloop
  endfacet
  facet normal 1.530365e-02 1.097083e-01 9.938460e-01
    outer loop
      vertex   -1.480354e+01 -1.499762e+01 3.488896e+01
      vertex   -1.474602e+01 -1.557346e+01 3.495164e+01
      vertex   -1.340778e+01 -1.519232e+01 3.488896e+01
    endloop
  endfacet
  facet normal 4.567357e-02 3.274231e-01 9.437733e-01
    outer loop
      vertex   -1.480354e+01 -1.499762e+01 3.488896e+01
      vertex   -1.340778e+01 -1.519232e+01 3.488896e+01
      vertex   -1.335902e+01 -1.466617e+01 3.470407e+01
    endloop
  endfacet
  facet normal 1.526794e-02 3.302406e-01 9.437733e-01
    outer loop
      vertex   -1.335902e+01 -1.466617e+01 3.470407e+01
      vertex   -1.340778e+01 -1.519232e+01 3.488896e+01
      vertex   -1.200000e+01 -1.472900e+01 3.470407e+01
    endloop
  endfacet
  facet normal 2.458989e-02 5.318712e-01 8.464682e-01
    outer loop
      vertex   -1.335902e+01 -1.466617e+01 3.470407e+01
      vertex   -1.200000e+01 -1.472900e+01 3.470407e+01
      vertex   -1.200000e+01 -1.425498e+01 3.440622e+01
    endloop
  endfacet
  facet normal -2.458989e-02 5.318712e-01 8.464682e-01
    outer loop
      vertex   -1.200000e+01 -1.425498e+01 3.440622e+01
      vertex   -1.200000e+01 -1.472900e+01 3.470407e+01
      vertex   -1.068472e+01 -1.419417e+01 3.440622e+01
    endloop
  endfacet
  facet normal -3.267406e-02 7.067292e-01 7.067292e-01
    outer loop
      vertex   -1.200000e+01 -1.425498e+01 3.440622e+01
      vertex   -1.068472e+01 -1.419417e+01 3.440622e+01
      vertex   -1.072124e+01 -1.380001e+01 3.401037e+01
    endloop
  endfacet
  facet normal -9.774343e-02 7.006997e-01 7.067292e-01
    outer loop
      vertex   -1.072124e+01 -1.380001e+01 3.401037e+01
      vertex   -1.068472e+01 -1.419417e+01 3.440622e+01
      vertex   -9.453392e+00 -1.362315e+01 3.401037e+01
    endloop
  endfacet
  facet normal -1.170157e-01 8.388577e-01 5.316249e-01
    outer loop
      vertex   -1.072124e+01 -1.380001e+01 3.401037e+01
      vertex   -9.453392e+00 -1.362315e+01 3.401037e+01
      vertex   -9.508120e+00 -1.333038e+01 3.353635e+01
    endloop
  endfacet
  facet normal -1.939165e-01 8.244825e-01 5.316249e-01
    outer loop
      vertex   -9.508120e+00 -1.333038e+01 3.353635e+01
      vertex   -9.453392e+00 -1.362315e+01 3.401037e+01
      vertex   -8.288778e+00 -1.304359e+01 3.353635e+01
    endloop
  endfacet
  facet normal -2.161278e-01 9.189189e-01 3.299650e-01
    outer loop
      vertex   -9.508120e+00 -1.333038e+01 3.353635e+01
      vertex   -8.288778e+00 -1.304359e+01 3.353635e+01
      vertex   -8.339378e+00 -1.286575e+01 3.300795e+01
    endloop
  endfacet
  facet normal -2.999929e-01 8.950572e-01 3.299650e-01
    outer loop
      vertex   -8.339378e+00 -1.286575e+01 3.300795e+01
      vertex   -8.288778e+00 -1.304359e+01 3.353635e+01
      vertex   -7.167891e+00 -1.247311e+01 3.300795e+01
    endloop
  endfacet
  facet normal 1.421771e-02 1.134547e-01 9.934414e-01
    outer loop
      vertex   -1.474602e+01 -1.557346e+01 3.495164e+01
      vertex   -1.318176e+01 -1.576949e+01 3.495164e+01
      vertex   -1.340778e+01 -1.519232e+01 3.488896e+01
    endloop
  endfacet
  facet normal 5.082369e-03 1.099300e-01 9.939263e-01
    outer loop
      vertex   -1.340778e+01 -1.519232e+01 3.488896e+01
      vertex   -1.318176e+01 -1.576949e+01 3.495164e+01
      vertex   -1.200000e+01 -1.525741e+01 3.488896e+01
    endloop
  endfacet
  facet normal 1.526794e-02 3.302406e-01 9.437733e-01
    outer loop
      vertex   -1.340778e+01 -1.519232e+01 3.488896e+01
      vertex   -1.200000e+01 -1.525741e+01 3.488896e+01
      vertex   -1.200000e+01 -1.472900e+01 3.470407e+01
    endloop
  endfacet
  facet normal -1.526794e-02 3.302406e-01 9.437733e-01
    outer loop
      vertex   -1.200000e+01 -1.472900e+01 3.470407e+01
      vertex   -1.200000e+01 -1.525741e+01 3.488896e+01
      vertex   -1.064098e+01 -1.466617e+01 3.470407e+01
    endloop
  endfacet
  facet normal -2.458989e-02 5.318712e-01 8.464682e-01
    outer loop
      vertex   -1.200000e+01 -1.472900e+01 3.470407e+01
      vertex   -1.064098e+01 -1.466617e+01 3.470407e+01
      vertex   -1.068472e+01 -1.419417e+01 3.440622e+01
    endloop
  endfacet
  facet normal -7.355988e-02 5.273335e-01 8.464682e-01
    outer loop
      vertex   -1.068472e+01 -1.419417e+01 3.440622e+01
      vertex   -1.064098e+01 -1.466617e+01 3.470407e+01
      vertex   -9.380654e+00 -1.401227e+01 3.440622e+01
    endloop
  endfacet
  facet normal -9.774343e-02 7.006997e-01 7.067292e-01
    outer loop
      vertex   -1.068472e+01 -1.419417e+01 3.440622e+01
      vertex   -9.380654e+00 -1.401227e+01 3.440622e+01
      vertex   -9.453392e+00 -1.362315e+01 3.401037e+01
    endloop
  endfacet
  facet normal -1.619789e-01 6.886920e-01 7.067292e-01
    outer loop
      vertex   -9.453392e+00 -1.362315e+01 3.401037e+01
      vertex   -9.380654e+00 -1.401227e+01 3.440622e+01
      vertex   -8.207269e+00 -1.333007e+01 3.401037e+01
    endloop
  endfacet
  facet normal -1.939165e-01 8.244825e-01 5.316249e-01
    outer loop
      vertex   -9.453392e+00 -1.362315e+01 3.401037e+01
      vertex   -8.207269e+00 -1.333007e+01 3.401037e+01
      vertex   -8.288778e+00 -1.304359e+01 3.353635e+01
    endloop
  endfacet
  facet normal -2.691629e-01 8.030730e-01 5.316249e-01
    outer loop
      vertex   -8.288778e+00 -1.304359e+01 3.353635e+01
      vertex   -8.207269e+00 -1.333007e+01 3.401037e+01
      vertex   -7.101098e+00 -1.264552e+01 3.353635e+01
    endloop
  endfacet
  facet normal -2.999929e-01 8.950572e-01 3.299650e-01
    outer loop
      vertex   -8.288778e+00 -1.304359e+01 3.353635e+01
      vertex   -7.101098e+00 -1.264552e+01 3.353635e+01
      vertex   -7.167891e+00 -1.247311e+01 3.300795e+01
    endloop
  endfacet
  facet normal -3.812987e-01 8.635591e-01 3.299650e-01
    outer loop
      vertex   -7.167891e+00 -1.247311e+01 3.300795e+01
      vertex   -7.101098e+00 -1.264552e+01 3.353635e+01
      vertex   -6.037631e+00 -1.197405e+01 3.300795e+01
    endloop
  endfacet
  facet normal 2.867251e-03 1.149731e-01 9.933645e-01
    outer loop
      vertex   -1.318176e+01 -1.576949e+01 3.495164e+01
      vertex   -1.160575e+01 -1.580879e+01 3.495164e+01
      vertex   -1.200000e+01 -1.525741e+01 3.488896e+01
    endloop
  endfacet
  facet normal -5.056856e-03 1.093781e-01 9.939874e-01
    outer loop
      vertex   -1.200000e+01 -1.525741e+01 3.488896e+01
      vertex   -1.160575e+01 -1.580879e+01 3.495164e+01
      vertex   -1.059222e+01 -1.519232e+01 3.488896e+01
    endloop
  endfacet
  facet normal -1.526794e-02 3.302406e-01 9.437733e-01
    outer loop
      vertex   -1.200000e+01 -1.525741e+01 3.488896e+01
      vertex   -1.059222e+01 -1.519232e+01 3.488896e+01
      vertex   -1.064098e+01 -1.466617e+01 3.470407e+01
    endloop
  endfacet
  facet normal -4.567357e-02 3.274231e-01 9.437733e-01
    outer loop
      vertex   -1.064098e+01 -1.466617e+01 3.470407e+01
      vertex   -1.059222e+01 -1.519232e+01 3.488896e+01
      vertex   -9.293554e+00 -1.447821e+01 3.470407e+01
    endloop
  endfacet
  facet normal -7.355988e-02 5.273335e-01 8.464682e-01
    outer loop
      vertex   -1.064098e+01 -1.466617e+01 3.470407e+01
      vertex   -9.293554e+00 -1.447821e+01 3.470407e+01
      vertex   -9.380654e+00 -1.401227e+01 3.440622e+01
    endloop
  endfacet
  facet normal -1.219023e-01 5.182967e-01 8.464682e-01
    outer loop
      vertex   -9.380654e+00 -1.401227e+01 3.440622e+01
      vertex   -9.293554e+00 -1.447821e+01 3.470407e+01
      vertex   -8.098939e+00 -1.371081e+01 3.440622e+01
    endloop
  endfacet
  facet normal -1.619789e-01 6.886920e-01 7.067292e-01
    outer loop
      vertex   -9.380654e+00 -1.401227e+01 3.440622e+01
      vertex   -8.098939e+00 -1.371081e+01 3.440622e+01
      vertex   -8.207269e+00 -1.333007e+01 3.401037e+01
    endloop
  endfacet
  facet normal -2.248324e-01 6.708086e-01 7.067292e-01
    outer loop
      vertex   -8.207269e+00 -1.333007e+01 3.401037e+01
      vertex   -8.098939e+00 -1.371081e+01 3.440622e+01
      vertex   -6.993505e+00 -1.292325e+01 3.401037e+01
    endloop
  endfacet
  facet normal -2.691629e-01 8.030730e-01 5.316249e-01
    outer loop
      vertex   -8.207269e+00 -1.333007e+01 3.401037e+01
      vertex   -6.993505e+00 -1.292325e+01 3.401037e+01
      vertex   -7.101098e+00 -1.264552e+01 3.353635e+01
    endloop
  endfacet
  facet normal -3.421130e-01 7.748120e-01 5.316249e-01
    outer loop
      vertex   -7.101098e+00 -1.264552e+01 3.353635e+01
      vertex   -6.993505e+00 -1.292325e+01 3.401037e+01
      vertex   -5.955215e+00 -1.213957e+01 3.353635e+01
    endloop
  endfacet
  facet normal -3.812987e-01 8.635591e-01 3.299650e-01
    outer loop
      vertex   -7.101098e+00 -1.264552e+01 3.353635e+01
      vertex   -5.955215e+00 -1.213957e+01 3.353635e+01
      vertex   -6.037631e+00 -1.197405e+01 3.300795e+01
    endloop
  endfacet
  facet normal -4.593513e-01 8.246936e-01 3.299650e-01
    outer loop
      vertex   -6.037631e+00 -1.197405e+01 3.300795e+01
      vertex   -5.955215e+00 -1.213957e+01 3.353635e+01
      vertex   -4.958239e+00 -1.137284e+01 3.300795e+01
    endloop
  endfacet
  facet normal -8.632057e-03 1.151868e-01 9.933063e-01
    outer loop
      vertex   -1.160575e+01 -1.580879e+01 3.495164e+01
      vertex   -1.003367e+01 -1.569098e+01 3.495164e+01
      vertex   -1.059222e+01 -1.519232e+01 3.488896e+01
    endloop
  endfacet
  facet normal -1.507401e-02 1.080620e-01 9.940299e-01
    outer loop
      vertex   -1.059222e+01 -1.519232e+01 3.488896e+01
      vertex   -1.003367e+01 -1.569098e+01 3.495164e+01
      vertex   -9.196459e+00 -1.499762e+01 3.488896e+01
    endloop
  endfacet
  facet normal -4.567357e-02 3.274231e-01 9.437733e-01
    outer loop
      vertex   -1.059222e+01 -1.519232e+01 3.488896e+01
      vertex   -9.196459e+00 -1.499762e+01 3.488896e+01
      vertex   -9.293554e+00 -1.447821e+01 3.470407e+01
    endloop
  endfacet
  facet normal -7.568952e-02 3.218121e-01 9.437733e-01
    outer loop
      vertex   -9.293554e+00 -1.447821e+01 3.470407e+01
      vertex   -9.196459e+00 -1.499762e+01 3.488896e+01
      vertex   -7.969218e+00 -1.416673e+01 3.470407e+01
    endloop
  endfacet
  facet normal -1.219023e-01 5.182967e-01 8.464682e-01
    outer loop
      vertex   -9.293554e+00 -1.447821e+01 3.470407e+01
      vertex   -7.969218e+00 -1.416673e+01 3.470407e+01
      vertex   -8.098939e+00 -1.371081e+01 3.440622e+01
    endloop
  endfacet
  facet normal -1.692047e-01 5.048380e-01 8.464682e-01
    outer loop
      vertex   -8.098939e+00 -1.371081e+01 3.440622e+01
      vertex   -7.969218e+00 -1.416673e+01 3.470407e+01
      vertex   -6.850506e+00 -1.329238e+01 3.440622e+01
    endloop
  endfacet
  facet normal -2.248324e-01 6.708086e-01 7.067292e-01
    outer loop
      vertex   -8.098939e+00 -1.371081e+01 3.440622e+01
      vertex   -6.850506e+00 -1.329238e+01 3.440622e+01
      vertex   -6.993505e+00 -1.292325e+01 3.401037e+01
    endloop
  endfacet
  facet normal -2.857677e-01 6.472021e-01 7.067292e-01
    outer loop
      vertex   -6.993505e+00 -1.292325e+01 3.401037e+01
      vertex   -6.850506e+00 -1.329238e+01 3.440622e+01
      vertex   -5.822454e+00 -1.240618e+01 3.401037e+01
    endloop
  endfacet
  facet normal -3.421130e-01 7.748120e-01 5.316249e-01
    outer loop
      vertex   -6.993505e+00 -1.292325e+01 3.401037e+01
      vertex   -5.822454e+00 -1.240618e+01 3.401037e+01
      vertex   -5.955215e+00 -1.213957e+01 3.353635e+01
    endloop
  endfacet
  facet normal -4.121442e-01 7.399406e-01 5.316249e-01
    outer loop
      vertex   -5.955215e+00 -1.213957e+01 3.353635e+01
      vertex   -5.822454e+00 -1.240618e+01 3.401037e+01
      vertex   -4.860903e+00 -1.153004e+01 3.353635e+01
    endloop
  endfacet
  facet normal -4.593513e-01 8.246936e-01 3.299650e-01
    outer loop
      vertex   -5.955215e+00 -1.213957e+01 3.353635e+01
      vertex   -4.860903e+00 -1.153004e+01 3.353635e+01
      vertex   -4.958239e+00 -1.137284e+01 3.300795e+01
    endloop
  endfacet
  facet normal -5.334849e-01 7.787920e-01 3.299650e-01
    outer loop
      vertex   -4.958239e+00 -1.137284e+01 3.300795e+01
      vertex   -4.860903e+00 -1.153004e+01 3.353635e+01
      vertex   -3.938925e+00 -1.067459e+01 3.300795e+01
    endloop
  endfacet
  facet normal -2.011546e-02 1.140805e-01 9.932678e-01
    outer loop
      vertex   -1.003367e+01 -1.569098e+01 3.495164e+01
      vertex   -8.481119e+00 -1.541723e+01 3.495164e+01
      vertex   -9.196459e+00 -1.499762e+01 3.488896e+01
    endloop
  endfacet
  facet normal -2.492905e-02 1.059918e-01 9.940545e-01
    outer loop
      vertex   -9.196459e+00 -1.499762e+01 3.488896e+01
      vertex   -8.481119e+00 -1.541723e+01 3.495164e+01
      vertex   -7.824613e+00 -1.467496e+01 3.488896e+01
    endloop
  endfacet
  facet normal -7.568952e-02 3.218121e-01 9.437733e-01
    outer loop
      vertex   -9.196459e+00 -1.499762e+01 3.488896e+01
      vertex   -7.824613e+00 -1.467496e+01 3.488896e+01
      vertex   -7.969218e+00 -1.416673e+01 3.470407e+01
    endloop
  endfacet
  facet normal -1.050597e-01 3.134556e-01 9.437733e-01
    outer loop
      vertex   -7.969218e+00 -1.416673e+01 3.470407e+01
      vertex   -7.824613e+00 -1.467496e+01 3.488896e+01
      vertex   -6.679272e+00 -1.373438e+01 3.470407e+01
    endloop
  endfacet
  facet normal -1.692047e-01 5.048380e-01 8.464682e-01
    outer loop
      vertex   -7.969218e+00 -1.416673e+01 3.470407e+01
      vertex   -6.679272e+00 -1.373438e+01 3.470407e+01
      vertex   -6.850506e+00 -1.329238e+01 3.440622e+01
    endloop
  endfacet
  facet normal -2.150634e-01 4.870722e-01 8.464682e-01
    outer loop
      vertex   -6.850506e+00 -1.329238e+01 3.440622e+01
      vertex   -6.679272e+00 -1.373438e+01 3.470407e+01
      vertex   -5.646007e+00 -1.276054e+01 3.440622e+01
    endloop
  endfacet
  facet normal -2.857677e-01 6.472021e-01 7.067292e-01
    outer loop
      vertex   -6.850506e+00 -1.329238e+01 3.440622e+01
      vertex   -5.646007e+00 -1.276054e+01 3.440622e+01
      vertex   -5.822454e+00 -1.240618e+01 3.401037e+01
    endloop
  endfacet
  facet normal -3.442649e-01 6.180740e-01 7.067292e-01
    outer loop
      vertex   -5.822454e+00 -1.240618e+01 3.401037e+01
      vertex   -5.646007e+00 -1.276054e+01 3.440622e+01
      vertex   -4.704108e+00 -1.178327e+01 3.401037e+01
    endloop
  endfacet
  facet normal -4.121442e-01 7.399406e-01 5.316249e-01
    outer loop
      vertex   -5.822454e+00 -1.240618e+01 3.401037e+01
      vertex   -4.704108e+00 -1.178327e+01 3.401037e+01
      vertex   -4.860903e+00 -1.153004e+01 3.353635e+01
    endloop
  endfacet
  facet normal -4.786592e-01 6.987563e-01 5.316249e-01
    outer loop
      vertex   -4.860903e+00 -1.153004e+01 3.353635e+01
      vertex   -4.704108e+00 -1.178327e+01 3.401037e+01
      vertex   -3.827499e+00 -1.082214e+01 3.353635e+01
    endloop
  endfacet
  facet normal -5.334849e-01 7.787920e-01 3.299650e-01
    outer loop
      vertex   -4.860903e+00 -1.153004e+01 3.353635e+01
      vertex   -3.827499e+00 -1.082214e+01 3.353635e+01
      vertex   -3.938925e+00 -1.067459e+01 3.300795e+01
    endloop
  endfacet
  facet normal -6.030670e-01 7.262460e-01 3.299650e-01
    outer loop
      vertex   -3.938925e+00 -1.067459e+01 3.300795e+01
      vertex   -3.827499e+00 -1.082214e+01 3.353635e+01
      vertex   -2.988385e+00 -9.885271e+00 3.300795e+01
    endloop
  endfacet
  facet normal -3.141684e-02 1.116621e-01 9.932495e-01
    outer loop
      vertex   -8.481119e+00 -1.541723e+01 3.495164e+01
      vertex   -6.963545e+00 -1.499025e+01 3.495164e+01
      vertex   -7.824613e+00 -1.467496e+01 3.488896e+01
    endloop
  endfacet
  facet normal -3.458208e-02 1.031789e-01 9.940615e-01
    outer loop
      vertex   -7.824613e+00 -1.467496e+01 3.488896e+01
      vertex   -6.963545e+00 -1.499025e+01 3.495164e+01
      vertex   -6.488389e+00 -1.422711e+01 3.488896e+01
    endloop
  endfacet
  facet normal -1.050597e-01 3.134556e-01 9.437733e-01
    outer loop
      vertex   -7.824613e+00 -1.467496e+01 3.488896e+01
      vertex   -6.488389e+00 -1.422711e+01 3.488896e+01
      vertex   -6.679272e+00 -1.373438e+01 3.470407e+01
    endloop
  endfacet
  facet normal -1.335336e-01 3.024247e-01 9.437733e-01
    outer loop
      vertex   -6.679272e+00 -1.373438e+01 3.470407e+01
      vertex   -6.488389e+00 -1.422711e+01 3.488896e+01
      vertex   -5.434720e+00 -1.318486e+01 3.470407e+01
    endloop
  endfacet
  facet normal -2.150634e-01 4.870722e-01 8.464682e-01
    outer loop
      vertex   -6.679272e+00 -1.373438e+01 3.470407e+01
      vertex   -5.434720e+00 -1.318486e+01 3.470407e+01
      vertex   -5.646007e+00 -1.276054e+01 3.440622e+01
    endloop
  endfacet
  facet normal -2.590874e-01 4.651509e-01 8.464682e-01
    outer loop
      vertex   -5.646007e+00 -1.276054e+01 3.440622e+01
      vertex   -5.434720e+00 -1.318486e+01 3.470407e+01
      vertex   -4.495718e+00 -1.211983e+01 3.440622e+01
    endloop
  endfacet
  facet normal -3.442649e-01 6.180740e-01 7.067292e-01
    outer loop
      vertex   -5.646007e+00 -1.276054e+01 3.440622e+01
      vertex   -4.495718e+00 -1.211983e+01 3.440622e+01
      vertex   -4.704108e+00 -1.178327e+01 3.401037e+01
    endloop
  endfacet
  facet normal -3.998250e-01 5.836726e-01 7.067292e-01
    outer loop
      vertex   -4.704108e+00 -1.178327e+01 3.401037e+01
      vertex   -4.495718e+00 -1.211983e+01 3.440622e+01
      vertex   -3.648008e+00 -1.105982e+01 3.401037e+01
    endloop
  endfacet
  facet normal -4.786592e-01 6.987563e-01 5.316249e-01
    outer loop
      vertex   -4.704108e+00 -1.178327e+01 3.401037e+01
      vertex   -3.648008e+00 -1.105982e+01 3.401037e+01
      vertex   -3.827499e+00 -1.082214e+01 3.353635e+01
    endloop
  endfacet
  facet normal -5.410904e-01 6.516104e-01 5.316249e-01
    outer loop
      vertex   -3.827499e+00 -1.082214e+01 3.353635e+01
      vertex   -3.648008e+00 -1.105982e+01 3.401037e+01
      vertex   -2.863821e+00 -1.002191e+01 3.353635e+01
    endloop
  endfacet
  facet normal -6.030670e-01 7.262460e-01 3.299650e-01
    outer loop
      vertex   -3.827499e+00 -1.082214e+01 3.353635e+01
      vertex   -2.863821e+00 -1.002191e+01 3.353635e+01
      vertex   -2.988385e+00 -9.885271e+00 3.300795e+01
    endloop
  endfacet
  facet normal -6.675040e-01 6.675040e-01 3.299650e-01
    outer loop
      vertex   -2.988385e+00 -9.885271e+00 3.300795e+01
      vertex   -2.863821e+00 -1.002191e+01 3.353635e+01
      vertex   -2.114730e+00 -9.011615e+00 3.300795e+01
    endloop
  endfacet
  facet normal -4.237229e-02 1.079628e-01 9.932515e-01
    outer loop
      vertex   -6.963545e+00 -1.499025e+01 3.495164e+01
      vertex   -5.496026e+00 -1.441429e+01 3.495164e+01
      vertex   -6.488389e+00 -1.422711e+01 3.488896e+01
    endloop
  endfacet
  facet normal -4.399345e-02 9.963567e-02 9.940510e-01
    outer loop
      vertex   -6.488389e+00 -1.422711e+01 3.488896e+01
      vertex   -5.496026e+00 -1.441429e+01 3.495164e+01
      vertex   -5.199189e+00 -1.365787e+01 3.488896e+01
    endloop
  endfacet
  facet normal -1.335336e-01 3.024247e-01 9.437733e-01
    outer loop
      vertex   -6.488389e+00 -1.422711e+01 3.488896e+01
      vertex   -5.199189e+00 -1.365787e+01 3.488896e+01
      vertex   -5.434720e+00 -1.318486e+01 3.470407e+01
    endloop
  endfacet
  facet normal -1.608682e-01 2.888137e-01 9.437733e-01
    outer loop
      vertex   -5.434720e+00 -1.318486e+01 3.470407e+01
      vertex   -5.199189e+00 -1.365787e+01 3.488896e+01
      vertex   -4.246181e+00 -1.252285e+01 3.470407e+01
    endloop
  endfacet
  facet normal -2.590874e-01 4.651509e-01 8.464682e-01
    outer loop
      vertex   -5.434720e+00 -1.318486e+01 3.470407e+01
      vertex   -4.246181e+00 -1.252285e+01 3.470407e+01
      vertex   -4.495718e+00 -1.211983e+01 3.440622e+01
    endloop
  endfacet
  facet normal -3.009009e-01 4.392611e-01 8.464682e-01
    outer loop
      vertex   -4.495718e+00 -1.211983e+01 3.440622e+01
      vertex   -4.246181e+00 -1.252285e+01 3.470407e+01
      vertex   -3.409453e+00 -1.137572e+01 3.440622e+01
    endloop
  endfacet
  facet normal -3.998250e-01 5.836726e-01 7.067292e-01
    outer loop
      vertex   -4.495718e+00 -1.211983e+01 3.440622e+01
      vertex   -3.409453e+00 -1.137572e+01 3.440622e+01
      vertex   -3.648008e+00 -1.105982e+01 3.401037e+01
    endloop
  endfacet
  facet normal -4.519740e-01 5.442916e-01 7.067292e-01
    outer loop
      vertex   -3.648008e+00 -1.105982e+01 3.401037e+01
      vertex   -3.409453e+00 -1.137572e+01 3.440622e+01
      vertex   -2.663165e+00 -1.024202e+01 3.401037e+01
    endloop
  endfacet
  facet normal -5.410904e-01 6.516104e-01 5.316249e-01
    outer loop
      vertex   -3.648008e+00 -1.105982e+01 3.401037e+01
      vertex   -2.663165e+00 -1.024202e+01 3.401037e+01
      vertex   -2.863821e+00 -1.002191e+01 3.353635e+01
    endloop
  endfacet
  facet normal -5.989052e-01 5.989052e-01 5.316249e-01
    outer loop
      vertex   -2.863821e+00 -1.002191e+01 3.353635e+01
      vertex   -2.663165e+00 -1.024202e+01 3.401037e+01
      vertex   -1.978089e+00 -9.136180e+00 3.353635e+01
    endloop
  endfacet
  facet normal -6.675040e-01 6.675040e-01 3.299650e-01
    outer loop
      vertex   -2.863821e+00 -1.002191e+01 3.353635e+01
      vertex   -1.978089e+00 -9.136180e+00 3.353635e+01
      vertex   -2.114730e+00 -9.011615e+00 3.300795e+01
    endloop
  endfacet
  facet normal -7.262460e-01 6.030670e-01 3.299650e-01
    outer loop
      vertex   -2.114730e+00 -9.011615e+00 3.300795e+01
      vertex   -1.978089e+00 -9.136180e+00 3.353635e+01
      vertex   -1.325411e+00 -8.061075e+00 3.300795e+01
    endloop
  endfacet
  facet normal -5.282373e-02 1.030365e-01 9.932739e-01
    outer loop
      vertex   -5.496026e+00 -1.441429e+01 3.495164e+01
      vertex   -4.093146e+00 -1.369507e+01 3.495164e+01
      vertex   -5.199189e+00 -1.365787e+01 3.488896e+01
    endloop
  endfacet
  facet normal -5.312386e-02 9.537559e-02 9.940228e-01
    outer loop
      vertex   -5.199189e+00 -1.365787e+01 3.488896e+01
      vertex   -4.093146e+00 -1.369507e+01 3.495164e+01
      vertex   -3.968011e+00 -1.297211e+01 3.488896e+01
    endloop
  endfacet
  facet normal -1.608682e-01 2.888137e-01 9.437733e-01
    outer loop
      vertex   -5.199189e+00 -1.365787e+01 3.488896e+01
      vertex   -3.968011e+00 -1.297211e+01 3.488896e+01
      vertex   -4.246181e+00 -1.252285e+01 3.470407e+01
    endloop
  endfacet
  facet normal -1.868303e-01 2.727387e-01 9.437733e-01
    outer loop
      vertex   -4.246181e+00 -1.252285e+01 3.470407e+01
      vertex   -3.968011e+00 -1.297211e+01 3.488896e+01
      vertex   -3.123795e+00 -1.175400e+01 3.470407e+01
    endloop
  endfacet
  facet normal -3.009009e-01 4.392611e-01 8.464682e-01
    outer loop
      vertex   -4.246181e+00 -1.252285e+01 3.470407e+01
      vertex   -3.123795e+00 -1.175400e+01 3.470407e+01
      vertex   -3.409453e+00 -1.137572e+01 3.440622e+01
    endloop
  endfacet
  facet normal -3.401472e-01 4.096237e-01 8.464682e-01
    outer loop
      vertex   -3.409453e+00 -1.137572e+01 3.440622e+01
      vertex   -3.123795e+00 -1.175400e+01 3.470407e+01
      vertex   -2.396479e+00 -1.053456e+01 3.440622e+01
    endloop
  endfacet
  facet normal -4.519740e-01 5.442916e-01 7.067292e-01
    outer loop
      vertex   -3.409453e+00 -1.137572e+01 3.440622e+01
      vertex   -2.396479e+00 -1.053456e+01 3.440622e+01
      vertex   -2.663165e+00 -1.024202e+01 3.401037e+01
    endloop
  endfacet
  facet normal -5.002668e-01 5.002668e-01 7.067292e-01
    outer loop
      vertex   -2.663165e+00 -1.024202e+01 3.401037e+01
      vertex   -2.396479e+00 -1.053456e+01 3.440622e+01
      vertex   -1.757980e+00 -9.336835e+00 3.401037e+01
    endloop
  endfacet
  facet normal -5.989052e-01 5.989052e-01 5.316249e-01
    outer loop
      vertex   -2.663165e+00 -1.024202e+01 3.401037e+01
      vertex   -1.757980e+00 -9.336835e+00 3.401037e+01
      vertex   -1.978089e+00 -9.136180e+00 3.353635e+01
    endloop
  endfacet
  facet normal -6.516104e-01 5.410904e-01 5.316249e-01
    outer loop
      vertex   -1.978089e+00 -9.136180e+00 3.353635e+01
      vertex   -1.757980e+00 -9.336835e+00 3.401037e+01
      vertex   -1.177860e+00 -8.172501e+00 3.353635e+01
    endloop
  endfacet
  facet normal -7.262460e-01 6.030670e-01 3.299650e-01
    outer loop
      vertex   -1.978089e+00 -9.136180e+00 3.353635e+01
      vertex   -1.177860e+00 -8.172501e+00 3.353635e+01
      vertex   -1.325411e+00 -8.061075e+00 3.300795e+01
    endloop
  endfacet
  facet normal -6.262238e-02 9.695841e-02 9.933164e-01
    outer loop
      vertex   -4.093146e+00 -1.369507e+01 3.495164e+01
      vertex   -2.768848e+00 -1.283975e+01 3.495164e+01
      vertex   -3.968011e+00 -1.297211e+01 3.488896e+01
    endloop
  endfacet
  facet normal -6.193446e-02 9.041317e-02 9.939767e-01
    outer loop
      vertex   -3.968011e+00 -1.297211e+01 3.488896e+01
      vertex   -2.768848e+00 -1.283975e+01 3.495164e+01
      vertex   -2.805359e+00 -1.217567e+01 3.488896e+01
    endloop
  endfacet
  facet normal -1.868303e-01 2.727387e-01 9.437733e-01
    outer loop
      vertex   -3.968011e+00 -1.297211e+01 3.488896e+01
      vertex   -2.805359e+00 -1.217567e+01 3.488896e+01
      vertex   -3.123795e+00 -1.175400e+01 3.470407e+01
    endloop
  endfacet
  facet normal -2.111985e-01 2.543367e-01 9.437733e-01
    outer loop
      vertex   -3.123795e+00 -1.175400e+01 3.470407e+01
      vertex   -2.805359e+00 -1.217567e+01 3.488896e+01
      vertex   -2.077138e+00 -1.088486e+01 3.470407e+01
    endloop
  endfacet
  facet normal -3.401472e-01 4.096237e-01 8.464682e-01
    outer loop
      vertex   -3.123795e+00 -1.175400e+01 3.470407e+01
      vertex   -2.077138e+00 -1.088486e+01 3.470407e+01
      vertex   -2.396479e+00 -1.053456e+01 3.440622e+01
    endloop
  endfacet
  facet normal -3.764915e-01 3.764915e-01 8.464682e-01
    outer loop
      vertex   -2.396479e+00 -1.053456e+01 3.440622e+01
      vertex   -2.077138e+00 -1.088486e+01 3.470407e+01
      vertex   -1.465440e+00 -9.603521e+00 3.440622e+01
    endloop
  endfacet
  facet normal -5.002668e-01 5.002668e-01 7.067292e-01
    outer loop
      vertex   -2.396479e+00 -1.053456e+01 3.440622e+01
      vertex   -1.465440e+00 -9.603521e+00 3.440622e+01
      vertex   -1.757980e+00 -9.336835e+00 3.401037e+01
    endloop
  endfacet
  facet normal -5.442916e-01 4.519740e-01 7.067292e-01
    outer loop
      vertex   -1.757980e+00 -9.336835e+00 3.401037e+01
      vertex   -1.465440e+00 -9.603521e+00 3.440622e+01
      vertex   -9.401757e-01 -8.351992e+00 3.401037e+01
    endloop
  endfacet
  facet normal -6.516104e-01 5.410904e-01 5.316249e-01
    outer loop
      vertex   -1.757980e+00 -9.336835e+00 3.401037e+01
      vertex   -9.401757e-01 -8.351992e+00 3.401037e+01
      vertex   -1.177860e+00 -8.172501e+00 3.353635e+01
    endloop
  endfacet
  facet normal -7.163188e-02 8.982354e-02 9.933784e-01
    outer loop
      vertex   -2.768848e+00 -1.283975e+01 3.495164e+01
      vertex   -1.536293e+00 -1.185682e+01 3.495164e+01
      vertex   -2.805359e+00 -1.217567e+01 3.488896e+01
    endloop
  endfacet
  facet normal -7.038698e-02 8.476382e-02 9.939119e-01
    outer loop
      vertex   -2.805359e+00 -1.217567e+01 3.488896e+01
      vertex   -1.536293e+00 -1.185682e+01 3.495164e+01
      vertex   -1.721152e+00 -1.127536e+01 3.488896e+01
    endloop
  endfacet
  facet normal -2.111985e-01 2.543367e-01 9.437733e-01
    outer loop
      vertex   -2.805359e+00 -1.217567e+01 3.488896e+01
      vertex   -1.721152e+00 -1.127536e+01 3.488896e+01
      vertex   -2.077138e+00 -1.088486e+01 3.470407e+01
    endloop
  endfacet
  facet normal -2.337648e-01 2.337648e-01 9.437733e-01
    outer loop
      vertex   -2.077138e+00 -1.088486e+01 3.470407e+01
      vertex   -1.721152e+00 -1.127536e+01 3.488896e+01
      vertex   -1.115138e+00 -9.922863e+00 3.470407e+01
    endloop
  endfacet
  facet normal -3.764915e-01 3.764915e-01 8.464682e-01
    outer loop
      vertex   -2.077138e+00 -1.088486e+01 3.470407e+01
      vertex   -1.115138e+00 -9.922863e+00 3.470407e+01
      vertex   -1.465440e+00 -9.603521e+00 3.440622e+01
    endloop
  endfacet
  facet normal -4.096237e-01 3.401472e-01 8.464682e-01
    outer loop
      vertex   -1.465440e+00 -9.603521e+00 3.440622e+01
      vertex   -1.115138e+00 -9.922863e+00 3.470407e+01
      vertex   -6.242772e-01 -8.590547e+00 3.440622e+01
    endloop
  endfacet
  facet normal -5.442916e-01 4.519740e-01 7.067292e-01
    outer loop
      vertex   -1.465440e+00 -9.603521e+00 3.440622e+01
      vertex   -6.242772e-01 -8.590547e+00 3.440622e+01
      vertex   -9.401757e-01 -8.351992e+00 3.401037e+01
    endloop
  endfacet
  facet normal -7.973114e-02 8.174430e-02 9.934590e-01
    outer loop
      vertex   -1.536293e+00 -1.185682e+01 3.495164e+01
      vertex   -4.077314e-01 -1.075605e+01 3.495164e+01
      vertex   -1.721152e+00 -1.127536e+01 3.488896e+01
    endloop
  endfacet
  facet normal -7.844374e-02 7.844374e-02 9.938275e-01
    outer loop
      vertex   -1.721152e+00 -1.127536e+01 3.488896e+01
      vertex   -4.077314e-01 -1.075605e+01 3.495164e+01
      vertex   -7.246408e-01 -1.027885e+01 3.488896e+01
    endloop
  endfacet
  facet normal -2.337648e-01 2.337648e-01 9.437733e-01
    outer loop
      vertex   -1.721152e+00 -1.127536e+01 3.488896e+01
      vertex   -7.246408e-01 -1.027885e+01 3.488896e+01
      vertex   -1.115138e+00 -9.922863e+00 3.470407e+01
    endloop
  endfacet
  facet normal -2.543367e-01 2.111985e-01 9.437733e-01
    outer loop
      vertex   -1.115138e+00 -9.922863e+00 3.470407e+01
      vertex   -7.246408e-01 -1.027885e+01 3.488896e+01
      vertex   -2.460050e-01 -8.876205e+00 3.470407e+01
    endloop
  endfacet
  facet normal -4.096237e-01 3.401472e-01 8.464682e-01
    outer loop
      vertex   -1.115138e+00 -9.922863e+00 3.470407e+01
      vertex   -2.460050e-01 -8.876205e+00 3.470407e+01
      vertex   -6.242772e-01 -8.590547e+00 3.440622e+01
    endloop
  endfacet
  facet normal -8.681666e-02 7.284783e-02 9.935573e-01
    outer loop
      vertex   -4.077314e-01 -1.075605e+01 3.495164e+01
      vertex   6.056211e-01 -9.548387e+00 3.495164e+01
      vertex   -7.246408e-01 -1.027885e+01 3.488896e+01
    endloop
  endfacet
  facet normal -8.606771e-02 7.146972e-02 9.937225e-01
    outer loop
      vertex   -7.246408e-01 -1.027885e+01 3.488896e+01
      vertex   6.056211e-01 -9.548387e+00 3.495164e+01
      vertex   1.756729e-01 -9.194642e+00 3.488896e+01
    endloop
  endfacet
  facet normal -2.543367e-01 2.111985e-01 9.437733e-01
    outer loop
      vertex   -7.246408e-01 -1.027885e+01 3.488896e+01
      vertex   1.756729e-01 -9.194642e+00 3.488896e+01
      vertex   -2.460050e-01 -8.876205e+00 3.470407e+01
    endloop
  endfacet
  facet normal -9.722458e-02 5.415374e-02 9.937881e-01
    outer loop
      vertex   9.721081e-01 -8.031989e+00 3.488896e+01
      vertex   1.493693e+00 -8.245824e+00 3.495164e+01
      vertex   1.657870e+00 -6.800811e+00 3.488896e+01
    endloop
  endfacet
  facet normal -9.999840e-02 5.445623e-02 9.934963e-01
    outer loop
      vertex   1.657870e+00 -6.800811e+00 3.488896e+01
      vertex   1.493693e+00 -8.245824e+00 3.495164e+01
      vertex   2.247659e+00 -6.861311e+00 3.495164e+01
    endloop
  endfacet
  facet normal -1.010485e-01 4.461728e-02 9.938805e-01
    outer loop
      vertex   1.657870e+00 -6.800811e+00 3.488896e+01
      vertex   2.247659e+00 -6.861311e+00 3.495164e+01
      vertex   2.227108e+00 -5.511611e+00 3.488896e+01
    endloop
  endfacet
  facet normal -1.056273e-01 4.452564e-02 9.934084e-01
    outer loop
      vertex   2.227108e+00 -5.511611e+00 3.488896e+01
      vertex   2.247659e+00 -6.861311e+00 3.495164e+01
      vertex   2.860025e+00 -5.408607e+00 3.495164e+01
    endloop
  endfacet
  facet normal -1.041140e-01 3.489548e-02 9.939530e-01
    outer loop
      vertex   2.227108e+00 -5.511611e+00 3.488896e+01
      vertex   2.860025e+00 -5.408607e+00 3.495164e+01
      vertex   2.674964e+00 -4.175387e+00 3.488896e+01
    endloop
  endfacet
  facet normal -1.101101e-01 3.396447e-02 9.933389e-01
    outer loop
      vertex   2.674964e+00 -4.175387e+00 3.488896e+01
      vertex   2.860025e+00 -5.408607e+00 3.495164e+01
      vertex   3.324706e+00 -3.902150e+00 3.495164e+01
    endloop
  endfacet
  facet normal -1.064169e-01 2.502902e-02 9.940065e-01
    outer loop
      vertex   2.674964e+00 -4.175387e+00 3.488896e+01
      vertex   3.324706e+00 -3.902150e+00 3.495164e+01
      vertex   2.997620e+00 -2.803541e+00 3.488896e+01
    endloop
  endfacet
  facet normal -1.133694e-01 2.291811e-02 9.932886e-01
    outer loop
      vertex   2.997620e+00 -2.803541e+00 3.488896e+01
      vertex   3.324706e+00 -3.902150e+00 3.495164e+01
      vertex   3.637082e+00 -2.356911e+00 3.495164e+01
    endloop
  endfacet
  facet normal -1.079540e-01 1.505894e-02 9.940418e-01
    outer loop
      vertex   2.997620e+00 -2.803541e+00 3.488896e+01
      vertex   3.637082e+00 -2.356911e+00 3.495164e+01
      vertex   3.192321e+00 -1.407776e+00 3.488896e+01
    endloop
  endfacet
  facet normal -1.153481e-01 1.154232e-02 9.932581e-01
    outer loop
      vertex   3.192321e+00 -1.407776e+00 3.488896e+01
      vertex   3.637082e+00 -2.356911e+00 3.495164e+01
      vertex   3.794051e+00 -7.882483e-01 3.495164e+01
    endloop
  endfacet
  facet normal -1.087231e-01 5.026572e-03 9.940594e-01
    outer loop
      vertex   3.192321e+00 -1.407776e+00 3.488896e+01
      vertex   3.794051e+00 -7.882483e-01 3.495164e+01
      vertex   3.257406e+00 -2.669276e-16 3.488896e+01
    endloop
  endfacet
  facet normal -1.160116e-01 0.000000e+00 9.932479e-01
    outer loop
      vertex   3.257406e+00 -2.669276e-16 3.488896e+01
      vertex   3.794051e+00 -7.882483e-01 3.495164e+01
      vertex   3.794051e+00 7.882483e-01 3.495164e+01
    endloop
  endfacet
  facet normal -1.087231e-01 -5.026572e-03 9.940594e-01
    outer loop
      vertex   3.257406e+00 -2.669276e-16 3.488896e+01
      vertex   3.794051e+00 7.882483e-01 3.495164e+01
      vertex   3.192321e+00 1.407776e+00 3.488896e+01
    endloop
  endfacet
  facet normal -1.153481e-01 -1.154232e-02 9.932581e-01
    outer loop
      vertex   3.192321e+00 1.407776e+00 3.488896e+01
      vertex   3.794051e+00 7.882483e-01 3.495164e+01
      vertex   3.637082e+00 2.356911e+00 3.495164e+01
    endloop
  endfacet
  facet normal -1.079540e-01 -1.505894e-02 9.940418e-01
    outer loop
      vertex   3.192321e+00 1.407776e+00 3.488896e+01
      vertex   3.637082e+00 2.356911e+00 3.495164e+01
      vertex   2.997620e+00 2.803541e+00 3.488896e+01
    endloop
  endfacet
  facet normal -1.133694e-01 -2.291811e-02 9.932886e-01
    outer loop
      vertex   2.997620e+00 2.803541e+00 3.488896e+01
      vertex   3.637082e+00 2.356911e+00 3.495164e+01
      vertex   3.324706e+00 3.902150e+00 3.495164e+01
    endloop
  endfacet
  facet normal -1.064169e-01 -2.502902e-02 9.940065e-01
    outer loop
      vertex   2.997620e+00 2.803541e+00 3.488896e+01
      vertex   3.324706e+00 3.902150e+00 3.495164e+01
      vertex   2.674964e+00 4.175387e+00 3.488896e+01
    endloop
  endfacet
  facet normal -1.101101e-01 -3.396447e-02 9.933389e-01
    outer loop
      vertex   2.674964e+00 4.175387e+00 3.488896e+01
      vertex   3.324706e+00 3.902150e+00 3.495164e+01
      vertex   2.860025e+00 5.408607e+00 3.495164e+01
    endloop
  endfacet
  facet normal -1.041140e-01 -3.489548e-02 9.939530e-01
    outer loop
      vertex   2.674964e+00 4.175387e+00 3.488896e+01
      vertex   2.860025e+00 5.408607e+00 3.495164e+01
      vertex   2.227108e+00 5.511611e+00 3.488896e+01
    endloop
  endfacet
  facet normal -1.056273e-01 -4.452564e-02 9.934084e-01
    outer loop
      vertex   2.227108e+00 5.511611e+00 3.488896e+01
      vertex   2.860025e+00 5.408607e+00 3.495164e+01
      vertex   2.247659e+00 6.861311e+00 3.495164e+01
    endloop
  endfacet
  facet normal -1.010485e-01 -4.461728e-02 9.938805e-01
    outer loop
      vertex   2.227108e+00 5.511611e+00 3.488896e+01
      vertex   2.247659e+00 6.861311e+00 3.495164e+01
      vertex   1.657870e+00 6.800811e+00 3.488896e+01
    endloop
  endfacet
  facet normal -9.999840e-02 -5.445623e-02 9.934963e-01
    outer loop
      vertex   1.657870e+00 6.800811e+00 3.488896e+01
      vertex   2.247659e+00 6.861311e+00 3.495164e+01
      vertex   1.493693e+00 8.245824e+00 3.495164e+01
    endloop
  endfacet
  facet normal -9.722458e-02 -5.415374e-02 9.937881e-01
    outer loop
      vertex   1.657870e+00 6.800811e+00 3.488896e+01
      vertex   1.493693e+00 8.245824e+00 3.495164e+01
      vertex   9.721081e-01 8.031989e+00 3.488896e+01
    endloop
  endfacet
  facet normal -9.331952e-02 -6.362417e-02 9.936012e-01
    outer loop
      vertex   9.721081e-01 8.031989e+00 3.488896e+01
      vertex   1.493693e+00 8.245824e+00 3.495164e+01
      vertex   6.056211e-01 9.548387e+00 3.495164e+01
    endloop
  endfacet
  facet normal -9.264697e-02 -6.346465e-02 9.936744e-01
    outer loop
      vertex   9.721081e-01 8.031989e+00 3.488896e+01
      vertex   6.056211e-01 9.548387e+00 3.495164e+01
      vertex   1.756729e-01 9.194642e+00 3.488896e+01
    endloop
  endfacet
  facet normal -8.606771e-02 -7.146972e-02 9.937225e-01
    outer loop
      vertex   1.756729e-01 9.194642e+00 3.488896e+01
      vertex   6.056211e-01 9.548387e+00 3.495164e+01
      vertex   -7.246408e-01 1.027885e+01 3.488896e+01
    endloop
  endfacet
  facet normal -2.543367e-01 -2.111985e-01 9.437733e-01
    outer loop
      vertex   1.756729e-01 9.194642e+00 3.488896e+01
      vertex   -7.246408e-01 1.027885e+01 3.488896e+01
      vertex   -1.115138e+00 9.922863e+00 3.470407e+01
    endloop
  endfacet
  facet normal -2.337648e-01 -2.337648e-01 9.437733e-01
    outer loop
      vertex   -1.115138e+00 9.922863e+00 3.470407e+01
      vertex   -7.246408e-01 1.027885e+01 3.488896e+01
      vertex   -2.077138e+00 1.088486e+01 3.470407e+01
    endloop
  endfacet
  facet normal -3.764915e-01 -3.764915e-01 8.464682e-01
    outer loop
      vertex   -1.115138e+00 9.922863e+00 3.470407e+01
      vertex   -2.077138e+00 1.088486e+01 3.470407e+01
      vertex   -2.396479e+00 1.053456e+01 3.440622e+01
    endloop
  endfacet
  facet normal -3.401472e-01 -4.096237e-01 8.464682e-01
    outer loop
      vertex   -2.396479e+00 1.053456e+01 3.440622e+01
      vertex   -2.077138e+00 1.088486e+01 3.470407e+01
      vertex   -3.409453e+00 1.137572e+01 3.440622e+01
    endloop
  endfacet
  facet normal -4.519740e-01 -5.442916e-01 7.067292e-01
    outer loop
      vertex   -2.396479e+00 1.053456e+01 3.440622e+01
      vertex   -3.409453e+00 1.137572e+01 3.440622e+01
      vertex   -3.648008e+00 1.105982e+01 3.401037e+01
    endloop
  endfacet
  facet normal -3.998250e-01 -5.836726e-01 7.067292e-01
    outer loop
      vertex   -3.648008e+00 1.105982e+01 3.401037e+01
      vertex   -3.409453e+00 1.137572e+01 3.440622e+01
      vertex   -4.704108e+00 1.178327e+01 3.401037e+01
    endloop
  endfacet
  facet normal -4.786592e-01 -6.987563e-01 5.316249e-01
    outer loop
      vertex   -3.648008e+00 1.105982e+01 3.401037e+01
      vertex   -4.704108e+00 1.178327e+01 3.401037e+01
      vertex   -4.860903e+00 1.153004e+01 3.353635e+01
    endloop
  endfacet
  facet normal -4.121442e-01 -7.399406e-01 5.316249e-01
    outer loop
      vertex   -4.860903e+00 1.153004e+01 3.353635e+01
      vertex   -4.704108e+00 1.178327e+01 3.401037e+01
      vertex   -5.955215e+00 1.213957e+01 3.353635e+01
    endloop
  endfacet
  facet normal -4.593513e-01 -8.246936e-01 3.299650e-01
    outer loop
      vertex   -4.860903e+00 1.153004e+01 3.353635e+01
      vertex   -5.955215e+00 1.213957e+01 3.353635e+01
      vertex   -6.037631e+00 1.197405e+01 3.300795e+01
    endloop
  endfacet
  facet normal -3.812987e-01 -8.635591e-01 3.299650e-01
    outer loop
      vertex   -6.037631e+00 1.197405e+01 3.300795e+01
      vertex   -5.955215e+00 1.213957e+01 3.353635e+01
      vertex   -7.167891e+00 1.247311e+01 3.300795e+01
    endloop
  endfacet
  facet normal -4.017920e-01 -9.099722e-01 1.025367e-01
    outer loop
      vertex   -6.037631e+00 1.197405e+01 3.300795e+01
      vertex   -7.167891e+00 1.247311e+01 3.300795e+01
      vertex   -7.072089e+00 1.236813e+01 3.245164e+01
    endloop
  endfacet
  facet normal -3.168803e-01 -9.404673e-01 1.229147e-01
    outer loop
      vertex   -7.072089e+00 1.236813e+01 3.245164e+01
      vertex   -7.167891e+00 1.247311e+01 3.300795e+01
      vertex   -8.438206e+00 1.282842e+01 3.245164e+01
    endloop
  endfacet
  facet normal -3.155247e-01 -9.413977e-01 1.192249e-01
    outer loop
      vertex   -8.438206e+00 1.282842e+01 3.245164e+01
      vertex   -7.167891e+00 1.247311e+01 3.300795e+01
      vertex   -8.339378e+00 1.286575e+01 3.300795e+01
    endloop
  endfacet
  facet normal -2.276752e-01 -9.680155e-01 1.054044e-01
    outer loop
      vertex   -8.438206e+00 1.282842e+01 3.245164e+01
      vertex   -8.339378e+00 1.286575e+01 3.300795e+01
      vertex   -9.542095e+00 1.314863e+01 3.300795e+01
    endloop
  endfacet
  facet normal -2.161278e-01 -9.189189e-01 3.299650e-01
    outer loop
      vertex   -9.542095e+00 1.314863e+01 3.300795e+01
      vertex   -8.339378e+00 1.286575e+01 3.300795e+01
      vertex   -8.288778e+00 1.304359e+01 3.353635e+01
    endloop
  endfacet
  facet normal -2.161278e-01 -9.189189e-01 3.299650e-01
    outer loop
      vertex   -9.542095e+00 1.314863e+01 3.300795e+01
      vertex   -8.288778e+00 1.304359e+01 3.353635e+01
      vertex   -9.508120e+00 1.333038e+01 3.353635e+01
    endloop
  endfacet
  facet normal -1.939165e-01 -8.244825e-01 5.316249e-01
    outer loop
      vertex   -9.508120e+00 1.333038e+01 3.353635e+01
      vertex   -8.288778e+00 1.304359e+01 3.353635e+01
      vertex   -8.207269e+00 1.333007e+01 3.401037e+01
    endloop
  endfacet
  facet normal -1.939165e-01 -8.244825e-01 5.316249e-01
    outer loop
      vertex   -9.508120e+00 1.333038e+01 3.353635e+01
      vertex   -8.207269e+00 1.333007e+01 3.401037e+01
      vertex   -9.453392e+00 1.362315e+01 3.401037e+01
    endloop
  endfacet
  facet normal -1.619789e-01 -6.886920e-01 7.067292e-01
    outer loop
      vertex   -9.453392e+00 1.362315e+01 3.401037e+01
      vertex   -8.207269e+00 1.333007e+01 3.401037e+01
      vertex   -8.098939e+00 1.371081e+01 3.440622e+01
    endloop
  endfacet
  facet normal -1.619789e-01 -6.886920e-01 7.067292e-01
    outer loop
      vertex   -9.453392e+00 1.362315e+01 3.401037e+01
      vertex   -8.098939e+00 1.371081e+01 3.440622e+01
      vertex   -9.380654e+00 1.401227e+01 3.440622e+01
    endloop
  endfacet
  facet normal -1.219023e-01 -5.182967e-01 8.464682e-01
    outer loop
      vertex   -9.380654e+00 1.401227e+01 3.440622e+01
      vertex   -8.098939e+00 1.371081e+01 3.440622e+01
      vertex   -7.969218e+00 1.416673e+01 3.470407e+01
    endloop
  endfacet
  facet normal -1.219023e-01 -5.182967e-01 8.464682e-01
    outer loop
      vertex   -9.380654e+00 1.401227e+01 3.440622e+01
      vertex   -7.969218e+00 1.416673e+01 3.470407e+01
      vertex   -9.293554e+00 1.447821e+01 3.470407e+01
    endloop
  endfacet
  facet normal -7.568952e-02 -3.218121e-01 9.437733e-01
    outer loop
      vertex   -9.293554e+00 1.447821e+01 3.470407e+01
      vertex   -7.969218e+00 1.416673e+01 3.470407e+01
      vertex   -7.824613e+00 1.467496e+01 3.488896e+01
    endloop
  endfacet
  facet normal -7.568952e-02 -3.218121e-01 9.437733e-01
    outer loop
      vertex   -9.293554e+00 1.447821e+01 3.470407e+01
      vertex   -7.824613e+00 1.467496e+01 3.488896e+01
      vertex   -9.196459e+00 1.499762e+01 3.488896e+01
    endloop
  endfacet
  facet normal -2.492905e-02 -1.059918e-01 9.940545e-01
    outer loop
      vertex   -9.196459e+00 1.499762e+01 3.488896e+01
      vertex   -7.824613e+00 1.467496e+01 3.488896e+01
      vertex   -8.481119e+00 1.541723e+01 3.495164e+01
    endloop
  endfacet
  facet normal -2.011546e-02 -1.140805e-01 9.932678e-01
    outer loop
      vertex   -9.196459e+00 1.499762e+01 3.488896e+01
      vertex   -8.481119e+00 1.541723e+01 3.495164e+01
      vertex   -1.003367e+01 1.569098e+01 3.495164e+01
    endloop
  endfacet
  facet normal -8.681666e-02 -7.284783e-02 9.935573e-01
    outer loop
      vertex   6.056211e-01 9.548387e+00 3.495164e+01
      vertex   -4.077314e-01 1.075605e+01 3.495164e+01
      vertex   -7.246408e-01 1.027885e+01 3.488896e+01
    endloop
  endfacet
  facet normal -7.844374e-02 -7.844374e-02 9.938275e-01
    outer loop
      vertex   -7.246408e-01 1.027885e+01 3.488896e+01
      vertex   -4.077314e-01 1.075605e+01 3.495164e+01
      vertex   -1.721152e+00 1.127536e+01 3.488896e+01
    endloop
  endfacet
  facet normal -2.337648e-01 -2.337648e-01 9.437733e-01
    outer loop
      vertex   -7.246408e-01 1.027885e+01 3.488896e+01
      vertex   -1.721152e+00 1.127536e+01 3.488896e+01
      vertex   -2.077138e+00 1.088486e+01 3.470407e+01
    endloop
  endfacet
  facet normal -2.111985e-01 -2.543367e-01 9.437733e-01
    outer loop
      vertex   -2.077138e+00 1.088486e+01 3.470407e+01
      vertex   -1.721152e+00 1.127536e+01 3.488896e+01
      vertex   -3.123795e+00 1.175400e+01 3.470407e+01
    endloop
  endfacet
  facet normal -3.401472e-01 -4.096237e-01 8.464682e-01
    outer loop
      vertex   -2.077138e+00 1.088486e+01 3.470407e+01
      vertex   -3.123795e+00 1.175400e+01 3.470407e+01
      vertex   -3.409453e+00 1.137572e+01 3.440622e+01
    endloop
  endfacet
  facet normal -3.009009e-01 -4.392611e-01 8.464682e-01
    outer loop
      vertex   -3.409453e+00 1.137572e+01 3.440622e+01
      vertex   -3.123795e+00 1.175400e+01 3.470407e+01
      vertex   -4.495718e+00 1.211983e+01 3.440622e+01
    endloop
  endfacet
  facet normal -3.998250e-01 -5.836726e-01 7.067292e-01
    outer loop
      vertex   -3.409453e+00 1.137572e+01 3.440622e+01
      vertex   -4.495718e+00 1.211983e+01 3.440622e+01
      vertex   -4.704108e+00 1.178327e+01 3.401037e+01
    endloop
  endfacet
  facet normal -3.442649e-01 -6.180740e-01 7.067292e-01
    outer loop
      vertex   -4.704108e+00 1.178327e+01 3.401037e+01
      vertex   -4.495718e+00 1.211983e+01 3.440622e+01
      vertex   -5.822454e+00 1.240618e+01 3.401037e+01
    endloop
  endfacet
  facet normal -4.121442e-01 -7.399406e-01 5.316249e-01
    outer loop
      vertex   -4.704108e+00 1.178327e+01 3.401037e+01
      vertex   -5.822454e+00 1.240618e+01 3.401037e+01
      vertex   -5.955215e+00 1.213957e+01 3.353635e+01
    endloop
  endfacet
  facet normal -3.421130e-01 -7.748120e-01 5.316249e-01
    outer loop
      vertex   -5.955215e+00 1.213957e+01 3.353635e+01
      vertex   -5.822454e+00 1.240618e+01 3.401037e+01
      vertex   -7.101098e+00 1.264552e+01 3.353635e+01
    endloop
  endfacet
  facet normal -3.812987e-01 -8.635591e-01 3.299650e-01
    outer loop
      vertex   -5.955215e+00 1.213957e+01 3.353635e+01
      vertex   -7.101098e+00 1.264552e+01 3.353635e+01
      vertex   -7.167891e+00 1.247311e+01 3.300795e+01
    endloop
  endfacet
  facet normal -2.999929e-01 -8.950572e-01 3.299650e-01
    outer loop
      vertex   -7.167891e+00 1.247311e+01 3.300795e+01
      vertex   -7.101098e+00 1.264552e+01 3.353635e+01
      vertex   -8.339378e+00 1.286575e+01 3.300795e+01
    endloop
  endfacet
  facet normal -7.973114e-02 -8.174430e-02 9.934590e-01
    outer loop
      vertex   -4.077314e-01 1.075605e+01 3.495164e+01
      vertex   -1.536293e+00 1.185682e+01 3.495164e+01
      vertex   -1.721152e+00 1.127536e+01 3.488896e+01
    endloop
  endfacet
  facet normal -7.038698e-02 -8.476382e-02 9.939119e-01
    outer loop
      vertex   -1.721152e+00 1.127536e+01 3.488896e+01
      vertex   -1.536293e+00 1.185682e+01 3.495164e+01
      vertex   -2.805359e+00 1.217567e+01 3.488896e+01
    endloop
  endfacet
  facet normal -2.111985e-01 -2.543367e-01 9.437733e-01
    outer loop
      vertex   -1.721152e+00 1.127536e+01 3.488896e+01
      vertex   -2.805359e+00 1.217567e+01 3.488896e+01
      vertex   -3.123795e+00 1.175400e+01 3.470407e+01
    endloop
  endfacet
  facet normal -1.868303e-01 -2.727387e-01 9.437733e-01
    outer loop
      vertex   -3.123795e+00 1.175400e+01 3.470407e+01
      vertex   -2.805359e+00 1.217567e+01 3.488896e+01
      vertex   -4.246181e+00 1.252285e+01 3.470407e+01
    endloop
  endfacet
  facet normal -3.009009e-01 -4.392611e-01 8.464682e-01
    outer loop
      vertex   -3.123795e+00 1.175400e+01 3.470407e+01
      vertex   -4.246181e+00 1.252285e+01 3.470407e+01
      vertex   -4.495718e+00 1.211983e+01 3.440622e+01
    endloop
  endfacet
  facet normal -2.590874e-01 -4.651509e-01 8.464682e-01
    outer loop
      vertex   -4.495718e+00 1.211983e+01 3.440622e+01
      vertex   -4.246181e+00 1.252285e+01 3.470407e+01
      vertex   -5.646007e+00 1.276054e+01 3.440622e+01
    endloop
  endfacet
  facet normal -3.442649e-01 -6.180740e-01 7.067292e-01
    outer loop
      vertex   -4.495718e+00 1.211983e+01 3.440622e+01
      vertex   -5.646007e+00 1.276054e+01 3.440622e+01
      vertex   -5.822454e+00 1.240618e+01 3.401037e+01
    endloop
  endfacet
  facet normal -2.857677e-01 -6.472021e-01 7.067292e-01
    outer loop
      vertex   -5.822454e+00 1.240618e+01 3.401037e+01
      vertex   -5.646007e+00 1.276054e+01 3.440622e+01
      vertex   -6.993505e+00 1.292325e+01 3.401037e+01
    endloop
  endfacet
  facet normal -3.421130e-01 -7.748120e-01 5.316249e-01
    outer loop
      vertex   -5.822454e+00 1.240618e+01 3.401037e+01
      vertex   -6.993505e+00 1.292325e+01 3.401037e+01
      vertex   -7.101098e+00 1.264552e+01 3.353635e+01
    endloop
  endfacet
  facet normal -2.691629e-01 -8.030730e-01 5.316249e-01
    outer loop
      vertex   -7.101098e+00 1.264552e+01 3.353635e+01
      vertex   -6.993505e+00 1.292325e+01 3.401037e+01
      vertex   -8.288778e+00 1.304359e+01 3.353635e+01
    endloop
  endfacet
  facet normal -2.999929e-01 -8.950572e-01 3.299650e-01
    outer loop
      vertex   -7.101098e+00 1.264552e+01 3.353635e+01
      vertex   -8.288778e+00 1.304359e+01 3.353635e+01
      vertex   -8.339378e+00 1.286575e+01 3.300795e+01
    endloop
  endfacet
  facet normal -7.163188e-02 -8.982354e-02 9.933784e-01
    outer loop
      vertex   -1.536293e+00 1.185682e+01 3.495164e+01
      vertex   -2.768848e+00 1.283975e+01 3.495164e+01
      vertex   -2.805359e+00 1.217567e+01 3.488896e+01
    endloop
  endfacet
  facet normal -6.193446e-02 -9.041317e-02 9.939767e-01
    outer loop
      vertex   -2.805359e+00 1.217567e+01 3.488896e+01
      vertex   -2.768848e+00 1.283975e+01 3.495164e+01
      vertex   -3.968011e+00 1.297211e+01 3.488896e+01
    endloop
  endfacet
  facet normal -1.868303e-01 -2.727387e-01 9.437733e-01
    outer loop
      vertex   -2.805359e+00 1.217567e+01 3.488896e+01
      vertex   -3.968011e+00 1.297211e+01 3.488896e+01
      vertex   -4.246181e+00 1.252285e+01 3.470407e+01
    endloop
  endfacet
  facet normal -1.608682e-01 -2.888137e-01 9.437733e-01
    outer loop
      vertex   -4.246181e+00 1.252285e+01 3.470407e+01
      vertex   -3.968011e+00 1.297211e+01 3.488896e+01
      vertex   -5.434720e+00 1.318486e+01 3.470407e+01
    endloop
  endfacet
  facet normal -2.590874e-01 -4.651509e-01 8.464682e-01
    outer loop
      vertex   -4.246181e+00 1.252285e+01 3.470407e+01
      vertex   -5.434720e+00 1.318486e+01 3.470407e+01
      vertex   -5.646007e+00 1.276054e+01 3.440622e+01
    endloop
  endfacet
  facet normal -2.150634e-01 -4.870722e-01 8.464682e-01
    outer loop
      vertex   -5.646007e+00 1.276054e+01 3.440622e+01
      vertex   -5.434720e+00 1.318486e+01 3.470407e+01
      vertex   -6.850506e+00 1.329238e+01 3.440622e+01
    endloop
  endfacet
  facet normal -2.857677e-01 -6.472021e-01 7.067292e-01
    outer loop
      vertex   -5.646007e+00 1.276054e+01 3.440622e+01
      vertex   -6.850506e+00 1.329238e+01 3.440622e+01
      vertex   -6.993505e+00 1.292325e+01 3.401037e+01
    endloop
  endfacet
  facet normal -2.248324e-01 -6.708086e-01 7.067292e-01
    outer loop
      vertex   -6.993505e+00 1.292325e+01 3.401037e+01
      vertex   -6.850506e+00 1.329238e+01 3.440622e+01
      vertex   -8.207269e+00 1.333007e+01 3.401037e+01
    endloop
  endfacet
  facet normal -2.691629e-01 -8.030730e-01 5.316249e-01
    outer loop
      vertex   -6.993505e+00 1.292325e+01 3.401037e+01
      vertex   -8.207269e+00 1.333007e+01 3.401037e+01
      vertex   -8.288778e+00 1.304359e+01 3.353635e+01
    endloop
  endfacet
  facet normal -6.262238e-02 -9.695841e-02 9.933164e-01
    outer loop
      vertex   -2.768848e+00 1.283975e+01 3.495164e+01
      vertex   -4.093146e+00 1.369507e+01 3.495164e+01
      vertex   -3.968011e+00 1.297211e+01 3.488896e+01
    endloop
  endfacet
  facet normal -5.312386e-02 -9.537559e-02 9.940228e-01
    outer loop
      vertex   -3.968011e+00 1.297211e+01 3.488896e+01
      vertex   -4.093146e+00 1.369507e+01 3.495164e+01
      vertex   -5.199189e+00 1.365787e+01 3.488896e+01
    endloop
  endfacet
  facet normal -1.608682e-01 -2.888137e-01 9.437733e-01
    outer loop
      vertex   -3.968011e+00 1.297211e+01 3.488896e+01
      vertex   -5.199189e+00 1.365787e+01 3.488896e+01
      vertex   -5.434720e+00 1.318486e+01 3.470407e+01
    endloop
  endfacet
  facet normal -1.335336e-01 -3.024247e-01 9.437733e-01
    outer loop
      vertex   -5.434720e+00 1.318486e+01 3.470407e+01
      vertex   -5.199189e+00 1.365787e+01 3.488896e+01
      vertex   -6.679272e+00 1.373438e+01 3.470407e+01
    endloop
  endfacet
  facet normal -2.150634e-01 -4.870722e-01 8.464682e-01
    outer loop
      vertex   -5.434720e+00 1.318486e+01 3.470407e+01
      vertex   -6.679272e+00 1.373438e+01 3.470407e+01
      vertex   -6.850506e+00 1.329238e+01 3.440622e+01
    endloop
  endfacet
  facet normal -1.692047e-01 -5.048380e-01 8.464682e-01
    outer loop
      vertex   -6.850506e+00 1.329238e+01 3.440622e+01
      vertex   -6.679272e+00 1.373438e+01 3.470407e+01
      vertex   -8.098939e+00 1.371081e+01 3.440622e+01
    endloop
  endfacet
  facet normal -2.248324e-01 -6.708086e-01 7.067292e-01
    outer loop
      vertex   -6.850506e+00 1.329238e+01 3.440622e+01
      vertex   -8.098939e+00 1.371081e+01 3.440622e+01
      vertex   -8.207269e+00 1.333007e+01 3.401037e+01
    endloop
  endfacet
  facet normal -5.282373e-02 -1.030365e-01 9.932739e-01
    outer loop
      vertex   -4.093146e+00 1.369507e+01 3.495164e+01
      vertex   -5.496026e+00 1.441429e+01 3.495164e+01
      vertex   -5.199189e+00 1.365787e+01 3.488896e+01
    endloop
  endfacet
  facet normal -4.399345e-02 -9.963567e-02 9.940510e-01
    outer loop
      vertex   -5.199189e+00 1.365787e+01 3.488896e+01
      vertex   -5.496026e+00 1.441429e+01 3.495164e+01
      vertex   -6.488389e+00 1.422711e+01 3.488896e+01
    endloop
  endfacet
  facet normal -1.335336e-01 -3.024247e-01 9.437733e-01
    outer loop
      vertex   -5.199189e+00 1.365787e+01 3.488896e+01
      vertex   -6.488389e+00 1.422711e+01 3.488896e+01
      vertex   -6.679272e+00 1.373438e+01 3.470407e+01
    endloop
  endfacet
  facet normal -1.050597e-01 -3.134556e-01 9.437733e-01
    outer loop
      vertex   -6.679272e+00 1.373438e+01 3.470407e+01
      vertex   -6.488389e+00 1.422711e+01 3.488896e+01
      vertex   -7.969218e+00 1.416673e+01 3.470407e+01
    endloop
  endfacet
  facet normal -1.692047e-01 -5.048380e-01 8.464682e-01
    outer loop
      vertex   -6.679272e+00 1.373438e+01 3.470407e+01
      vertex   -7.969218e+00 1.416673e+01 3.470407e+01
      vertex   -8.098939e+00 1.371081e+01 3.440622e+01
    endloop
  endfacet
  facet normal -4.237229e-02 -1.079628e-01 9.932515e-01
    outer loop
      vertex   -5.496026e+00 1.441429e+01 3.495164e+01
      vertex   -6.963545e+00 1.499025e+01 3.495164e+01
      vertex   -6.488389e+00 1.422711e+01 3.488896e+01
    endloop
  endfacet
  facet normal -3.458208e-02 -1.031789e-01 9.940615e-01
    outer loop
      vertex   -6.488389e+00 1.422711e+01 3.488896e+01
      vertex   -6.963545e+00 1.499025e+01 3.495164e+01
      vertex   -7.824613e+00 1.467496e+01 3.488896e+01
    endloop
  endfacet
  facet normal -1.050597e-01 -3.134556e-01 9.437733e-01
    outer loop
      vertex   -6.488389e+00 1.422711e+01 3.488896e+01
      vertex   -7.824613e+00 1.467496e+01 3.488896e+01
      vertex   -7.969218e+00 1.416673e+01 3.470407e+01
    endloop
  endfacet
  facet normal -3.141684e-02 -1.116621e-01 9.932495e-01
    outer loop
      vertex   -6.963545e+00 1.499025e+01 3.495164e+01
      vertex   -8.481119e+00 1.541723e+01 3.495164e+01
      vertex   -7.824613e+00 1.467496e+01 3.488896e+01
    endloop
  endfacet
  facet normal -1.507401e-02 -1.080620e-01 9.940299e-01
    outer loop
      vertex   -9.196459e+00 1.499762e+01 3.488896e+01
      vertex   -1.003367e+01 1.569098e+01 3.495164e+01
      vertex   -1.059222e+01 1.519232e+01 3.488896e+01
    endloop
  endfacet
  facet normal -8.632057e-03 -1.151868e-01 9.933063e-01
    outer loop
      vertex   -1.059222e+01 1.519232e+01 3.488896e+01
      vertex   -1.003367e+01 1.569098e+01 3.495164e+01
      vertex   -1.160575e+01 1.580879e+01 3.495164e+01
    endloop
  endfacet
  facet normal -5.056856e-03 -1.093781e-01 9.939874e-01
    outer loop
      vertex   -1.059222e+01 1.519232e+01 3.488896e+01
      vertex   -1.160575e+01 1.580879e+01 3.495164e+01
      vertex   -1.200000e+01 1.525741e+01 3.488896e+01
    endloop
  endfacet
  facet normal 2.867251e-03 -1.149731e-01 9.933645e-01
    outer loop
      vertex   -1.200000e+01 1.525741e+01 3.488896e+01
      vertex   -1.160575e+01 1.580879e+01 3.495164e+01
      vertex   -1.318176e+01 1.576949e+01 3.495164e+01
    endloop
  endfacet
  facet normal 5.082369e-03 -1.099300e-01 9.939263e-01
    outer loop
      vertex   -1.200000e+01 1.525741e+01 3.488896e+01
      vertex   -1.318176e+01 1.576949e+01 3.495164e+01
      vertex   -1.340778e+01 1.519232e+01 3.488896e+01
    endloop
  endfacet
  facet normal 1.421771e-02 -1.134547e-01 9.934414e-01
    outer loop
      vertex   -1.340778e+01 1.519232e+01 3.488896e+01
      vertex   -1.318176e+01 1.576949e+01 3.495164e+01
      vertex   -1.474602e+01 1.557346e+01 3.495164e+01
    endloop
  endfacet
  facet normal 1.530365e-02 -1.097083e-01 9.938460e-01
    outer loop
      vertex   -1.340778e+01 1.519232e+01 3.488896e+01
      vertex   -1.474602e+01 1.557346e+01 3.495164e+01
      vertex   -1.480354e+01 1.499762e+01 3.488896e+01
    endloop
  endfacet
  facet normal 2.525949e-02 -1.106690e-01 9.935363e-01
    outer loop
      vertex   -1.480354e+01 1.499762e+01 3.488896e+01
      vertex   -1.474602e+01 1.557346e+01 3.495164e+01
      vertex   -1.628299e+01 1.522266e+01 3.495164e+01
    endloop
  endfacet
  facet normal 2.556713e-02 -1.087048e-01 9.937452e-01
    outer loop
      vertex   -1.480354e+01 1.499762e+01 3.488896e+01
      vertex   -1.628299e+01 1.522266e+01 3.495164e+01
      vertex   -1.617539e+01 1.467496e+01 3.488896e+01
    endloop
  endfacet
  facet normal 3.575932e-02 -1.066913e-01 9.936490e-01
    outer loop
      vertex   -1.617539e+01 1.467496e+01 3.488896e+01
      vertex   -1.628299e+01 1.522266e+01 3.495164e+01
      vertex   -1.751161e+01 1.422711e+01 3.488896e+01
    endloop
  endfacet
  facet normal 1.050597e-01 -3.134556e-01 9.437733e-01
    outer loop
      vertex   -1.617539e+01 1.467496e+01 3.488896e+01
      vertex   -1.751161e+01 1.422711e+01 3.488896e+01
      vertex   -1.732073e+01 1.373438e+01 3.470407e+01
    endloop
  endfacet
  facet normal 1.335336e-01 -3.024247e-01 9.437733e-01
    outer loop
      vertex   -1.732073e+01 1.373438e+01 3.470407e+01
      vertex   -1.751161e+01 1.422711e+01 3.488896e+01
      vertex   -1.856528e+01 1.318486e+01 3.470407e+01
    endloop
  endfacet
  facet normal 2.150634e-01 -4.870722e-01 8.464682e-01
    outer loop
      vertex   -1.732073e+01 1.373438e+01 3.470407e+01
      vertex   -1.856528e+01 1.318486e+01 3.470407e+01
      vertex   -1.835399e+01 1.276054e+01 3.440622e+01
    endloop
  endfacet
  facet normal 2.590874e-01 -4.651509e-01 8.464682e-01
    outer loop
      vertex   -1.835399e+01 1.276054e+01 3.440622e+01
      vertex   -1.856528e+01 1.318486e+01 3.470407e+01
      vertex   -1.950428e+01 1.211983e+01 3.440622e+01
    endloop
  endfacet
  facet normal 3.442649e-01 -6.180740e-01 7.067292e-01
    outer loop
      vertex   -1.835399e+01 1.276054e+01 3.440622e+01
      vertex   -1.950428e+01 1.211983e+01 3.440622e+01
      vertex   -1.929589e+01 1.178327e+01 3.401037e+01
    endloop
  endfacet
  facet normal 3.998250e-01 -5.836726e-01 7.067292e-01
    outer loop
      vertex   -1.929589e+01 1.178327e+01 3.401037e+01
      vertex   -1.950428e+01 1.211983e+01 3.440622e+01
      vertex   -2.035199e+01 1.105982e+01 3.401037e+01
    endloop
  endfacet
  facet normal 4.786592e-01 -6.987563e-01 5.316249e-01
    outer loop
      vertex   -1.929589e+01 1.178327e+01 3.401037e+01
      vertex   -2.035199e+01 1.105982e+01 3.401037e+01
      vertex   -2.017250e+01 1.082214e+01 3.353635e+01
    endloop
  endfacet
  facet normal 5.410904e-01 -6.516104e-01 5.316249e-01
    outer loop
      vertex   -2.017250e+01 1.082214e+01 3.353635e+01
      vertex   -2.035199e+01 1.105982e+01 3.401037e+01
      vertex   -2.113618e+01 1.002191e+01 3.353635e+01
    endloop
  endfacet
  facet normal 6.030670e-01 -7.262460e-01 3.299650e-01
    outer loop
      vertex   -2.017250e+01 1.082214e+01 3.353635e+01
      vertex   -2.113618e+01 1.002191e+01 3.353635e+01
      vertex   -2.101162e+01 9.885271e+00 3.300795e+01
    endloop
  endfacet
  facet normal 6.675040e-01 -6.675040e-01 3.299650e-01
    outer loop
      vertex   -2.101162e+01 9.885271e+00 3.300795e+01
      vertex   -2.113618e+01 1.002191e+01 3.353635e+01
      vertex   -2.188527e+01 9.011615e+00 3.300795e+01
    endloop
  endfacet
  facet normal 7.038847e-01 -7.038847e-01 9.535600e-02
    outer loop
      vertex   -2.101162e+01 9.885271e+00 3.300795e+01
      vertex   -2.188527e+01 9.011615e+00 3.300795e+01
      vertex   -2.166569e+01 9.155830e+00 3.245164e+01
    endloop
  endfacet
  facet normal 7.555087e-01 -6.417349e-01 1.318442e-01
    outer loop
      vertex   -2.166569e+01 9.155830e+00 3.245164e+01
      vertex   -2.188527e+01 9.011615e+00 3.300795e+01
      vertex   -2.259895e+01 8.057113e+00 3.245164e+01
    endloop
  endfacet
  facet normal 7.647915e-01 -6.350748e-01 1.085079e-01
    outer loop
      vertex   -2.259895e+01 8.057113e+00 3.245164e+01
      vertex   -2.188527e+01 9.011615e+00 3.300795e+01
      vertex   -2.267459e+01 8.061075e+00 3.300795e+01
    endloop
  endfacet
  facet normal 8.194839e-01 -5.613595e-01 1.154192e-01
    outer loop
      vertex   -2.259895e+01 8.057113e+00 3.245164e+01
      vertex   -2.267459e+01 8.061075e+00 3.300795e+01
      vertex   -2.337284e+01 7.041761e+00 3.300795e+01
    endloop
  endfacet
  facet normal 7.787920e-01 -5.334849e-01 3.299650e-01
    outer loop
      vertex   -2.337284e+01 7.041761e+00 3.300795e+01
      vertex   -2.267459e+01 8.061075e+00 3.300795e+01
      vertex   -2.282214e+01 8.172501e+00 3.353635e+01
    endloop
  endfacet
  facet normal 7.787920e-01 -5.334849e-01 3.299650e-01
    outer loop
      vertex   -2.337284e+01 7.041761e+00 3.300795e+01
      vertex   -2.282214e+01 8.172501e+00 3.353635e+01
      vertex   -2.353004e+01 7.139097e+00 3.353635e+01
    endloop
  endfacet
  facet normal 6.987563e-01 -4.786592e-01 5.316249e-01
    outer loop
      vertex   -2.353004e+01 7.139097e+00 3.353635e+01
      vertex   -2.282214e+01 8.172501e+00 3.353635e+01
      vertex   -2.305982e+01 8.351992e+00 3.401037e+01
    endloop
  endfacet
  facet normal 6.987563e-01 -4.786592e-01 5.316249e-01
    outer loop
      vertex   -2.353004e+01 7.139097e+00 3.353635e+01
      vertex   -2.305982e+01 8.351992e+00 3.401037e+01
      vertex   -2.378327e+01 7.295892e+00 3.401037e+01
    endloop
  endfacet
  facet normal 5.836726e-01 -3.998250e-01 7.067292e-01
    outer loop
      vertex   -2.378327e+01 7.295892e+00 3.401037e+01
      vertex   -2.305982e+01 8.351992e+00 3.401037e+01
      vertex   -2.337572e+01 8.590547e+00 3.440622e+01
    endloop
  endfacet
  facet normal 5.836726e-01 -3.998250e-01 7.067292e-01
    outer loop
      vertex   -2.378327e+01 7.295892e+00 3.401037e+01
      vertex   -2.337572e+01 8.590547e+00 3.440622e+01
      vertex   -2.411983e+01 7.504282e+00 3.440622e+01
    endloop
  endfacet
  facet normal 4.392611e-01 -3.009009e-01 8.464682e-01
    outer loop
      vertex   -2.411983e+01 7.504282e+00 3.440622e+01
      vertex   -2.337572e+01 8.590547e+00 3.440622e+01
      vertex   -2.375400e+01 8.876205e+00 3.470407e+01
    endloop
  endfacet
  facet normal 4.392611e-01 -3.009009e-01 8.464682e-01
    outer loop
      vertex   -2.411983e+01 7.504282e+00 3.440622e+01
      vertex   -2.375400e+01 8.876205e+00 3.470407e+01
      vertex   -2.452285e+01 7.753819e+00 3.470407e+01
    endloop
  endfacet
  facet normal 2.727387e-01 -1.868303e-01 9.437733e-01
    outer loop
      vertex   -2.452285e+01 7.753819e+00 3.470407e+01
      vertex   -2.375400e+01 8.876205e+00 3.470407e+01
      vertex   -2.417567e+01 9.194642e+00 3.488896e+01
    endloop
  endfacet
  facet normal 2.727387e-01 -1.868303e-01 9.437733e-01
    outer loop
      vertex   -2.452285e+01 7.753819e+00 3.470407e+01
      vertex   -2.417567e+01 9.194642e+00 3.488896e+01
      vertex   -2.497211e+01 8.031989e+00 3.488896e+01
    endloop
  endfacet
  facet normal 8.978155e-02 -6.150179e-02 9.940608e-01
    outer loop
      vertex   -2.497211e+01 8.031989e+00 3.488896e+01
      vertex   -2.417567e+01 9.194642e+00 3.488896e+01
      vertex   -2.506590e+01 8.908179e+00 3.495164e+01
    endloop
  endfacet
  facet normal 9.894387e-02 -6.046334e-02 9.932544e-01
    outer loop
      vertex   -2.497211e+01 8.031989e+00 3.488896e+01
      vertex   -2.506590e+01 8.908179e+00 3.495164e+01
      vertex   -2.588794e+01 7.562969e+00 3.495164e+01
    endloop
  endfacet
  facet normal 3.590713e-02 -1.068722e-01 9.936242e-01
    outer loop
      vertex   -1.628299e+01 1.522266e+01 3.495164e+01
      vertex   -1.777740e+01 1.472057e+01 3.495164e+01
      vertex   -1.751161e+01 1.422711e+01 3.488896e+01
    endloop
  endfacet
  facet normal 4.502762e-02 -1.019778e-01 9.937671e-01
    outer loop
      vertex   -1.751161e+01 1.422711e+01 3.488896e+01
      vertex   -1.777740e+01 1.472057e+01 3.495164e+01
      vertex   -1.880081e+01 1.365787e+01 3.488896e+01
    endloop
  endfacet
  facet normal 1.335336e-01 -3.024247e-01 9.437733e-01
    outer loop
      vertex   -1.751161e+01 1.422711e+01 3.488896e+01
      vertex   -1.880081e+01 1.365787e+01 3.488896e+01
      vertex   -1.856528e+01 1.318486e+01 3.470407e+01
    endloop
  endfacet
  facet normal 1.608682e-01 -2.888137e-01 9.437733e-01
    outer loop
      vertex   -1.856528e+01 1.318486e+01 3.470407e+01
      vertex   -1.880081e+01 1.365787e+01 3.488896e+01
      vertex   -1.975382e+01 1.252285e+01 3.470407e+01
    endloop
  endfacet
  facet normal 2.590874e-01 -4.651509e-01 8.464682e-01
    outer loop
      vertex   -1.856528e+01 1.318486e+01 3.470407e+01
      vertex   -1.975382e+01 1.252285e+01 3.470407e+01
      vertex   -1.950428e+01 1.211983e+01 3.440622e+01
    endloop
  endfacet
  facet normal 3.009009e-01 -4.392611e-01 8.464682e-01
    outer loop
      vertex   -1.950428e+01 1.211983e+01 3.440622e+01
      vertex   -1.975382e+01 1.252285e+01 3.470407e+01
      vertex   -2.059055e+01 1.137572e+01 3.440622e+01
    endloop
  endfacet
  facet normal 3.998250e-01 -5.836726e-01 7.067292e-01
    outer loop
      vertex   -1.950428e+01 1.211983e+01 3.440622e+01
      vertex   -2.059055e+01 1.137572e+01 3.440622e+01
      vertex   -2.035199e+01 1.105982e+01 3.401037e+01
    endloop
  endfacet
  facet normal 4.519740e-01 -5.442916e-01 7.067292e-01
    outer loop
      vertex   -2.035199e+01 1.105982e+01 3.401037e+01
      vertex   -2.059055e+01 1.137572e+01 3.440622e+01
      vertex   -2.133684e+01 1.024202e+01 3.401037e+01
    endloop
  endfacet
  facet normal 5.410904e-01 -6.516104e-01 5.316249e-01
    outer loop
      vertex   -2.035199e+01 1.105982e+01 3.401037e+01
      vertex   -2.133684e+01 1.024202e+01 3.401037e+01
      vertex   -2.113618e+01 1.002191e+01 3.353635e+01
    endloop
  endfacet
  facet normal 5.989052e-01 -5.989052e-01 5.316249e-01
    outer loop
      vertex   -2.113618e+01 1.002191e+01 3.353635e+01
      vertex   -2.133684e+01 1.024202e+01 3.401037e+01
      vertex   -2.202191e+01 9.136180e+00 3.353635e+01
    endloop
  endfacet
  facet normal 6.675040e-01 -6.675040e-01 3.299650e-01
    outer loop
      vertex   -2.113618e+01 1.002191e+01 3.353635e+01
      vertex   -2.202191e+01 9.136180e+00 3.353635e+01
      vertex   -2.188527e+01 9.011615e+00 3.300795e+01
    endloop
  endfacet
  facet normal 7.262460e-01 -6.030670e-01 3.299650e-01
    outer loop
      vertex   -2.188527e+01 9.011615e+00 3.300795e+01
      vertex   -2.202191e+01 9.136180e+00 3.353635e+01
      vertex   -2.267459e+01 8.061075e+00 3.300795e+01
    endloop
  endfacet
  facet normal 4.676045e-02 -1.036318e-01 9.935159e-01
    outer loop
      vertex   -1.777740e+01 1.472057e+01 3.495164e+01
      vertex   -1.921438e+01 1.407217e+01 3.495164e+01
      vertex   -1.880081e+01 1.365787e+01 3.488896e+01
    endloop
  endfacet
  facet normal 5.382428e-02 -9.663309e-02 9.938637e-01
    outer loop
      vertex   -1.880081e+01 1.365787e+01 3.488896e+01
      vertex   -1.921438e+01 1.407217e+01 3.495164e+01
      vertex   -2.003199e+01 1.297211e+01 3.488896e+01
    endloop
  endfacet
  facet normal 1.608682e-01 -2.888137e-01 9.437733e-01
    outer loop
      vertex   -1.880081e+01 1.365787e+01 3.488896e+01
      vertex   -2.003199e+01 1.297211e+01 3.488896e+01
      vertex   -1.975382e+01 1.252285e+01 3.470407e+01
    endloop
  endfacet
  facet normal 1.868303e-01 -2.727387e-01 9.437733e-01
    outer loop
      vertex   -1.975382e+01 1.252285e+01 3.470407e+01
      vertex   -2.003199e+01 1.297211e+01 3.488896e+01
      vertex   -2.087621e+01 1.175400e+01 3.470407e+01
    endloop
  endfacet
  facet normal 3.009009e-01 -4.392611e-01 8.464682e-01
    outer loop
      vertex   -1.975382e+01 1.252285e+01 3.470407e+01
      vertex   -2.087621e+01 1.175400e+01 3.470407e+01
      vertex   -2.059055e+01 1.137572e+01 3.440622e+01
    endloop
  endfacet
  facet normal 3.401472e-01 -4.096237e-01 8.464682e-01
    outer loop
      vertex   -2.059055e+01 1.137572e+01 3.440622e+01
      vertex   -2.087621e+01 1.175400e+01 3.470407e+01
      vertex   -2.160352e+01 1.053456e+01 3.440622e+01
    endloop
  endfacet
  facet normal 4.519740e-01 -5.442916e-01 7.067292e-01
    outer loop
      vertex   -2.059055e+01 1.137572e+01 3.440622e+01
      vertex   -2.160352e+01 1.053456e+01 3.440622e+01
      vertex   -2.133684e+01 1.024202e+01 3.401037e+01
    endloop
  endfacet
  facet normal 5.002668e-01 -5.002668e-01 7.067292e-01
    outer loop
      vertex   -2.133684e+01 1.024202e+01 3.401037e+01
      vertex   -2.160352e+01 1.053456e+01 3.440622e+01
      vertex   -2.224202e+01 9.336835e+00 3.401037e+01
    endloop
  endfacet
  facet normal 5.989052e-01 -5.989052e-01 5.316249e-01
    outer loop
      vertex   -2.133684e+01 1.024202e+01 3.401037e+01
      vertex   -2.224202e+01 9.336835e+00 3.401037e+01
      vertex   -2.202191e+01 9.136180e+00 3.353635e+01
    endloop
  endfacet
  facet normal 6.516104e-01 -5.410904e-01 5.316249e-01
    outer loop
      vertex   -2.202191e+01 9.136180e+00 3.353635e+01
      vertex   -2.224202e+01 9.336835e+00 3.401037e+01
      vertex   -2.282214e+01 8.172501e+00 3.353635e+01
    endloop
  endfacet
  facet normal 7.262460e-01 -6.030670e-01 3.299650e-01
    outer loop
      vertex   -2.202191e+01 9.136180e+00 3.353635e+01
      vertex   -2.282214e+01 8.172501e+00 3.353635e+01
      vertex   -2.267459e+01 8.061075e+00 3.300795e+01
    endloop
  endfacet
  facet normal 5.724421e-02 -9.914988e-02 9.934246e-01
    outer loop
      vertex   -1.921438e+01 1.407217e+01 3.495164e+01
      vertex   -2.057967e+01 1.328393e+01 3.495164e+01
      vertex   -2.003199e+01 1.297211e+01 3.488896e+01
    endloop
  endfacet
  facet normal 6.212174e-02 -9.068656e-02 9.939401e-01
    outer loop
      vertex   -2.003199e+01 1.297211e+01 3.488896e+01
      vertex   -2.057967e+01 1.328393e+01 3.495164e+01
      vertex   -2.119464e+01 1.217567e+01 3.488896e+01
    endloop
  endfacet
  facet normal 1.868303e-01 -2.727387e-01 9.437733e-01
    outer loop
      vertex   -2.003199e+01 1.297211e+01 3.488896e+01
      vertex   -2.119464e+01 1.217567e+01 3.488896e+01
      vertex   -2.087621e+01 1.175400e+01 3.470407e+01
    endloop
  endfacet
  facet normal 2.111985e-01 -2.543367e-01 9.437733e-01
    outer loop
      vertex   -2.087621e+01 1.175400e+01 3.470407e+01
      vertex   -2.119464e+01 1.217567e+01 3.488896e+01
      vertex   -2.192286e+01 1.088486e+01 3.470407e+01
    endloop
  endfacet
  facet normal 3.401472e-01 -4.096237e-01 8.464682e-01
    outer loop
      vertex   -2.087621e+01 1.175400e+01 3.470407e+01
      vertex   -2.192286e+01 1.088486e+01 3.470407e+01
      vertex   -2.160352e+01 1.053456e+01 3.440622e+01
    endloop
  endfacet
  facet normal 3.764915e-01 -3.764915e-01 8.464682e-01
    outer loop
      vertex   -2.160352e+01 1.053456e+01 3.440622e+01
      vertex   -2.192286e+01 1.088486e+01 3.470407e+01
      vertex   -2.253456e+01 9.603521e+00 3.440622e+01
    endloop
  endfacet
  facet normal 5.002668e-01 -5.002668e-01 7.067292e-01
    outer loop
      vertex   -2.160352e+01 1.053456e+01 3.440622e+01
      vertex   -2.253456e+01 9.603521e+00 3.440622e+01
      vertex   -2.224202e+01 9.336835e+00 3.401037e+01
    endloop
  endfacet
  facet normal 5.442916e-01 -4.519740e-01 7.067292e-01
    outer loop
      vertex   -2.224202e+01 9.336835e+00 3.401037e+01
      vertex   -2.253456e+01 9.603521e+00 3.440622e+01
      vertex   -2.305982e+01 8.351992e+00 3.401037e+01
    endloop
  endfacet
  facet normal 6.516104e-01 -5.410904e-01 5.316249e-01
    outer loop
      vertex   -2.224202e+01 9.336835e+00 3.401037e+01
      vertex   -2.305982e+01 8.351992e+00 3.401037e+01
      vertex   -2.282214e+01 8.172501e+00 3.353635e+01
    endloop
  endfacet
  facet normal 6.720203e-02 -9.347233e-02 9.933513e-01
    outer loop
      vertex   -2.057967e+01 1.328393e+01 3.495164e+01
      vertex   -2.185969e+01 1.236366e+01 3.495164e+01
      vertex   -2.119464e+01 1.217567e+01 3.488896e+01
    endloop
  endfacet
  facet normal 6.989272e-02 -8.416860e-02 9.939973e-01
    outer loop
      vertex   -2.119464e+01 1.217567e+01 3.488896e+01
      vertex   -2.185969e+01 1.236366e+01 3.495164e+01
      vertex   -2.227885e+01 1.127536e+01 3.488896e+01
    endloop
  endfacet
  facet normal 2.111985e-01 -2.543367e-01 9.437733e-01
    outer loop
      vertex   -2.119464e+01 1.217567e+01 3.488896e+01
      vertex   -2.227885e+01 1.127536e+01 3.488896e+01
      vertex   -2.192286e+01 1.088486e+01 3.470407e+01
    endloop
  endfacet
  facet normal 2.337648e-01 -2.337648e-01 9.437733e-01
    outer loop
      vertex   -2.192286e+01 1.088486e+01 3.470407e+01
      vertex   -2.227885e+01 1.127536e+01 3.488896e+01
      vertex   -2.288486e+01 9.922863e+00 3.470407e+01
    endloop
  endfacet
  facet normal 3.764915e-01 -3.764915e-01 8.464682e-01
    outer loop
      vertex   -2.192286e+01 1.088486e+01 3.470407e+01
      vertex   -2.288486e+01 9.922863e+00 3.470407e+01
      vertex   -2.253456e+01 9.603521e+00 3.440622e+01
    endloop
  endfacet
  facet normal 4.096237e-01 -3.401472e-01 8.464682e-01
    outer loop
      vertex   -2.253456e+01 9.603521e+00 3.440622e+01
      vertex   -2.288486e+01 9.922863e+00 3.470407e+01
      vertex   -2.337572e+01 8.590547e+00 3.440622e+01
    endloop
  endfacet
  facet normal 5.442916e-01 -4.519740e-01 7.067292e-01
    outer loop
      vertex   -2.253456e+01 9.603521e+00 3.440622e+01
      vertex   -2.337572e+01 8.590547e+00 3.440622e+01
      vertex   -2.305982e+01 8.351992e+00 3.401037e+01
    endloop
  endfacet
  facet normal 7.648403e-02 -8.666694e-02 9.932971e-01
    outer loop
      vertex   -2.185969e+01 1.236366e+01 3.495164e+01
      vertex   -2.304171e+01 1.132051e+01 3.495164e+01
      vertex   -2.227885e+01 1.127536e+01 3.488896e+01
    endloop
  endfacet
  facet normal 7.711037e-02 -7.711037e-02 9.940362e-01
    outer loop
      vertex   -2.227885e+01 1.127536e+01 3.488896e+01
      vertex   -2.304171e+01 1.132051e+01 3.495164e+01
      vertex   -2.327536e+01 1.027885e+01 3.488896e+01
    endloop
  endfacet
  facet normal 2.337648e-01 -2.337648e-01 9.437733e-01
    outer loop
      vertex   -2.227885e+01 1.127536e+01 3.488896e+01
      vertex   -2.327536e+01 1.027885e+01 3.488896e+01
      vertex   -2.288486e+01 9.922863e+00 3.470407e+01
    endloop
  endfacet
  facet normal 2.543367e-01 -2.111985e-01 9.437733e-01
    outer loop
      vertex   -2.288486e+01 9.922863e+00 3.470407e+01
      vertex   -2.327536e+01 1.027885e+01 3.488896e+01
      vertex   -2.375400e+01 8.876205e+00 3.470407e+01
    endloop
  endfacet
  facet normal 4.096237e-01 -3.401472e-01 8.464682e-01
    outer loop
      vertex   -2.288486e+01 9.922863e+00 3.470407e+01
      vertex   -2.375400e+01 8.876205e+00 3.470407e+01
      vertex   -2.337572e+01 8.590547e+00 3.440622e+01
    endloop
  endfacet
  facet normal 8.495025e-02 -7.882231e-02 9.932626e-01
    outer loop
      vertex   -2.304171e+01 1.132051e+01 3.495164e+01
      vertex   -2.411400e+01 1.016486e+01 3.495164e+01
      vertex   -2.327536e+01 1.027885e+01 3.488896e+01
    endloop
  endfacet
  facet normal 8.374848e-02 -6.954385e-02 9.940573e-01
    outer loop
      vertex   -2.327536e+01 1.027885e+01 3.488896e+01
      vertex   -2.411400e+01 1.016486e+01 3.495164e+01
      vertex   -2.417567e+01 9.194642e+00 3.488896e+01
    endloop
  endfacet
  facet normal 2.543367e-01 -2.111985e-01 9.437733e-01
    outer loop
      vertex   -2.327536e+01 1.027885e+01 3.488896e+01
      vertex   -2.417567e+01 9.194642e+00 3.488896e+01
      vertex   -2.375400e+01 8.876205e+00 3.470407e+01
    endloop
  endfacet
  facet normal 9.247381e-02 -7.004619e-02 9.932483e-01
    outer loop
      vertex   -2.411400e+01 1.016486e+01 3.495164e+01
      vertex   -2.506590e+01 8.908179e+00 3.495164e+01
      vertex   -2.417567e+01 9.194642e+00 3.488896e+01
    endloop
  endfacet
  facet normal 9.518500e-02 -5.301769e-02 9.940467e-01
    outer loop
      vertex   -2.497211e+01 8.031989e+00 3.488896e+01
      vertex   -2.588794e+01 7.562969e+00 3.495164e+01
      vertex   -2.565787e+01 6.800811e+00 3.488896e+01
    endloop
  endfacet
  facet normal 1.042680e-01 -5.021284e-02 9.932809e-01
    outer loop
      vertex   -2.565787e+01 6.800811e+00 3.488896e+01
      vertex   -2.588794e+01 7.562969e+00 3.495164e+01
      vertex   -2.657196e+01 6.142595e+00 3.495164e+01
    endloop
  endfacet
  facet normal 9.993513e-02 -4.412567e-02 9.940150e-01
    outer loop
      vertex   -2.565787e+01 6.800811e+00 3.488896e+01
      vertex   -2.657196e+01 6.142595e+00 3.495164e+01
      vertex   -2.622711e+01 5.511611e+00 3.488896e+01
    endloop
  endfacet
  facet normal 1.083744e-01 -3.944506e-02 9.933273e-01
    outer loop
      vertex   -2.622711e+01 5.511611e+00 3.488896e+01
      vertex   -2.657196e+01 6.142595e+00 3.495164e+01
      vertex   -2.711115e+01 4.661172e+00 3.495164e+01
    endloop
  endfacet
  facet normal 1.040092e-01 -3.486039e-02 9.939652e-01
    outer loop
      vertex   -2.622711e+01 5.511611e+00 3.488896e+01
      vertex   -2.711115e+01 4.661172e+00 3.495164e+01
      vertex   -2.667496e+01 4.175387e+00 3.488896e+01
    endloop
  endfacet
  facet normal 1.112130e-01 -2.831831e-02 9.933930e-01
    outer loop
      vertex   -2.667496e+01 4.175387e+00 3.488896e+01
      vertex   -2.711115e+01 4.661172e+00 3.495164e+01
      vertex   -2.750016e+01 3.133425e+00 3.495164e+01
    endloop
  endfacet
  facet normal 1.073856e-01 -2.525687e-02 9.938966e-01
    outer loop
      vertex   -2.667496e+01 4.175387e+00 3.488896e+01
      vertex   -2.750016e+01 3.133425e+00 3.495164e+01
      vertex   -2.699762e+01 2.803541e+00 3.488896e+01
    endloop
  endfacet
  facet normal 1.127565e-01 -1.699531e-02 9.934773e-01
    outer loop
      vertex   -2.699762e+01 2.803541e+00 3.488896e+01
      vertex   -2.750016e+01 3.133425e+00 3.495164e+01
      vertex   -2.773513e+01 1.574537e+00 3.495164e+01
    endloop
  endfacet
  facet normal 1.100435e-01 -1.535041e-02 9.938082e-01
    outer loop
      vertex   -2.699762e+01 2.803541e+00 3.488896e+01
      vertex   -2.773513e+01 1.574537e+00 3.495164e+01
      vertex   -2.719232e+01 1.407776e+00 3.488896e+01
    endloop
  endfacet
  facet normal 1.130004e-01 -5.639615e-03 9.935789e-01
    outer loop
      vertex   -2.719232e+01 1.407776e+00 3.488896e+01
      vertex   -2.773513e+01 1.574537e+00 3.495164e+01
      vertex   -2.781371e+01 -2.220446e-15 3.495164e+01
    endloop
  endfacet
  facet normal 9.856905e-01 -1.374980e-01 9.751191e-02
    outer loop
      vertex   -2.531933e+01 1.234217e+00 3.300795e+01
      vertex   -2.523566e+01 1.439465e+00 3.245164e+01
      vertex   -2.514863e+01 2.457905e+00 3.300795e+01
    endloop
  endfacet
  facet normal 9.770536e-01 -1.601798e-01 1.403875e-01
    outer loop
      vertex   -2.514863e+01 2.457905e+00 3.300795e+01
      vertex   -2.523566e+01 1.439465e+00 3.245164e+01
      vertex   -2.500244e+01 2.862054e+00 3.245164e+01
    endloop
  endfacet
  facet normal 9.695646e-01 -2.280395e-01 8.912002e-02
    outer loop
      vertex   -2.514863e+01 2.457905e+00 3.300795e+01
      vertex   -2.500244e+01 2.862054e+00 3.245164e+01
      vertex   -2.486575e+01 3.660623e+00 3.300795e+01
    endloop
  endfacet
  facet normal 9.532661e-01 -2.646730e-01 1.457119e-01
    outer loop
      vertex   -2.486575e+01 3.660623e+00 3.300795e+01
      vertex   -2.500244e+01 2.862054e+00 3.245164e+01
      vertex   -2.461678e+01 4.251088e+00 3.245164e+01
    endloop
  endfacet
  facet normal 9.445888e-01 -3.165943e-01 8.671858e-02
    outer loop
      vertex   -2.486575e+01 3.660623e+00 3.300795e+01
      vertex   -2.461678e+01 4.251088e+00 3.245164e+01
      vertex   -2.447311e+01 4.832109e+00 3.300795e+01
    endloop
  endfacet
  facet normal 9.191425e-01 -3.662198e-01 1.451209e-01
    outer loop
      vertex   -2.447311e+01 4.832109e+00 3.300795e+01
      vertex   -2.461678e+01 4.251088e+00 3.245164e+01
      vertex   -2.408319e+01 5.590281e+00 3.245164e+01
    endloop
  endfacet
  facet normal 9.110549e-01 -4.022701e-01 9.032013e-02
    outer loop
      vertex   -2.447311e+01 4.832109e+00 3.300795e+01
      vertex   -2.408319e+01 5.590281e+00 3.245164e+01
      vertex   -2.397405e+01 5.962370e+00 3.300795e+01
    endloop
  endfacet
  facet normal 8.749835e-01 -4.638869e-01 1.386101e-01
    outer loop
      vertex   -2.397405e+01 5.962370e+00 3.300795e+01
      vertex   -2.408319e+01 5.590281e+00 3.245164e+01
      vertex   -2.340795e+01 6.863934e+00 3.245164e+01
    endloop
  endfacet
  facet normal 8.692516e-01 -4.841700e-01 9.990568e-02
    outer loop
      vertex   -2.397405e+01 5.962370e+00 3.300795e+01
      vertex   -2.340795e+01 6.863934e+00 3.245164e+01
      vertex   -2.337284e+01 7.041761e+00 3.300795e+01
    endloop
  endfacet
  facet normal 8.210786e-01 -5.567051e-01 1.261327e-01
    outer loop
      vertex   -2.337284e+01 7.041761e+00 3.300795e+01
      vertex   -2.340795e+01 6.863934e+00 3.245164e+01
      vertex   -2.259895e+01 8.057113e+00 3.245164e+01
    endloop
  endfacet
  facet normal 6.807380e-01 -7.186463e-01 1.419269e-01
    outer loop
      vertex   -2.166569e+01 9.155830e+00 3.245164e+01
      vertex   -2.061911e+01 1.014720e+01 3.245164e+01
      vertex   -2.101162e+01 9.885271e+00 3.300795e+01
    endloop
  endfacet
  facet normal 6.363594e-01 -7.663385e-01 8.815964e-02
    outer loop
      vertex   -2.101162e+01 9.885271e+00 3.300795e+01
      vertex   -2.061911e+01 1.014720e+01 3.245164e+01
      vertex   -2.006108e+01 1.067459e+01 3.300795e+01
    endloop
  endfacet
  facet normal 6.030670e-01 -7.262460e-01 3.299650e-01
    outer loop
      vertex   -2.101162e+01 9.885271e+00 3.300795e+01
      vertex   -2.006108e+01 1.067459e+01 3.300795e+01
      vertex   -2.017250e+01 1.082214e+01 3.353635e+01
    endloop
  endfacet
  facet normal 5.334849e-01 -7.787920e-01 3.299650e-01
    outer loop
      vertex   -2.017250e+01 1.082214e+01 3.353635e+01
      vertex   -2.006108e+01 1.067459e+01 3.300795e+01
      vertex   -1.913910e+01 1.153004e+01 3.353635e+01
    endloop
  endfacet
  facet normal 4.786592e-01 -6.987563e-01 5.316249e-01
    outer loop
      vertex   -2.017250e+01 1.082214e+01 3.353635e+01
      vertex   -1.913910e+01 1.153004e+01 3.353635e+01
      vertex   -1.929589e+01 1.178327e+01 3.401037e+01
    endloop
  endfacet
  facet normal 4.121442e-01 -7.399406e-01 5.316249e-01
    outer loop
      vertex   -1.929589e+01 1.178327e+01 3.401037e+01
      vertex   -1.913910e+01 1.153004e+01 3.353635e+01
      vertex   -1.817755e+01 1.240618e+01 3.401037e+01
    endloop
  endfacet
  facet normal 3.442649e-01 -6.180740e-01 7.067292e-01
    outer loop
      vertex   -1.929589e+01 1.178327e+01 3.401037e+01
      vertex   -1.817755e+01 1.240618e+01 3.401037e+01
      vertex   -1.835399e+01 1.276054e+01 3.440622e+01
    endloop
  endfacet
  facet normal 2.857677e-01 -6.472021e-01 7.067292e-01
    outer loop
      vertex   -1.835399e+01 1.276054e+01 3.440622e+01
      vertex   -1.817755e+01 1.240618e+01 3.401037e+01
      vertex   -1.714949e+01 1.329238e+01 3.440622e+01
    endloop
  endfacet
  facet normal 2.150634e-01 -4.870722e-01 8.464682e-01
    outer loop
      vertex   -1.835399e+01 1.276054e+01 3.440622e+01
      vertex   -1.714949e+01 1.329238e+01 3.440622e+01
      vertex   -1.732073e+01 1.373438e+01 3.470407e+01
    endloop
  endfacet
  facet normal 1.692047e-01 -5.048380e-01 8.464682e-01
    outer loop
      vertex   -1.732073e+01 1.373438e+01 3.470407e+01
      vertex   -1.714949e+01 1.329238e+01 3.440622e+01
      vertex   -1.603078e+01 1.416673e+01 3.470407e+01
    endloop
  endfacet
  facet normal 1.050597e-01 -3.134556e-01 9.437733e-01
    outer loop
      vertex   -1.732073e+01 1.373438e+01 3.470407e+01
      vertex   -1.603078e+01 1.416673e+01 3.470407e+01
      vertex   -1.617539e+01 1.467496e+01 3.488896e+01
    endloop
  endfacet
  facet normal 7.568952e-02 -3.218121e-01 9.437733e-01
    outer loop
      vertex   -1.617539e+01 1.467496e+01 3.488896e+01
      vertex   -1.603078e+01 1.416673e+01 3.470407e+01
      vertex   -1.480354e+01 1.499762e+01 3.488896e+01
    endloop
  endfacet
  facet normal 5.986836e-01 -7.875548e-01 1.460664e-01
    outer loop
      vertex   -2.061911e+01 1.014720e+01 3.245164e+01
      vertex   -1.947148e+01 1.101961e+01 3.245164e+01
      vertex   -2.006108e+01 1.067459e+01 3.300795e+01
    endloop
  endfacet
  facet normal 5.629956e-01 -8.218723e-01 8.695880e-02
    outer loop
      vertex   -2.006108e+01 1.067459e+01 3.300795e+01
      vertex   -1.947148e+01 1.101961e+01 3.245164e+01
      vertex   -1.904176e+01 1.137284e+01 3.300795e+01
    endloop
  endfacet
  facet normal 5.334849e-01 -7.787920e-01 3.299650e-01
    outer loop
      vertex   -2.006108e+01 1.067459e+01 3.300795e+01
      vertex   -1.904176e+01 1.137284e+01 3.300795e+01
      vertex   -1.913910e+01 1.153004e+01 3.353635e+01
    endloop
  endfacet
  facet normal 4.593513e-01 -8.246936e-01 3.299650e-01
    outer loop
      vertex   -1.913910e+01 1.153004e+01 3.353635e+01
      vertex   -1.904176e+01 1.137284e+01 3.300795e+01
      vertex   -1.804479e+01 1.213957e+01 3.353635e+01
    endloop
  endfacet
  facet normal 4.121442e-01 -7.399406e-01 5.316249e-01
    outer loop
      vertex   -1.913910e+01 1.153004e+01 3.353635e+01
      vertex   -1.804479e+01 1.213957e+01 3.353635e+01
      vertex   -1.817755e+01 1.240618e+01 3.401037e+01
    endloop
  endfacet
  facet normal 3.421130e-01 -7.748120e-01 5.316249e-01
    outer loop
      vertex   -1.817755e+01 1.240618e+01 3.401037e+01
      vertex   -1.804479e+01 1.213957e+01 3.353635e+01
      vertex   -1.700650e+01 1.292325e+01 3.401037e+01
    endloop
  endfacet
  facet normal 2.857677e-01 -6.472021e-01 7.067292e-01
    outer loop
      vertex   -1.817755e+01 1.240618e+01 3.401037e+01
      vertex   -1.700650e+01 1.292325e+01 3.401037e+01
      vertex   -1.714949e+01 1.329238e+01 3.440622e+01
    endloop
  endfacet
  facet normal 2.248324e-01 -6.708086e-01 7.067292e-01
    outer loop
      vertex   -1.714949e+01 1.329238e+01 3.440622e+01
      vertex   -1.700650e+01 1.292325e+01 3.401037e+01
      vertex   -1.590106e+01 1.371081e+01 3.440622e+01
    endloop
  endfacet
  facet normal 1.692047e-01 -5.048380e-01 8.464682e-01
    outer loop
      vertex   -1.714949e+01 1.329238e+01 3.440622e+01
      vertex   -1.590106e+01 1.371081e+01 3.440622e+01
      vertex   -1.603078e+01 1.416673e+01 3.470407e+01
    endloop
  endfacet
  facet normal 1.219023e-01 -5.182967e-01 8.464682e-01
    outer loop
      vertex   -1.603078e+01 1.416673e+01 3.470407e+01
      vertex   -1.590106e+01 1.371081e+01 3.440622e+01
      vertex   -1.470645e+01 1.447821e+01 3.470407e+01
    endloop
  endfacet
  facet normal 7.568952e-02 -3.218121e-01 9.437733e-01
    outer loop
      vertex   -1.603078e+01 1.416673e+01 3.470407e+01
      vertex   -1.470645e+01 1.447821e+01 3.470407e+01
      vertex   -1.480354e+01 1.499762e+01 3.488896e+01
    endloop
  endfacet
  facet normal 4.567357e-02 -3.274231e-01 9.437733e-01
    outer loop
      vertex   -1.480354e+01 1.499762e+01 3.488896e+01
      vertex   -1.470645e+01 1.447821e+01 3.470407e+01
      vertex   -1.340778e+01 1.519232e+01 3.488896e+01
    endloop
  endfacet
  facet normal 5.101586e-01 -8.478901e-01 1.442932e-01
    outer loop
      vertex   -1.947148e+01 1.101961e+01 3.245164e+01
      vertex   -1.823625e+01 1.176282e+01 3.245164e+01
      vertex   -1.904176e+01 1.137284e+01 3.300795e+01
    endloop
  endfacet
  facet normal 4.845516e-01 -8.699367e-01 9.175971e-02
    outer loop
      vertex   -1.904176e+01 1.137284e+01 3.300795e+01
      vertex   -1.823625e+01 1.176282e+01 3.245164e+01
      vertex   -1.796237e+01 1.197405e+01 3.300795e+01
    endloop
  endfacet
  facet normal 4.593513e-01 -8.246936e-01 3.299650e-01
    outer loop
      vertex   -1.904176e+01 1.137284e+01 3.300795e+01
      vertex   -1.796237e+01 1.197405e+01 3.300795e+01
      vertex   -1.804479e+01 1.213957e+01 3.353635e+01
    endloop
  endfacet
  facet normal 3.812987e-01 -8.635591e-01 3.299650e-01
    outer loop
      vertex   -1.804479e+01 1.213957e+01 3.353635e+01
      vertex   -1.796237e+01 1.197405e+01 3.300795e+01
      vertex   -1.689890e+01 1.264552e+01 3.353635e+01
    endloop
  endfacet
  facet normal 3.421130e-01 -7.748120e-01 5.316249e-01
    outer loop
      vertex   -1.804479e+01 1.213957e+01 3.353635e+01
      vertex   -1.689890e+01 1.264552e+01 3.353635e+01
      vertex   -1.700650e+01 1.292325e+01 3.401037e+01
    endloop
  endfacet
  facet normal 2.691629e-01 -8.030730e-01 5.316249e-01
    outer loop
      vertex   -1.700650e+01 1.292325e+01 3.401037e+01
      vertex   -1.689890e+01 1.264552e+01 3.353635e+01
      vertex   -1.579273e+01 1.333007e+01 3.401037e+01
    endloop
  endfacet
  facet normal 2.248324e-01 -6.708086e-01 7.067292e-01
    outer loop
      vertex   -1.700650e+01 1.292325e+01 3.401037e+01
      vertex   -1.579273e+01 1.333007e+01 3.401037e+01
      vertex   -1.590106e+01 1.371081e+01 3.440622e+01
    endloop
  endfacet
  facet normal 1.619789e-01 -6.886920e-01 7.067292e-01
    outer loop
      vertex   -1.590106e+01 1.371081e+01 3.440622e+01
      vertex   -1.579273e+01 1.333007e+01 3.401037e+01
      vertex   -1.461935e+01 1.401227e+01 3.440622e+01
    endloop
  endfacet
  facet normal 1.219023e-01 -5.182967e-01 8.464682e-01
    outer loop
      vertex   -1.590106e+01 1.371081e+01 3.440622e+01
      vertex   -1.461935e+01 1.401227e+01 3.440622e+01
      vertex   -1.470645e+01 1.447821e+01 3.470407e+01
    endloop
  endfacet
  facet normal 7.355988e-02 -5.273335e-01 8.464682e-01
    outer loop
      vertex   -1.470645e+01 1.447821e+01 3.470407e+01
      vertex   -1.461935e+01 1.401227e+01 3.440622e+01
      vertex   -1.335902e+01 1.466617e+01 3.470407e+01
    endloop
  endfacet
  facet normal 4.567357e-02 -3.274231e-01 9.437733e-01
    outer loop
      vertex   -1.470645e+01 1.447821e+01 3.470407e+01
      vertex   -1.335902e+01 1.466617e+01 3.470407e+01
      vertex   -1.340778e+01 1.519232e+01 3.488896e+01
    endloop
  endfacet
  facet normal 1.526794e-02 -3.302406e-01 9.437733e-01
    outer loop
      vertex   -1.340778e+01 1.519232e+01 3.488896e+01
      vertex   -1.335902e+01 1.466617e+01 3.470407e+01
      vertex   -1.200000e+01 1.525741e+01 3.488896e+01
    endloop
  endfacet
  facet normal 4.159535e-01 -8.990688e-01 1.365941e-01
    outer loop
      vertex   -1.823625e+01 1.176282e+01 3.245164e+01
      vertex   -1.692791e+01 1.236813e+01 3.245164e+01
      vertex   -1.796237e+01 1.197405e+01 3.300795e+01
    endloop
  endfacet
  facet normal 4.017920e-01 -9.099722e-01 1.025367e-01
    outer loop
      vertex   -1.796237e+01 1.197405e+01 3.300795e+01
      vertex   -1.692791e+01 1.236813e+01 3.245164e+01
      vertex   -1.683211e+01 1.247311e+01 3.300795e+01
    endloop
  endfacet
  facet normal 3.812987e-01 -8.635591e-01 3.299650e-01
    outer loop
      vertex   -1.796237e+01 1.197405e+01 3.300795e+01
      vertex   -1.683211e+01 1.247311e+01 3.300795e+01
      vertex   -1.689890e+01 1.264552e+01 3.353635e+01
    endloop
  endfacet
  facet normal 2.999929e-01 -8.950572e-01 3.299650e-01
    outer loop
      vertex   -1.689890e+01 1.264552e+01 3.353635e+01
      vertex   -1.683211e+01 1.247311e+01 3.300795e+01
      vertex   -1.571122e+01 1.304359e+01 3.353635e+01
    endloop
  endfacet
  facet normal 2.691629e-01 -8.030730e-01 5.316249e-01
    outer loop
      vertex   -1.689890e+01 1.264552e+01 3.353635e+01
      vertex   -1.571122e+01 1.304359e+01 3.353635e+01
      vertex   -1.579273e+01 1.333007e+01 3.401037e+01
    endloop
  endfacet
  facet normal 1.939165e-01 -8.244825e-01 5.316249e-01
    outer loop
      vertex   -1.579273e+01 1.333007e+01 3.401037e+01
      vertex   -1.571122e+01 1.304359e+01 3.353635e+01
      vertex   -1.454661e+01 1.362315e+01 3.401037e+01
    endloop
  endfacet
  facet normal 1.619789e-01 -6.886920e-01 7.067292e-01
    outer loop
      vertex   -1.579273e+01 1.333007e+01 3.401037e+01
      vertex   -1.454661e+01 1.362315e+01 3.401037e+01
      vertex   -1.461935e+01 1.401227e+01 3.440622e+01
    endloop
  endfacet
  facet normal 9.774343e-02 -7.006997e-01 7.067292e-01
    outer loop
      vertex   -1.461935e+01 1.401227e+01 3.440622e+01
      vertex   -1.454661e+01 1.362315e+01 3.401037e+01
      vertex   -1.331528e+01 1.419417e+01 3.440622e+01
    endloop
  endfacet
  facet normal 7.355988e-02 -5.273335e-01 8.464682e-01
    outer loop
      vertex   -1.461935e+01 1.401227e+01 3.440622e+01
      vertex   -1.331528e+01 1.419417e+01 3.440622e+01
      vertex   -1.335902e+01 1.466617e+01 3.470407e+01
    endloop
  endfacet
  facet normal 2.458989e-02 -5.318712e-01 8.464682e-01
    outer loop
      vertex   -1.335902e+01 1.466617e+01 3.470407e+01
      vertex   -1.331528e+01 1.419417e+01 3.440622e+01
      vertex   -1.200000e+01 1.472900e+01 3.470407e+01
    endloop
  endfacet
  facet normal 1.526794e-02 -3.302406e-01 9.437733e-01
    outer loop
      vertex   -1.335902e+01 1.466617e+01 3.470407e+01
      vertex   -1.200000e+01 1.472900e+01 3.470407e+01
      vertex   -1.200000e+01 1.525741e+01 3.488896e+01
    endloop
  endfacet
  facet normal -1.526794e-02 -3.302406e-01 9.437733e-01
    outer loop
      vertex   -1.200000e+01 1.525741e+01 3.488896e+01
      vertex   -1.200000e+01 1.472900e+01 3.470407e+01
      vertex   -1.059222e+01 1.519232e+01 3.488896e+01
    endloop
  endfacet
  facet normal 3.168803e-01 -9.404673e-01 1.229147e-01
    outer loop
      vertex   -1.692791e+01 1.236813e+01 3.245164e+01
      vertex   -1.556179e+01 1.282842e+01 3.245164e+01
      vertex   -1.683211e+01 1.247311e+01 3.300795e+01
    endloop
  endfacet
  facet normal 3.155247e-01 -9.413977e-01 1.192249e-01
    outer loop
      vertex   -1.683211e+01 1.247311e+01 3.300795e+01
      vertex   -1.556179e+01 1.282842e+01 3.245164e+01
      vertex   -1.566062e+01 1.286575e+01 3.300795e+01
    endloop
  endfacet
  facet normal 2.999929e-01 -8.950572e-01 3.299650e-01
    outer loop
      vertex   -1.683211e+01 1.247311e+01 3.300795e+01
      vertex   -1.566062e+01 1.286575e+01 3.300795e+01
      vertex   -1.571122e+01 1.304359e+01 3.353635e+01
    endloop
  endfacet
  facet normal 2.161278e-01 -9.189189e-01 3.299650e-01
    outer loop
      vertex   -1.571122e+01 1.304359e+01 3.353635e+01
      vertex   -1.566062e+01 1.286575e+01 3.300795e+01
      vertex   -1.449188e+01 1.333038e+01 3.353635e+01
    endloop
  endfacet
  facet normal 1.939165e-01 -8.244825e-01 5.316249e-01
    outer loop
      vertex   -1.571122e+01 1.304359e+01 3.353635e+01
      vertex   -1.449188e+01 1.333038e+01 3.353635e+01
      vertex   -1.454661e+01 1.362315e+01 3.401037e+01
    endloop
  endfacet
  facet normal 1.170157e-01 -8.388577e-01 5.316249e-01
    outer loop
      vertex   -1.454661e+01 1.362315e+01 3.401037e+01
      vertex   -1.449188e+01 1.333038e+01 3.353635e+01
      vertex   -1.327876e+01 1.380001e+01 3.401037e+01
    endloop
  endfacet
  facet normal 9.774343e-02 -7.006997e-01 7.067292e-01
    outer loop
      vertex   -1.454661e+01 1.362315e+01 3.401037e+01
      vertex   -1.327876e+01 1.380001e+01 3.401037e+01
      vertex   -1.331528e+01 1.419417e+01 3.440622e+01
    endloop
  endfacet
  facet normal 3.267406e-02 -7.067292e-01 7.067292e-01
    outer loop
      vertex   -1.331528e+01 1.419417e+01 3.440622e+01
      vertex   -1.327876e+01 1.380001e+01 3.401037e+01
      vertex   -1.200000e+01 1.425498e+01 3.440622e+01
    endloop
  endfacet
  facet normal 2.458989e-02 -5.318712e-01 8.464682e-01
    outer loop
      vertex   -1.331528e+01 1.419417e+01 3.440622e+01
      vertex   -1.200000e+01 1.425498e+01 3.440622e+01
      vertex   -1.200000e+01 1.472900e+01 3.470407e+01
    endloop
  endfacet
  facet normal -2.458989e-02 -5.318712e-01 8.464682e-01
    outer loop
      vertex   -1.200000e+01 1.472900e+01 3.470407e+01
      vertex   -1.200000e+01 1.425498e+01 3.440622e+01
      vertex   -1.064098e+01 1.466617e+01 3.470407e+01
    endloop
  endfacet
  facet normal -1.526794e-02 -3.302406e-01 9.437733e-01
    outer loop
      vertex   -1.200000e+01 1.472900e+01 3.470407e+01
      vertex   -1.064098e+01 1.466617e+01 3.470407e+01
      vertex   -1.059222e+01 1.519232e+01 3.488896e+01
    endloop
  endfacet
  facet normal -4.567357e-02 -3.274231e-01 9.437733e-01
    outer loop
      vertex   -1.059222e+01 1.519232e+01 3.488896e+01
      vertex   -1.064098e+01 1.466617e+01 3.470407e+01
      vertex   -9.196459e+00 1.499762e+01 3.488896e+01
    endloop
  endfacet
  facet normal 2.276752e-01 -9.680155e-01 1.054044e-01
    outer loop
      vertex   -1.566062e+01 1.286575e+01 3.300795e+01
      vertex   -1.556179e+01 1.282842e+01 3.245164e+01
      vertex   -1.445791e+01 1.314863e+01 3.300795e+01
    endloop
  endfacet
  facet normal 2.130218e-01 -9.677679e-01 1.343390e-01
    outer loop
      vertex   -1.445791e+01 1.314863e+01 3.300795e+01
      vertex   -1.556179e+01 1.282842e+01 3.245164e+01
      vertex   -1.415392e+01 1.313832e+01 3.245164e+01
    endloop
  endfacet
  facet normal 1.375519e-01 -9.860774e-01 9.343846e-02
    outer loop
      vertex   -1.445791e+01 1.314863e+01 3.300795e+01
      vertex   -1.415392e+01 1.313832e+01 3.245164e+01
      vertex   -1.323422e+01 1.331933e+01 3.300795e+01
    endloop
  endfacet
  facet normal 1.070043e-01 -9.838880e-01 1.432287e-01
    outer loop
      vertex   -1.323422e+01 1.331933e+01 3.300795e+01
      vertex   -1.415392e+01 1.313832e+01 3.245164e+01
      vertex   -1.272079e+01 1.329418e+01 3.245164e+01
    endloop
  endfacet
  facet normal 4.600657e-02 -9.951069e-01 8.743918e-02
    outer loop
      vertex   -1.323422e+01 1.331933e+01 3.300795e+01
      vertex   -1.272079e+01 1.329418e+01 3.245164e+01
      vertex   -1.200000e+01 1.337639e+01 3.300795e+01
    endloop
  endfacet
  facet normal 0.000000e+00 -9.892573e-01 1.461846e-01
    outer loop
      vertex   -1.200000e+01 1.337639e+01 3.300795e+01
      vertex   -1.272079e+01 1.329418e+01 3.245164e+01
      vertex   -1.127921e+01 1.329418e+01 3.245164e+01
    endloop
  endfacet
  facet normal -4.600657e-02 -9.951069e-01 8.743918e-02
    outer loop
      vertex   -1.200000e+01 1.337639e+01 3.300795e+01
      vertex   -1.127921e+01 1.329418e+01 3.245164e+01
      vertex   -1.076578e+01 1.331933e+01 3.300795e+01
    endloop
  endfacet
  facet normal -1.070043e-01 -9.838880e-01 1.432287e-01
    outer loop
      vertex   -1.076578e+01 1.331933e+01 3.300795e+01
      vertex   -1.127921e+01 1.329418e+01 3.245164e+01
      vertex   -9.846082e+00 1.313832e+01 3.245164e+01
    endloop
  endfacet
  facet normal -1.375519e-01 -9.860774e-01 9.343846e-02
    outer loop
      vertex   -1.076578e+01 1.331933e+01 3.300795e+01
      vertex   -9.846082e+00 1.313832e+01 3.245164e+01
      vertex   -9.542095e+00 1.314863e+01 3.300795e+01
    endloop
  endfacet
  facet normal -2.130218e-01 -9.677679e-01 1.343390e-01
    outer loop
      vertex   -9.542095e+00 1.314863e+01 3.300795e+01
      vertex   -9.846082e+00 1.313832e+01 3.245164e+01
      vertex   -8.438206e+00 1.282842e+01 3.245164e+01
    endloop
  endfacet
  facet normal -4.159535e-01 -8.990688e-01 1.365941e-01
    outer loop
      vertex   -7.072089e+00 1.236813e+01 3.245164e+01
      vertex   -5.763747e+00 1.176282e+01 3.245164e+01
      vertex   -6.037631e+00 1.197405e+01 3.300795e+01
    endloop
  endfacet
  facet normal -4.845516e-01 -8.699367e-01 9.175971e-02
    outer loop
      vertex   -6.037631e+00 1.197405e+01 3.300795e+01
      vertex   -5.763747e+00 1.176282e+01 3.245164e+01
      vertex   -4.958239e+00 1.137284e+01 3.300795e+01
    endloop
  endfacet
  facet normal -4.593513e-01 -8.246936e-01 3.299650e-01
    outer loop
      vertex   -6.037631e+00 1.197405e+01 3.300795e+01
      vertex   -4.958239e+00 1.137284e+01 3.300795e+01
      vertex   -4.860903e+00 1.153004e+01 3.353635e+01
    endloop
  endfacet
  facet normal -5.334849e-01 -7.787920e-01 3.299650e-01
    outer loop
      vertex   -4.860903e+00 1.153004e+01 3.353635e+01
      vertex   -4.958239e+00 1.137284e+01 3.300795e+01
      vertex   -3.827499e+00 1.082214e+01 3.353635e+01
    endloop
  endfacet
  facet normal -4.786592e-01 -6.987563e-01 5.316249e-01
    outer loop
      vertex   -4.860903e+00 1.153004e+01 3.353635e+01
      vertex   -3.827499e+00 1.082214e+01 3.353635e+01
      vertex   -3.648008e+00 1.105982e+01 3.401037e+01
    endloop
  endfacet
  facet normal -5.410904e-01 -6.516104e-01 5.316249e-01
    outer loop
      vertex   -3.648008e+00 1.105982e+01 3.401037e+01
      vertex   -3.827499e+00 1.082214e+01 3.353635e+01
      vertex   -2.663165e+00 1.024202e+01 3.401037e+01
    endloop
  endfacet
  facet normal -4.519740e-01 -5.442916e-01 7.067292e-01
    outer loop
      vertex   -3.648008e+00 1.105982e+01 3.401037e+01
      vertex   -2.663165e+00 1.024202e+01 3.401037e+01
      vertex   -2.396479e+00 1.053456e+01 3.440622e+01
    endloop
  endfacet
  facet normal -5.002668e-01 -5.002668e-01 7.067292e-01
    outer loop
      vertex   -2.396479e+00 1.053456e+01 3.440622e+01
      vertex   -2.663165e+00 1.024202e+01 3.401037e+01
      vertex   -1.465440e+00 9.603521e+00 3.440622e+01
    endloop
  endfacet
  facet normal -3.764915e-01 -3.764915e-01 8.464682e-01
    outer loop
      vertex   -2.396479e+00 1.053456e+01 3.440622e+01
      vertex   -1.465440e+00 9.603521e+00 3.440622e+01
      vertex   -1.115138e+00 9.922863e+00 3.470407e+01
    endloop
  endfacet
  facet normal -4.096237e-01 -3.401472e-01 8.464682e-01
    outer loop
      vertex   -1.115138e+00 9.922863e+00 3.470407e+01
      vertex   -1.465440e+00 9.603521e+00 3.440622e+01
      vertex   -2.460050e-01 8.876205e+00 3.470407e+01
    endloop
  endfacet
  facet normal -2.543367e-01 -2.111985e-01 9.437733e-01
    outer loop
      vertex   -1.115138e+00 9.922863e+00 3.470407e+01
      vertex   -2.460050e-01 8.876205e+00 3.470407e+01
      vertex   1.756729e-01 9.194642e+00 3.488896e+01
    endloop
  endfacet
  facet normal -2.727387e-01 -1.868303e-01 9.437733e-01
    outer loop
      vertex   1.756729e-01 9.194642e+00 3.488896e+01
      vertex   -2.460050e-01 8.876205e+00 3.470407e+01
      vertex   9.721081e-01 8.031989e+00 3.488896e+01
    endloop
  endfacet
  facet normal -5.101586e-01 -8.478901e-01 1.442932e-01
    outer loop
      vertex   -5.763747e+00 1.176282e+01 3.245164e+01
      vertex   -4.528519e+00 1.101961e+01 3.245164e+01
      vertex   -4.958239e+00 1.137284e+01 3.300795e+01
    endloop
  endfacet
  facet normal -5.629956e-01 -8.218723e-01 8.695880e-02
    outer loop
      vertex   -4.958239e+00 1.137284e+01 3.300795e+01
      vertex   -4.528519e+00 1.101961e+01 3.245164e+01
      vertex   -3.938925e+00 1.067459e+01 3.300795e+01
    endloop
  endfacet
  facet normal -5.334849e-01 -7.787920e-01 3.299650e-01
    outer loop
      vertex   -4.958239e+00 1.137284e+01 3.300795e+01
      vertex   -3.938925e+00 1.067459e+01 3.300795e+01
      vertex   -3.827499e+00 1.082214e+01 3.353635e+01
    endloop
  endfacet
  facet normal -6.030670e-01 -7.262460e-01 3.299650e-01
    outer loop
      vertex   -3.827499e+00 1.082214e+01 3.353635e+01
      vertex   -3.938925e+00 1.067459e+01 3.300795e+01
      vertex   -2.863821e+00 1.002191e+01 3.353635e+01
    endloop
  endfacet
  facet normal -5.410904e-01 -6.516104e-01 5.316249e-01
    outer loop
      vertex   -3.827499e+00 1.082214e+01 3.353635e+01
      vertex   -2.863821e+00 1.002191e+01 3.353635e+01
      vertex   -2.663165e+00 1.024202e+01 3.401037e+01
    endloop
  endfacet
  facet normal -5.989052e-01 -5.989052e-01 5.316249e-01
    outer loop
      vertex   -2.663165e+00 1.024202e+01 3.401037e+01
      vertex   -2.863821e+00 1.002191e+01 3.353635e+01
      vertex   -1.757980e+00 9.336835e+00 3.401037e+01
    endloop
  endfacet
  facet normal -5.002668e-01 -5.002668e-01 7.067292e-01
    outer loop
      vertex   -2.663165e+00 1.024202e+01 3.401037e+01
      vertex   -1.757980e+00 9.336835e+00 3.401037e+01
      vertex   -1.465440e+00 9.603521e+00 3.440622e+01
    endloop
  endfacet
  facet normal -5.442916e-01 -4.519740e-01 7.067292e-01
    outer loop
      vertex   -1.465440e+00 9.603521e+00 3.440622e+01
      vertex   -1.757980e+00 9.336835e+00 3.401037e+01
      vertex   -6.242772e-01 8.590547e+00 3.440622e+01
    endloop
  endfacet
  facet normal -4.096237e-01 -3.401472e-01 8.464682e-01
    outer loop
      vertex   -1.465440e+00 9.603521e+00 3.440622e+01
      vertex   -6.242772e-01 8.590547e+00 3.440622e+01
      vertex   -2.460050e-01 8.876205e+00 3.470407e+01
    endloop
  endfacet
  facet normal -4.392611e-01 -3.009009e-01 8.464682e-01
    outer loop
      vertex   -2.460050e-01 8.876205e+00 3.470407e+01
      vertex   -6.242772e-01 8.590547e+00 3.440622e+01
      vertex   5.228474e-01 7.753819e+00 3.470407e+01
    endloop
  endfacet
  facet normal -2.727387e-01 -1.868303e-01 9.437733e-01
    outer loop
      vertex   -2.460050e-01 8.876205e+00 3.470407e+01
      vertex   5.228474e-01 7.753819e+00 3.470407e+01
      vertex   9.721081e-01 8.031989e+00 3.488896e+01
    endloop
  endfacet
  facet normal -2.888137e-01 -1.608682e-01 9.437733e-01
    outer loop
      vertex   9.721081e-01 8.031989e+00 3.488896e+01
      vertex   5.228474e-01 7.753819e+00 3.470407e+01
      vertex   1.657870e+00 6.800811e+00 3.488896e+01
    endloop
  endfacet
  facet normal -5.986836e-01 -7.875548e-01 1.460664e-01
    outer loop
      vertex   -4.528519e+00 1.101961e+01 3.245164e+01
      vertex   -3.380888e+00 1.014720e+01 3.245164e+01
      vertex   -3.938925e+00 1.067459e+01 3.300795e+01
    endloop
  endfacet
  facet normal -6.363594e-01 -7.663385e-01 8.815964e-02
    outer loop
      vertex   -3.938925e+00 1.067459e+01 3.300795e+01
      vertex   -3.380888e+00 1.014720e+01 3.245164e+01
      vertex   -2.988385e+00 9.885271e+00 3.300795e+01
    endloop
  endfacet
  facet normal -6.030670e-01 -7.262460e-01 3.299650e-01
    outer loop
      vertex   -3.938925e+00 1.067459e+01 3.300795e+01
      vertex   -2.988385e+00 9.885271e+00 3.300795e+01
      vertex   -2.863821e+00 1.002191e+01 3.353635e+01
    endloop
  endfacet
  facet normal -6.675040e-01 -6.675040e-01 3.299650e-01
    outer loop
      vertex   -2.863821e+00 1.002191e+01 3.353635e+01
      vertex   -2.988385e+00 9.885271e+00 3.300795e+01
      vertex   -1.978089e+00 9.136180e+00 3.353635e+01
    endloop
  endfacet
  facet normal -5.989052e-01 -5.989052e-01 5.316249e-01
    outer loop
      vertex   -2.863821e+00 1.002191e+01 3.353635e+01
      vertex   -1.978089e+00 9.136180e+00 3.353635e+01
      vertex   -1.757980e+00 9.336835e+00 3.401037e+01
    endloop
  endfacet
  facet normal -6.516104e-01 -5.410904e-01 5.316249e-01
    outer loop
      vertex   -1.757980e+00 9.336835e+00 3.401037e+01
      vertex   -1.978089e+00 9.136180e+00 3.353635e+01
      vertex   -9.401757e-01 8.351992e+00 3.401037e+01
    endloop
  endfacet
  facet normal -5.442916e-01 -4.519740e-01 7.067292e-01
    outer loop
      vertex   -1.757980e+00 9.336835e+00 3.401037e+01
      vertex   -9.401757e-01 8.351992e+00 3.401037e+01
      vertex   -6.242772e-01 8.590547e+00 3.440622e+01
    endloop
  endfacet
  facet normal -5.836726e-01 -3.998250e-01 7.067292e-01
    outer loop
      vertex   -6.242772e-01 8.590547e+00 3.440622e+01
      vertex   -9.401757e-01 8.351992e+00 3.401037e+01
      vertex   1.198316e-01 7.504282e+00 3.440622e+01
    endloop
  endfacet
  facet normal -4.392611e-01 -3.009009e-01 8.464682e-01
    outer loop
      vertex   -6.242772e-01 8.590547e+00 3.440622e+01
      vertex   1.198316e-01 7.504282e+00 3.440622e+01
      vertex   5.228474e-01 7.753819e+00 3.470407e+01
    endloop
  endfacet
  facet normal -4.651509e-01 -2.590874e-01 8.464682e-01
    outer loop
      vertex   5.228474e-01 7.753819e+00 3.470407e+01
      vertex   1.198316e-01 7.504282e+00 3.440622e+01
      vertex   1.184859e+00 6.565280e+00 3.470407e+01
    endloop
  endfacet
  facet normal -2.888137e-01 -1.608682e-01 9.437733e-01
    outer loop
      vertex   5.228474e-01 7.753819e+00 3.470407e+01
      vertex   1.184859e+00 6.565280e+00 3.470407e+01
      vertex   1.657870e+00 6.800811e+00 3.488896e+01
    endloop
  endfacet
  facet normal -3.024247e-01 -1.335336e-01 9.437733e-01
    outer loop
      vertex   1.657870e+00 6.800811e+00 3.488896e+01
      vertex   1.184859e+00 6.565280e+00 3.470407e+01
      vertex   2.227108e+00 5.511611e+00 3.488896e+01
    endloop
  endfacet
  facet normal -6.807380e-01 -7.186463e-01 1.419269e-01
    outer loop
      vertex   -3.380888e+00 1.014720e+01 3.245164e+01
      vertex   -2.334308e+00 9.155830e+00 3.245164e+01
      vertex   -2.988385e+00 9.885271e+00 3.300795e+01
    endloop
  endfacet
  facet normal -7.038847e-01 -7.038847e-01 9.535600e-02
    outer loop
      vertex   -2.988385e+00 9.885271e+00 3.300795e+01
      vertex   -2.334308e+00 9.155830e+00 3.245164e+01
      vertex   -2.114730e+00 9.011615e+00 3.300795e+01
    endloop
  endfacet
  facet normal -6.675040e-01 -6.675040e-01 3.299650e-01
    outer loop
      vertex   -2.988385e+00 9.885271e+00 3.300795e+01
      vertex   -2.114730e+00 9.011615e+00 3.300795e+01
      vertex   -1.978089e+00 9.136180e+00 3.353635e+01
    endloop
  endfacet
  facet normal -7.262460e-01 -6.030670e-01 3.299650e-01
    outer loop
      vertex   -1.978089e+00 9.136180e+00 3.353635e+01
      vertex   -2.114730e+00 9.011615e+00 3.300795e+01
      vertex   -1.177860e+00 8.172501e+00 3.353635e+01
    endloop
  endfacet
  facet normal -6.516104e-01 -5.410904e-01 5.316249e-01
    outer loop
      vertex   -1.978089e+00 9.136180e+00 3.353635e+01
      vertex   -1.177860e+00 8.172501e+00 3.353635e+01
      vertex   -9.401757e-01 8.351992e+00 3.401037e+01
    endloop
  endfacet
  facet normal -6.987563e-01 -4.786592e-01 5.316249e-01
    outer loop
      vertex   -9.401757e-01 8.351992e+00 3.401037e+01
      vertex   -1.177860e+00 8.172501e+00 3.353635e+01
      vertex   -2.167304e-01 7.295892e+00 3.401037e+01
    endloop
  endfacet
  facet normal -5.836726e-01 -3.998250e-01 7.067292e-01
    outer loop
      vertex   -9.401757e-01 8.351992e+00 3.401037e+01
      vertex   -2.167304e-01 7.295892e+00 3.401037e+01
      vertex   1.198316e-01 7.504282e+00 3.440622e+01
    endloop
  endfacet
  facet normal -6.180740e-01 -3.442649e-01 7.067292e-01
    outer loop
      vertex   1.198316e-01 7.504282e+00 3.440622e+01
      vertex   -2.167304e-01 7.295892e+00 3.401037e+01
      vertex   7.605384e-01 6.353993e+00 3.440622e+01
    endloop
  endfacet
  facet normal -4.651509e-01 -2.590874e-01 8.464682e-01
    outer loop
      vertex   1.198316e-01 7.504282e+00 3.440622e+01
      vertex   7.605384e-01 6.353993e+00 3.440622e+01
      vertex   1.184859e+00 6.565280e+00 3.470407e+01
    endloop
  endfacet
  facet normal -4.870722e-01 -2.150634e-01 8.464682e-01
    outer loop
      vertex   1.184859e+00 6.565280e+00 3.470407e+01
      vertex   7.605384e-01 6.353993e+00 3.440622e+01
      vertex   1.734383e+00 5.320728e+00 3.470407e+01
    endloop
  endfacet
  facet normal -3.024247e-01 -1.335336e-01 9.437733e-01
    outer loop
      vertex   1.184859e+00 6.565280e+00 3.470407e+01
      vertex   1.734383e+00 5.320728e+00 3.470407e+01
      vertex   2.227108e+00 5.511611e+00 3.488896e+01
    endloop
  endfacet
  facet normal -3.134556e-01 -1.050597e-01 9.437733e-01
    outer loop
      vertex   2.227108e+00 5.511611e+00 3.488896e+01
      vertex   1.734383e+00 5.320728e+00 3.470407e+01
      vertex   2.674964e+00 4.175387e+00 3.488896e+01
    endloop
  endfacet
  facet normal -7.555087e-01 -6.417349e-01 1.318442e-01
    outer loop
      vertex   -2.334308e+00 9.155830e+00 3.245164e+01
      vertex   -1.401049e+00 8.057113e+00 3.245164e+01
      vertex   -2.114730e+00 9.011615e+00 3.300795e+01
    endloop
  endfacet
  facet normal -7.647915e-01 -6.350748e-01 1.085079e-01
    outer loop
      vertex   -2.114730e+00 9.011615e+00 3.300795e+01
      vertex   -1.401049e+00 8.057113e+00 3.245164e+01
      vertex   -1.325411e+00 8.061075e+00 3.300795e+01
    endloop
  endfacet
  facet normal -7.262460e-01 -6.030670e-01 3.299650e-01
    outer loop
      vertex   -2.114730e+00 9.011615e+00 3.300795e+01
      vertex   -1.325411e+00 8.061075e+00 3.300795e+01
      vertex   -1.177860e+00 8.172501e+00 3.353635e+01
    endloop
  endfacet
  facet normal -7.787920e-01 -5.334849e-01 3.299650e-01
    outer loop
      vertex   -1.177860e+00 8.172501e+00 3.353635e+01
      vertex   -1.325411e+00 8.061075e+00 3.300795e+01
      vertex   -4.699620e-01 7.139097e+00 3.353635e+01
    endloop
  endfacet
  facet normal -6.987563e-01 -4.786592e-01 5.316249e-01
    outer loop
      vertex   -1.177860e+00 8.172501e+00 3.353635e+01
      vertex   -4.699620e-01 7.139097e+00 3.353635e+01
      vertex   -2.167304e-01 7.295892e+00 3.401037e+01
    endloop
  endfacet
  facet normal -7.399406e-01 -4.121442e-01 5.316249e-01
    outer loop
      vertex   -2.167304e-01 7.295892e+00 3.401037e+01
      vertex   -4.699620e-01 7.139097e+00 3.353635e+01
      vertex   4.061842e-01 6.177546e+00 3.401037e+01
    endloop
  endfacet
  facet normal -6.180740e-01 -3.442649e-01 7.067292e-01
    outer loop
      vertex   -2.167304e-01 7.295892e+00 3.401037e+01
      vertex   4.061842e-01 6.177546e+00 3.401037e+01
      vertex   7.605384e-01 6.353993e+00 3.440622e+01
    endloop
  endfacet
  facet normal -6.472021e-01 -2.857677e-01 7.067292e-01
    outer loop
      vertex   7.605384e-01 6.353993e+00 3.440622e+01
      vertex   4.061842e-01 6.177546e+00 3.401037e+01
      vertex   1.292377e+00 5.149494e+00 3.440622e+01
    endloop
  endfacet
  facet normal -4.870722e-01 -2.150634e-01 8.464682e-01
    outer loop
      vertex   7.605384e-01 6.353993e+00 3.440622e+01
      vertex   1.292377e+00 5.149494e+00 3.440622e+01
      vertex   1.734383e+00 5.320728e+00 3.470407e+01
    endloop
  endfacet
  facet normal -5.048380e-01 -1.692047e-01 8.464682e-01
    outer loop
      vertex   1.734383e+00 5.320728e+00 3.470407e+01
      vertex   1.292377e+00 5.149494e+00 3.440622e+01
      vertex   2.166729e+00 4.030782e+00 3.470407e+01
    endloop
  endfacet
  facet normal -3.134556e-01 -1.050597e-01 9.437733e-01
    outer loop
      vertex   1.734383e+00 5.320728e+00 3.470407e+01
      vertex   2.166729e+00 4.030782e+00 3.470407e+01
      vertex   2.674964e+00 4.175387e+00 3.488896e+01
    endloop
  endfacet
  facet normal -3.218121e-01 -7.568952e-02 9.437733e-01
    outer loop
      vertex   2.674964e+00 4.175387e+00 3.488896e+01
      vertex   2.166729e+00 4.030782e+00 3.470407e+01
      vertex   2.997620e+00 2.803541e+00 3.488896e+01
    endloop
  endfacet
  facet normal -8.194839e-01 -5.613595e-01 1.154192e-01
    outer loop
      vertex   -1.325411e+00 8.061075e+00 3.300795e+01
      vertex   -1.401049e+00 8.057113e+00 3.245164e+01
      vertex   -6.271651e-01 7.041761e+00 3.300795e+01
    endloop
  endfacet
  facet normal -8.210786e-01 -5.567051e-01 1.261327e-01
    outer loop
      vertex   -6.271651e-01 7.041761e+00 3.300795e+01
      vertex   -1.401049e+00 8.057113e+00 3.245164e+01
      vertex   -5.920534e-01 6.863934e+00 3.245164e+01
    endloop
  endfacet
  facet normal -8.692516e-01 -4.841700e-01 9.990568e-02
    outer loop
      vertex   -6.271651e-01 7.041761e+00 3.300795e+01
      vertex   -5.920534e-01 6.863934e+00 3.245164e+01
      vertex   -2.594788e-02 5.962370e+00 3.300795e+01
    endloop
  endfacet
  facet normal -8.749835e-01 -4.638869e-01 1.386101e-01
    outer loop
      vertex   -2.594788e-02 5.962370e+00 3.300795e+01
      vertex   -5.920534e-01 6.863934e+00 3.245164e+01
      vertex   8.319455e-02 5.590281e+00 3.245164e+01
    endloop
  endfacet
  facet normal -9.110549e-01 -4.022701e-01 9.032013e-02
    outer loop
      vertex   -2.594788e-02 5.962370e+00 3.300795e+01
      vertex   8.319455e-02 5.590281e+00 3.245164e+01
      vertex   4.731110e-01 4.832109e+00 3.300795e+01
    endloop
  endfacet
  facet normal -9.191425e-01 -3.662198e-01 1.451209e-01
    outer loop
      vertex   4.731110e-01 4.832109e+00 3.300795e+01
      vertex   8.319455e-02 5.590281e+00 3.245164e+01
      vertex   6.167781e-01 4.251088e+00 3.245164e+01
    endloop
  endfacet
  facet normal -9.445888e-01 -3.165943e-01 8.671858e-02
    outer loop
      vertex   4.731110e-01 4.832109e+00 3.300795e+01
      vertex   6.167781e-01 4.251088e+00 3.245164e+01
      vertex   8.657537e-01 3.660623e+00 3.300795e+01
    endloop
  endfacet
  facet normal -9.532661e-01 -2.646730e-01 1.457119e-01
    outer loop
      vertex   8.657537e-01 3.660623e+00 3.300795e+01
      vertex   6.167781e-01 4.251088e+00 3.245164e+01
      vertex   1.002441e+00 2.862054e+00 3.245164e+01
    endloop
  endfacet
  facet normal -9.695646e-01 -2.280395e-01 8.912002e-02
    outer loop
      vertex   8.657537e-01 3.660623e+00 3.300795e+01
      vertex   1.002441e+00 2.862054e+00 3.245164e+01
      vertex   1.148630e+00 2.457905e+00 3.300795e+01
    endloop
  endfacet
  facet normal -9.770536e-01 -1.601798e-01 1.403875e-01
    outer loop
      vertex   1.148630e+00 2.457905e+00 3.300795e+01
      vertex   1.002441e+00 2.862054e+00 3.245164e+01
      vertex   1.235663e+00 1.439465e+00 3.245164e+01
    endloop
  endfacet
  facet normal -9.856905e-01 -1.374980e-01 9.751191e-02
    outer loop
      vertex   1.148630e+00 2.457905e+00 3.300795e+01
      vertex   1.235663e+00 1.439465e+00 3.245164e+01
      vertex   1.319327e+00 1.234217e+00 3.300795e+01
    endloop
  endfacet
  facet normal -9.901761e-01 -5.368579e-02 1.291090e-01
    outer loop
      vertex   1.319327e+00 1.234217e+00 3.300795e+01
      vertex   1.235663e+00 1.439465e+00 3.245164e+01
      vertex   1.313708e+00 -1.630459e-15 3.245164e+01
    endloop
  endfacet
  facet normal -9.926652e-01 -4.589368e-02 1.118465e-01
    outer loop
      vertex   1.319327e+00 1.234217e+00 3.300795e+01
      vertex   1.313708e+00 -1.630459e-15 3.245164e+01
      vertex   1.376389e+00 -1.404116e-15 3.300795e+01
    endloop
  endfacet
  facet normal -9.926652e-01 4.589368e-02 1.118465e-01
    outer loop
      vertex   1.376389e+00 -1.404116e-15 3.300795e+01
      vertex   1.313708e+00 -1.630459e-15 3.245164e+01
      vertex   1.319327e+00 -1.234217e+00 3.300795e+01
    endloop
  endfacet
  facet normal -9.429859e-01 4.359687e-02 3.299650e-01
    outer loop
      vertex   1.376389e+00 -1.404116e-15 3.300795e+01
      vertex   1.319327e+00 -1.234217e+00 3.300795e+01
      vertex   1.503436e+00 -1.251278e+00 3.353635e+01
    endloop
  endfacet
  facet normal -9.349407e-01 1.304187e-01 3.299650e-01
    outer loop
      vertex   1.503436e+00 -1.251278e+00 3.353635e+01
      vertex   1.319327e+00 -1.234217e+00 3.300795e+01
      vertex   1.330380e+00 -2.491880e+00 3.353635e+01
    endloop
  endfacet
  facet normal -8.388577e-01 1.170157e-01 5.316249e-01
    outer loop
      vertex   1.503436e+00 -1.251278e+00 3.353635e+01
      vertex   1.330380e+00 -2.491880e+00 3.353635e+01
      vertex   1.623152e+00 -2.546608e+00 3.401037e+01
    endloop
  endfacet
  facet normal -8.244825e-01 1.939165e-01 5.316249e-01
    outer loop
      vertex   1.623152e+00 -2.546608e+00 3.401037e+01
      vertex   1.330380e+00 -2.491880e+00 3.353635e+01
      vertex   1.330066e+00 -3.792731e+00 3.401037e+01
    endloop
  endfacet
  facet normal -6.886920e-01 1.619789e-01 7.067292e-01
    outer loop
      vertex   1.623152e+00 -2.546608e+00 3.401037e+01
      vertex   1.330066e+00 -3.792731e+00 3.401037e+01
      vertex   1.710809e+00 -3.901062e+00 3.440622e+01
    endloop
  endfacet
  facet normal -6.708086e-01 2.248324e-01 7.067292e-01
    outer loop
      vertex   1.710809e+00 -3.901062e+00 3.440622e+01
      vertex   1.330066e+00 -3.792731e+00 3.401037e+01
      vertex   1.292377e+00 -5.149494e+00 3.440622e+01
    endloop
  endfacet
  facet normal -5.048380e-01 1.692047e-01 8.464682e-01
    outer loop
      vertex   1.710809e+00 -3.901062e+00 3.440622e+01
      vertex   1.292377e+00 -5.149494e+00 3.440622e+01
      vertex   1.734383e+00 -5.320728e+00 3.470407e+01
    endloop
  endfacet
  facet normal -4.870722e-01 2.150634e-01 8.464682e-01
    outer loop
      vertex   1.734383e+00 -5.320728e+00 3.470407e+01
      vertex   1.292377e+00 -5.149494e+00 3.440622e+01
      vertex   1.184859e+00 -6.565280e+00 3.470407e+01
    endloop
  endfacet
  facet normal -3.024247e-01 1.335336e-01 9.437733e-01
    outer loop
      vertex   1.734383e+00 -5.320728e+00 3.470407e+01
      vertex   1.184859e+00 -6.565280e+00 3.470407e+01
      vertex   1.657870e+00 -6.800811e+00 3.488896e+01
    endloop
  endfacet
  facet normal -2.888137e-01 1.608682e-01 9.437733e-01
    outer loop
      vertex   1.657870e+00 -6.800811e+00 3.488896e+01
      vertex   1.184859e+00 -6.565280e+00 3.470407e+01
      vertex   9.721081e-01 -8.031989e+00 3.488896e+01
    endloop
  endfacet
  facet normal -9.901761e-01 5.368579e-02 1.291090e-01
    outer loop
      vertex   1.313708e+00 -1.630459e-15 3.245164e+01
      vertex   1.235663e+00 -1.439465e+00 3.245164e+01
      vertex   1.319327e+00 -1.234217e+00 3.300795e+01
    endloop
  endfacet
  facet normal -9.856905e-01 1.374980e-01 9.751191e-02
    outer loop
      vertex   1.319327e+00 -1.234217e+00 3.300795e+01
      vertex   1.235663e+00 -1.439465e+00 3.245164e+01
      vertex   1.148630e+00 -2.457905e+00 3.300795e+01
    endloop
  endfacet
  facet normal -9.349407e-01 1.304187e-01 3.299650e-01
    outer loop
      vertex   1.319327e+00 -1.234217e+00 3.300795e+01
      vertex   1.148630e+00 -2.457905e+00 3.300795e+01
      vertex   1.330380e+00 -2.491880e+00 3.353635e+01
    endloop
  endfacet
  facet normal -9.189189e-01 2.161278e-01 3.299650e-01
    outer loop
      vertex   1.330380e+00 -2.491880e+00 3.353635e+01
      vertex   1.148630e+00 -2.457905e+00 3.300795e+01
      vertex   1.043593e+00 -3.711222e+00 3.353635e+01
    endloop
  endfacet
  facet normal -8.244825e-01 1.939165e-01 5.316249e-01
    outer loop
      vertex   1.330380e+00 -2.491880e+00 3.353635e+01
      vertex   1.043593e+00 -3.711222e+00 3.353635e+01
      vertex   1.330066e+00 -3.792731e+00 3.401037e+01
    endloop
  endfacet
  facet normal -8.030730e-01 2.691629e-01 5.316249e-01
    outer loop
      vertex   1.330066e+00 -3.792731e+00 3.401037e+01
      vertex   1.043593e+00 -3.711222e+00 3.353635e+01
      vertex   9.232536e-01 -5.006495e+00 3.401037e+01
    endloop
  endfacet
  facet normal -6.708086e-01 2.248324e-01 7.067292e-01
    outer loop
      vertex   1.330066e+00 -3.792731e+00 3.401037e+01
      vertex   9.232536e-01 -5.006495e+00 3.401037e+01
      vertex   1.292377e+00 -5.149494e+00 3.440622e+01
    endloop
  endfacet
  facet normal -6.472021e-01 2.857677e-01 7.067292e-01
    outer loop
      vertex   1.292377e+00 -5.149494e+00 3.440622e+01
      vertex   9.232536e-01 -5.006495e+00 3.401037e+01
      vertex   7.605384e-01 -6.353993e+00 3.440622e+01
    endloop
  endfacet
  facet normal -4.870722e-01 2.150634e-01 8.464682e-01
    outer loop
      vertex   1.292377e+00 -5.149494e+00 3.440622e+01
      vertex   7.605384e-01 -6.353993e+00 3.440622e+01
      vertex   1.184859e+00 -6.565280e+00 3.470407e+01
    endloop
  endfacet
  facet normal -4.651509e-01 2.590874e-01 8.464682e-01
    outer loop
      vertex   1.184859e+00 -6.565280e+00 3.470407e+01
      vertex   7.605384e-01 -6.353993e+00 3.440622e+01
      vertex   5.228474e-01 -7.753819e+00 3.470407e+01
    endloop
  endfacet
  facet normal -2.888137e-01 1.608682e-01 9.437733e-01
    outer loop
      vertex   1.184859e+00 -6.565280e+00 3.470407e+01
      vertex   5.228474e-01 -7.753819e+00 3.470407e+01
      vertex   9.721081e-01 -8.031989e+00 3.488896e+01
    endloop
  endfacet
  facet normal -9.770536e-01 1.601798e-01 1.403875e-01
    outer loop
      vertex   1.235663e+00 -1.439465e+00 3.245164e+01
      vertex   1.002441e+00 -2.862054e+00 3.245164e+01
      vertex   1.148630e+00 -2.457905e+00 3.300795e+01
    endloop
  endfacet
  facet normal -9.695646e-01 2.280395e-01 8.912002e-02
    outer loop
      vertex   1.148630e+00 -2.457905e+00 3.300795e+01
      vertex   1.002441e+00 -2.862054e+00 3.245164e+01
      vertex   8.657537e-01 -3.660623e+00 3.300795e+01
    endloop
  endfacet
  facet normal -9.189189e-01 2.161278e-01 3.299650e-01
    outer loop
      vertex   1.148630e+00 -2.457905e+00 3.300795e+01
      vertex   8.657537e-01 -3.660623e+00 3.300795e+01
      vertex   1.043593e+00 -3.711222e+00 3.353635e+01
    endloop
  endfacet
  facet normal -8.950572e-01 2.999929e-01 3.299650e-01
    outer loop
      vertex   1.043593e+00 -3.711222e+00 3.353635e+01
      vertex   8.657537e-01 -3.660623e+00 3.300795e+01
      vertex   6.455229e-01 -4.898902e+00 3.353635e+01
    endloop
  endfacet
  facet normal -8.030730e-01 2.691629e-01 5.316249e-01
    outer loop
      vertex   1.043593e+00 -3.711222e+00 3.353635e+01
      vertex   6.455229e-01 -4.898902e+00 3.353635e+01
      vertex   9.232536e-01 -5.006495e+00 3.401037e+01
    endloop
  endfacet
  facet normal -7.748120e-01 3.421130e-01 5.316249e-01
    outer loop
      vertex   9.232536e-01 -5.006495e+00 3.401037e+01
      vertex   6.455229e-01 -4.898902e+00 3.353635e+01
      vertex   4.061842e-01 -6.177546e+00 3.401037e+01
    endloop
  endfacet
  facet normal -6.472021e-01 2.857677e-01 7.067292e-01
    outer loop
      vertex   9.232536e-01 -5.006495e+00 3.401037e+01
      vertex   4.061842e-01 -6.177546e+00 3.401037e+01
      vertex   7.605384e-01 -6.353993e+00 3.440622e+01
    endloop
  endfacet
  facet normal -6.180740e-01 3.442649e-01 7.067292e-01
    outer loop
      vertex   7.605384e-01 -6.353993e+00 3.440622e+01
      vertex   4.061842e-01 -6.177546e+00 3.401037e+01
      vertex   1.198316e-01 -7.504282e+00 3.440622e+01
    endloop
  endfacet
  facet normal -4.651509e-01 2.590874e-01 8.464682e-01
    outer loop
      vertex   7.605384e-01 -6.353993e+00 3.440622e+01
      vertex   1.198316e-01 -7.504282e+00 3.440622e+01
      vertex   5.228474e-01 -7.753819e+00 3.470407e+01
    endloop
  endfacet
  facet normal -9.532661e-01 2.646730e-01 1.457119e-01
    outer loop
      vertex   1.002441e+00 -2.862054e+00 3.245164e+01
      vertex   6.167781e-01 -4.251088e+00 3.245164e+01
      vertex   8.657537e-01 -3.660623e+00 3.300795e+01
    endloop
  endfacet
  facet normal -9.445888e-01 3.165943e-01 8.671858e-02
    outer loop
      vertex   8.657537e-01 -3.660623e+00 3.300795e+01
      vertex   6.167781e-01 -4.251088e+00 3.245164e+01
      vertex   4.731110e-01 -4.832109e+00 3.300795e+01
    endloop
  endfacet
  facet normal -8.950572e-01 2.999929e-01 3.299650e-01
    outer loop
      vertex   8.657537e-01 -3.660623e+00 3.300795e+01
      vertex   4.731110e-01 -4.832109e+00 3.300795e+01
      vertex   6.455229e-01 -4.898902e+00 3.353635e+01
    endloop
  endfacet
  facet normal -8.635591e-01 3.812987e-01 3.299650e-01
    outer loop
      vertex   6.455229e-01 -4.898902e+00 3.353635e+01
      vertex   4.731110e-01 -4.832109e+00 3.300795e+01
      vertex   1.395657e-01 -6.044786e+00 3.353635e+01
    endloop
  endfacet
  facet normal -7.748120e-01 3.421130e-01 5.316249e-01
    outer loop
      vertex   6.455229e-01 -4.898902e+00 3.353635e+01
      vertex   1.395657e-01 -6.044786e+00 3.353635e+01
      vertex   4.061842e-01 -6.177546e+00 3.401037e+01
    endloop
  endfacet
  facet normal -7.399406e-01 4.121442e-01 5.316249e-01
    outer loop
      vertex   4.061842e-01 -6.177546e+00 3.401037e+01
      vertex   1.395657e-01 -6.044786e+00 3.353635e+01
      vertex   -2.167304e-01 -7.295892e+00 3.401037e+01
    endloop
  endfacet
  facet normal -6.180740e-01 3.442649e-01 7.067292e-01
    outer loop
      vertex   4.061842e-01 -6.177546e+00 3.401037e+01
      vertex   -2.167304e-01 -7.295892e+00 3.401037e+01
      vertex   1.198316e-01 -7.504282e+00 3.440622e+01
    endloop
  endfacet
  facet normal -9.191425e-01 3.662198e-01 1.451209e-01
    outer loop
      vertex   6.167781e-01 -4.251088e+00 3.245164e+01
      vertex   8.319455e-02 -5.590281e+00 3.245164e+01
      vertex   4.731110e-01 -4.832109e+00 3.300795e+01
    endloop
  endfacet
  facet normal -9.110549e-01 4.022701e-01 9.032013e-02
    outer loop
      vertex   4.731110e-01 -4.832109e+00 3.300795e+01
      vertex   8.319455e-02 -5.590281e+00 3.245164e+01
      vertex   -2.594788e-02 -5.962370e+00 3.300795e+01
    endloop
  endfacet
  facet normal -8.635591e-01 3.812987e-01 3.299650e-01
    outer loop
      vertex   4.731110e-01 -4.832109e+00 3.300795e+01
      vertex   -2.594788e-02 -5.962370e+00 3.300795e+01
      vertex   1.395657e-01 -6.044786e+00 3.353635e+01
    endloop
  endfacet
  facet normal -8.246936e-01 4.593513e-01 3.299650e-01
    outer loop
      vertex   1.395657e-01 -6.044786e+00 3.353635e+01
      vertex   -2.594788e-02 -5.962370e+00 3.300795e+01
      vertex   -4.699620e-01 -7.139097e+00 3.353635e+01
    endloop
  endfacet
  facet normal -7.399406e-01 4.121442e-01 5.316249e-01
    outer loop
      vertex   1.395657e-01 -6.044786e+00 3.353635e+01
      vertex   -4.699620e-01 -7.139097e+00 3.353635e+01
      vertex   -2.167304e-01 -7.295892e+00 3.401037e+01
    endloop
  endfacet
  facet normal -8.749835e-01 4.638869e-01 1.386101e-01
    outer loop
      vertex   8.319455e-02 -5.590281e+00 3.245164e+01
      vertex   -5.920534e-01 -6.863934e+00 3.245164e+01
      vertex   -2.594788e-02 -5.962370e+00 3.300795e+01
    endloop
  endfacet
  facet normal -8.692516e-01 4.841700e-01 9.990568e-02
    outer loop
      vertex   -2.594788e-02 -5.962370e+00 3.300795e+01
      vertex   -5.920534e-01 -6.863934e+00 3.245164e+01
      vertex   -6.271651e-01 -7.041761e+00 3.300795e+01
    endloop
  endfacet
  facet normal -8.246936e-01 4.593513e-01 3.299650e-01
    outer loop
      vertex   -2.594788e-02 -5.962370e+00 3.300795e+01
      vertex   -6.271651e-01 -7.041761e+00 3.300795e+01
      vertex   -4.699620e-01 -7.139097e+00 3.353635e+01
    endloop
  endfacet
  facet normal -8.210786e-01 5.567051e-01 1.261327e-01
    outer loop
      vertex   -5.920534e-01 -6.863934e+00 3.245164e+01
      vertex   -1.401049e+00 -8.057113e+00 3.245164e+01
      vertex   -6.271651e-01 -7.041761e+00 3.300795e+01
    endloop
  endfacet
  facet normal -2.130218e-01 9.677679e-01 1.343390e-01
    outer loop
      vertex   -8.438206e+00 -1.282842e+01 3.245164e+01
      vertex   -9.846082e+00 -1.313832e+01 3.245164e+01
      vertex   -9.542095e+00 -1.314863e+01 3.300795e+01
    endloop
  endfacet
  facet normal -1.375519e-01 9.860774e-01 9.343846e-02
    outer loop
      vertex   -9.542095e+00 -1.314863e+01 3.300795e+01
      vertex   -9.846082e+00 -1.313832e+01 3.245164e+01
      vertex   -1.076578e+01 -1.331933e+01 3.300795e+01
    endloop
  endfacet
  facet normal -1.304187e-01 9.349407e-01 3.299650e-01
    outer loop
      vertex   -9.542095e+00 -1.314863e+01 3.300795e+01
      vertex   -1.076578e+01 -1.331933e+01 3.300795e+01
      vertex   -1.074872e+01 -1.350344e+01 3.353635e+01
    endloop
  endfacet
  facet normal -4.359687e-02 9.429859e-01 3.299650e-01
    outer loop
      vertex   -1.074872e+01 -1.350344e+01 3.353635e+01
      vertex   -1.076578e+01 -1.331933e+01 3.300795e+01
      vertex   -1.200000e+01 -1.356129e+01 3.353635e+01
    endloop
  endfacet
  facet normal -3.911646e-02 8.460762e-01 5.316249e-01
    outer loop
      vertex   -1.074872e+01 -1.350344e+01 3.353635e+01
      vertex   -1.200000e+01 -1.356129e+01 3.353635e+01
      vertex   -1.200000e+01 -1.385913e+01 3.401037e+01
    endloop
  endfacet
  facet normal 3.911646e-02 8.460762e-01 5.316249e-01
    outer loop
      vertex   -1.200000e+01 -1.385913e+01 3.401037e+01
      vertex   -1.200000e+01 -1.356129e+01 3.353635e+01
      vertex   -1.327876e+01 -1.380001e+01 3.401037e+01
    endloop
  endfacet
  facet normal 3.267406e-02 7.067292e-01 7.067292e-01
    outer loop
      vertex   -1.200000e+01 -1.385913e+01 3.401037e+01
      vertex   -1.327876e+01 -1.380001e+01 3.401037e+01
      vertex   -1.331528e+01 -1.419417e+01 3.440622e+01
    endloop
  endfacet
  facet normal 9.774343e-02 7.006997e-01 7.067292e-01
    outer loop
      vertex   -1.331528e+01 -1.419417e+01 3.440622e+01
      vertex   -1.327876e+01 -1.380001e+01 3.401037e+01
      vertex   -1.461935e+01 -1.401227e+01 3.440622e+01
    endloop
  endfacet
  facet normal 7.355988e-02 5.273335e-01 8.464682e-01
    outer loop
      vertex   -1.331528e+01 -1.419417e+01 3.440622e+01
      vertex   -1.461935e+01 -1.401227e+01 3.440622e+01
      vertex   -1.470645e+01 -1.447821e+01 3.470407e+01
    endloop
  endfacet
  facet normal 1.219023e-01 5.182967e-01 8.464682e-01
    outer loop
      vertex   -1.470645e+01 -1.447821e+01 3.470407e+01
      vertex   -1.461935e+01 -1.401227e+01 3.440622e+01
      vertex   -1.603078e+01 -1.416673e+01 3.470407e+01
    endloop
  endfacet
  facet normal 7.568952e-02 3.218121e-01 9.437733e-01
    outer loop
      vertex   -1.470645e+01 -1.447821e+01 3.470407e+01
      vertex   -1.603078e+01 -1.416673e+01 3.470407e+01
      vertex   -1.617539e+01 -1.467496e+01 3.488896e+01
    endloop
  endfacet
  facet normal 1.050597e-01 3.134556e-01 9.437733e-01
    outer loop
      vertex   -1.617539e+01 -1.467496e+01 3.488896e+01
      vertex   -1.603078e+01 -1.416673e+01 3.470407e+01
      vertex   -1.751161e+01 -1.422711e+01 3.488896e+01
    endloop
  endfacet
  facet normal -1.070043e-01 9.838880e-01 1.432287e-01
    outer loop
      vertex   -9.846082e+00 -1.313832e+01 3.245164e+01
      vertex   -1.127921e+01 -1.329418e+01 3.245164e+01
      vertex   -1.076578e+01 -1.331933e+01 3.300795e+01
    endloop
  endfacet
  facet normal -4.600657e-02 9.951069e-01 8.743918e-02
    outer loop
      vertex   -1.076578e+01 -1.331933e+01 3.300795e+01
      vertex   -1.127921e+01 -1.329418e+01 3.245164e+01
      vertex   -1.200000e+01 -1.337639e+01 3.300795e+01
    endloop
  endfacet
  facet normal -4.359687e-02 9.429859e-01 3.299650e-01
    outer loop
      vertex   -1.076578e+01 -1.331933e+01 3.300795e+01
      vertex   -1.200000e+01 -1.337639e+01 3.300795e+01
      vertex   -1.200000e+01 -1.356129e+01 3.353635e+01
    endloop
  endfacet
  facet normal 4.359687e-02 9.429859e-01 3.299650e-01
    outer loop
      vertex   -1.200000e+01 -1.356129e+01 3.353635e+01
      vertex   -1.200000e+01 -1.337639e+01 3.300795e+01
      vertex   -1.325128e+01 -1.350344e+01 3.353635e+01
    endloop
  endfacet
  facet normal 3.911646e-02 8.460762e-01 5.316249e-01
    outer loop
      vertex   -1.200000e+01 -1.356129e+01 3.353635e+01
      vertex   -1.325128e+01 -1.350344e+01 3.353635e+01
      vertex   -1.327876e+01 -1.380001e+01 3.401037e+01
    endloop
  endfacet
  facet normal 1.170157e-01 8.388577e-01 5.316249e-01
    outer loop
      vertex   -1.327876e+01 -1.380001e+01 3.401037e+01
      vertex   -1.325128e+01 -1.350344e+01 3.353635e+01
      vertex   -1.454661e+01 -1.362315e+01 3.401037e+01
    endloop
  endfacet
  facet normal 9.774343e-02 7.006997e-01 7.067292e-01
    outer loop
      vertex   -1.327876e+01 -1.380001e+01 3.401037e+01
      vertex   -1.454661e+01 -1.362315e+01 3.401037e+01
      vertex   -1.461935e+01 -1.401227e+01 3.440622e+01
    endloop
  endfacet
  facet normal 1.619789e-01 6.886920e-01 7.067292e-01
    outer loop
      vertex   -1.461935e+01 -1.401227e+01 3.440622e+01
      vertex   -1.454661e+01 -1.362315e+01 3.401037e+01
      vertex   -1.590106e+01 -1.371081e+01 3.440622e+01
    endloop
  endfacet
  facet normal 1.219023e-01 5.182967e-01 8.464682e-01
    outer loop
      vertex   -1.461935e+01 -1.401227e+01 3.440622e+01
      vertex   -1.590106e+01 -1.371081e+01 3.440622e+01
      vertex   -1.603078e+01 -1.416673e+01 3.470407e+01
    endloop
  endfacet
  facet normal 1.692047e-01 5.048380e-01 8.464682e-01
    outer loop
      vertex   -1.603078e+01 -1.416673e+01 3.470407e+01
      vertex   -1.590106e+01 -1.371081e+01 3.440622e+01
      vertex   -1.732073e+01 -1.373438e+01 3.470407e+01
    endloop
  endfacet
  facet normal 1.050597e-01 3.134556e-01 9.437733e-01
    outer loop
      vertex   -1.603078e+01 -1.416673e+01 3.470407e+01
      vertex   -1.732073e+01 -1.373438e+01 3.470407e+01
      vertex   -1.751161e+01 -1.422711e+01 3.488896e+01
    endloop
  endfacet
  facet normal 1.335336e-01 3.024247e-01 9.437733e-01
    outer loop
      vertex   -1.751161e+01 -1.422711e+01 3.488896e+01
      vertex   -1.732073e+01 -1.373438e+01 3.470407e+01
      vertex   -1.880081e+01 -1.365787e+01 3.488896e+01
    endloop
  endfacet
  facet normal 0.000000e+00 9.892573e-01 1.461846e-01
    outer loop
      vertex   -1.127921e+01 -1.329418e+01 3.245164e+01
      vertex   -1.272079e+01 -1.329418e+01 3.245164e+01
      vertex   -1.200000e+01 -1.337639e+01 3.300795e+01
    endloop
  endfacet
  facet normal 4.600657e-02 9.951069e-01 8.743918e-02
    outer loop
      vertex   -1.200000e+01 -1.337639e+01 3.300795e+01
      vertex   -1.272079e+01 -1.329418e+01 3.245164e+01
      vertex   -1.323422e+01 -1.331933e+01 3.300795e+01
    endloop
  endfacet
  facet normal 4.359687e-02 9.429859e-01 3.299650e-01
    outer loop
      vertex   -1.200000e+01 -1.337639e+01 3.300795e+01
      vertex   -1.323422e+01 -1.331933e+01 3.300795e+01
      vertex   -1.325128e+01 -1.350344e+01 3.353635e+01
    endloop
  endfacet
  facet normal 1.304187e-01 9.349407e-01 3.299650e-01
    outer loop
      vertex   -1.325128e+01 -1.350344e+01 3.353635e+01
      vertex   -1.323422e+01 -1.331933e+01 3.300795e+01
      vertex   -1.449188e+01 -1.333038e+01 3.353635e+01
    endloop
  endfacet
  facet normal 1.170157e-01 8.388577e-01 5.316249e-01
    outer loop
      vertex   -1.325128e+01 -1.350344e+01 3.353635e+01
      vertex   -1.449188e+01 -1.333038e+01 3.353635e+01
      vertex   -1.454661e+01 -1.362315e+01 3.401037e+01
    endloop
  endfacet
  facet normal 1.939165e-01 8.244825e-01 5.316249e-01
    outer loop
      vertex   -1.454661e+01 -1.362315e+01 3.401037e+01
      vertex   -1.449188e+01 -1.333038e+01 3.353635e+01
      vertex   -1.579273e+01 -1.333007e+01 3.401037e+01
    endloop
  endfacet
  facet normal 1.619789e-01 6.886920e-01 7.067292e-01
    outer loop
      vertex   -1.454661e+01 -1.362315e+01 3.401037e+01
      vertex   -1.579273e+01 -1.333007e+01 3.401037e+01
      vertex   -1.590106e+01 -1.371081e+01 3.440622e+01
    endloop
  endfacet
  facet normal 2.248324e-01 6.708086e-01 7.067292e-01
    outer loop
      vertex   -1.590106e+01 -1.371081e+01 3.440622e+01
      vertex   -1.579273e+01 -1.333007e+01 3.401037e+01
      vertex   -1.714949e+01 -1.329238e+01 3.440622e+01
    endloop
  endfacet
  facet normal 1.692047e-01 5.048380e-01 8.464682e-01
    outer loop
      vertex   -1.590106e+01 -1.371081e+01 3.440622e+01
      vertex   -1.714949e+01 -1.329238e+01 3.440622e+01
      vertex   -1.732073e+01 -1.373438e+01 3.470407e+01
    endloop
  endfacet
  facet normal 2.150634e-01 4.870722e-01 8.464682e-01
    outer loop
      vertex   -1.732073e+01 -1.373438e+01 3.470407e+01
      vertex   -1.714949e+01 -1.329238e+01 3.440622e+01
      vertex   -1.856528e+01 -1.318486e+01 3.470407e+01
    endloop
  endfacet
  facet normal 1.335336e-01 3.024247e-01 9.437733e-01
    outer loop
      vertex   -1.732073e+01 -1.373438e+01 3.470407e+01
      vertex   -1.856528e+01 -1.318486e+01 3.470407e+01
      vertex   -1.880081e+01 -1.365787e+01 3.488896e+01
    endloop
  endfacet
  facet normal 1.608682e-01 2.888137e-01 9.437733e-01
    outer loop
      vertex   -1.880081e+01 -1.365787e+01 3.488896e+01
      vertex   -1.856528e+01 -1.318486e+01 3.470407e+01
      vertex   -2.003199e+01 -1.297211e+01 3.488896e+01
    endloop
  endfacet
  facet normal 1.070043e-01 9.838880e-01 1.432287e-01
    outer loop
      vertex   -1.272079e+01 -1.329418e+01 3.245164e+01
      vertex   -1.415392e+01 -1.313832e+01 3.245164e+01
      vertex   -1.323422e+01 -1.331933e+01 3.300795e+01
    endloop
  endfacet
  facet normal 1.375519e-01 9.860774e-01 9.343846e-02
    outer loop
      vertex   -1.323422e+01 -1.331933e+01 3.300795e+01
      vertex   -1.415392e+01 -1.313832e+01 3.245164e+01
      vertex   -1.445791e+01 -1.314863e+01 3.300795e+01
    endloop
  endfacet
  facet normal 1.304187e-01 9.349407e-01 3.299650e-01
    outer loop
      vertex   -1.323422e+01 -1.331933e+01 3.300795e+01
      vertex   -1.445791e+01 -1.314863e+01 3.300795e+01
      vertex   -1.449188e+01 -1.333038e+01 3.353635e+01
    endloop
  endfacet
  facet normal 2.161278e-01 9.189189e-01 3.299650e-01
    outer loop
      vertex   -1.449188e+01 -1.333038e+01 3.353635e+01
      vertex   -1.445791e+01 -1.314863e+01 3.300795e+01
      vertex   -1.571122e+01 -1.304359e+01 3.353635e+01
    endloop
  endfacet
  facet normal 1.939165e-01 8.244825e-01 5.316249e-01
    outer loop
      vertex   -1.449188e+01 -1.333038e+01 3.353635e+01
      vertex   -1.571122e+01 -1.304359e+01 3.353635e+01
      vertex   -1.579273e+01 -1.333007e+01 3.401037e+01
    endloop
  endfacet
  facet normal 2.691629e-01 8.030730e-01 5.316249e-01
    outer loop
      vertex   -1.579273e+01 -1.333007e+01 3.401037e+01
      vertex   -1.571122e+01 -1.304359e+01 3.353635e+01
      vertex   -1.700650e+01 -1.292325e+01 3.401037e+01
    endloop
  endfacet
  facet normal 2.248324e-01 6.708086e-01 7.067292e-01
    outer loop
      vertex   -1.579273e+01 -1.333007e+01 3.401037e+01
      vertex   -1.700650e+01 -1.292325e+01 3.401037e+01
      vertex   -1.714949e+01 -1.329238e+01 3.440622e+01
    endloop
  endfacet
  facet normal 2.857677e-01 6.472021e-01 7.067292e-01
    outer loop
      vertex   -1.714949e+01 -1.329238e+01 3.440622e+01
      vertex   -1.700650e+01 -1.292325e+01 3.401037e+01
      vertex   -1.835399e+01 -1.276054e+01 3.440622e+01
    endloop
  endfacet
  facet normal 2.150634e-01 4.870722e-01 8.464682e-01
    outer loop
      vertex   -1.714949e+01 -1.329238e+01 3.440622e+01
      vertex   -1.835399e+01 -1.276054e+01 3.440622e+01
      vertex   -1.856528e+01 -1.318486e+01 3.470407e+01
    endloop
  endfacet
  facet normal 2.590874e-01 4.651509e-01 8.464682e-01
    outer loop
      vertex   -1.856528e+01 -1.318486e+01 3.470407e+01
      vertex   -1.835399e+01 -1.276054e+01 3.440622e+01
      vertex   -1.975382e+01 -1.252285e+01 3.470407e+01
    endloop
  endfacet
  facet normal 1.608682e-01 2.888137e-01 9.437733e-01
    outer loop
      vertex   -1.856528e+01 -1.318486e+01 3.470407e+01
      vertex   -1.975382e+01 -1.252285e+01 3.470407e+01
      vertex   -2.003199e+01 -1.297211e+01 3.488896e+01
    endloop
  endfacet
  facet normal 1.868303e-01 2.727387e-01 9.437733e-01
    outer loop
      vertex   -2.003199e+01 -1.297211e+01 3.488896e+01
      vertex   -1.975382e+01 -1.252285e+01 3.470407e+01
      vertex   -2.119464e+01 -1.217567e+01 3.488896e+01
    endloop
  endfacet
  facet normal 2.130218e-01 9.677679e-01 1.343390e-01
    outer loop
      vertex   -1.415392e+01 -1.313832e+01 3.245164e+01
      vertex   -1.556179e+01 -1.282842e+01 3.245164e+01
      vertex   -1.445791e+01 -1.314863e+01 3.300795e+01
    endloop
  endfacet
  facet normal 2.276752e-01 9.680155e-01 1.054044e-01
    outer loop
      vertex   -1.445791e+01 -1.314863e+01 3.300795e+01
      vertex   -1.556179e+01 -1.282842e+01 3.245164e+01
      vertex   -1.566062e+01 -1.286575e+01 3.300795e+01
    endloop
  endfacet
  facet normal 2.161278e-01 9.189189e-01 3.299650e-01
    outer loop
      vertex   -1.445791e+01 -1.314863e+01 3.300795e+01
      vertex   -1.566062e+01 -1.286575e+01 3.300795e+01
      vertex   -1.571122e+01 -1.304359e+01 3.353635e+01
    endloop
  endfacet
  facet normal 2.999929e-01 8.950572e-01 3.299650e-01
    outer loop
      vertex   -1.571122e+01 -1.304359e+01 3.353635e+01
      vertex   -1.566062e+01 -1.286575e+01 3.300795e+01
      vertex   -1.689890e+01 -1.264552e+01 3.353635e+01
    endloop
  endfacet
  facet normal 2.691629e-01 8.030730e-01 5.316249e-01
    outer loop
      vertex   -1.571122e+01 -1.304359e+01 3.353635e+01
      vertex   -1.689890e+01 -1.264552e+01 3.353635e+01
      vertex   -1.700650e+01 -1.292325e+01 3.401037e+01
    endloop
  endfacet
  facet normal 3.421130e-01 7.748120e-01 5.316249e-01
    outer loop
      vertex   -1.700650e+01 -1.292325e+01 3.401037e+01
      vertex   -1.689890e+01 -1.264552e+01 3.353635e+01
      vertex   -1.817755e+01 -1.240618e+01 3.401037e+01
    endloop
  endfacet
  facet normal 2.857677e-01 6.472021e-01 7.067292e-01
    outer loop
      vertex   -1.700650e+01 -1.292325e+01 3.401037e+01
      vertex   -1.817755e+01 -1.240618e+01 3.401037e+01
      vertex   -1.835399e+01 -1.276054e+01 3.440622e+01
    endloop
  endfacet
  facet normal 3.442649e-01 6.180740e-01 7.067292e-01
    outer loop
      vertex   -1.835399e+01 -1.276054e+01 3.440622e+01
      vertex   -1.817755e+01 -1.240618e+01 3.401037e+01
      vertex   -1.950428e+01 -1.211983e+01 3.440622e+01
    endloop
  endfacet
  facet normal 2.590874e-01 4.651509e-01 8.464682e-01
    outer loop
      vertex   -1.835399e+01 -1.276054e+01 3.440622e+01
      vertex   -1.950428e+01 -1.211983e+01 3.440622e+01
      vertex   -1.975382e+01 -1.252285e+01 3.470407e+01
    endloop
  endfacet
  facet normal 3.009009e-01 4.392611e-01 8.464682e-01
    outer loop
      vertex   -1.975382e+01 -1.252285e+01 3.470407e+01
      vertex   -1.950428e+01 -1.211983e+01 3.440622e+01
      vertex   -2.087621e+01 -1.175400e+01 3.470407e+01
    endloop
  endfacet
  facet normal 1.868303e-01 2.727387e-01 9.437733e-01
    outer loop
      vertex   -1.975382e+01 -1.252285e+01 3.470407e+01
      vertex   -2.087621e+01 -1.175400e+01 3.470407e+01
      vertex   -2.119464e+01 -1.217567e+01 3.488896e+01
    endloop
  endfacet
  facet normal 2.111985e-01 2.543367e-01 9.437733e-01
    outer loop
      vertex   -2.119464e+01 -1.217567e+01 3.488896e+01
      vertex   -2.087621e+01 -1.175400e+01 3.470407e+01
      vertex   -2.227885e+01 -1.127536e+01 3.488896e+01
    endloop
  endfacet
  facet normal 3.155247e-01 9.413977e-01 1.192249e-01
    outer loop
      vertex   -1.566062e+01 -1.286575e+01 3.300795e+01
      vertex   -1.556179e+01 -1.282842e+01 3.245164e+01
      vertex   -1.683211e+01 -1.247311e+01 3.300795e+01
    endloop
  endfacet
  facet normal 3.168803e-01 9.404673e-01 1.229147e-01
    outer loop
      vertex   -1.683211e+01 -1.247311e+01 3.300795e+01
      vertex   -1.556179e+01 -1.282842e+01 3.245164e+01
      vertex   -1.692791e+01 -1.236813e+01 3.245164e+01
    endloop
  endfacet
  facet normal 4.017920e-01 9.099722e-01 1.025367e-01
    outer loop
      vertex   -1.683211e+01 -1.247311e+01 3.300795e+01
      vertex   -1.692791e+01 -1.236813e+01 3.245164e+01
      vertex   -1.796237e+01 -1.197405e+01 3.300795e+01
    endloop
  endfacet
  facet normal 4.159535e-01 8.990688e-01 1.365941e-01
    outer loop
      vertex   -1.796237e+01 -1.197405e+01 3.300795e+01
      vertex   -1.692791e+01 -1.236813e+01 3.245164e+01
      vertex   -1.823625e+01 -1.176282e+01 3.245164e+01
    endloop
  endfacet
  facet normal 4.845516e-01 8.699367e-01 9.175971e-02
    outer loop
      vertex   -1.796237e+01 -1.197405e+01 3.300795e+01
      vertex   -1.823625e+01 -1.176282e+01 3.245164e+01
      vertex   -1.904176e+01 -1.137284e+01 3.300795e+01
    endloop
  endfacet
  facet normal 5.101586e-01 8.478901e-01 1.442932e-01
    outer loop
      vertex   -1.904176e+01 -1.137284e+01 3.300795e+01
      vertex   -1.823625e+01 -1.176282e+01 3.245164e+01
      vertex   -1.947148e+01 -1.101961e+01 3.245164e+01
    endloop
  endfacet
  facet normal 5.629956e-01 8.218723e-01 8.695880e-02
    outer loop
      vertex   -1.904176e+01 -1.137284e+01 3.300795e+01
      vertex   -1.947148e+01 -1.101961e+01 3.245164e+01
      vertex   -2.006108e+01 -1.067459e+01 3.300795e+01
    endloop
  endfacet
  facet normal 5.986836e-01 7.875548e-01 1.460664e-01
    outer loop
      vertex   -2.006108e+01 -1.067459e+01 3.300795e+01
      vertex   -1.947148e+01 -1.101961e+01 3.245164e+01
      vertex   -2.061911e+01 -1.014720e+01 3.245164e+01
    endloop
  endfacet
  facet normal 6.363594e-01 7.663385e-01 8.815964e-02
    outer loop
      vertex   -2.006108e+01 -1.067459e+01 3.300795e+01
      vertex   -2.061911e+01 -1.014720e+01 3.245164e+01
      vertex   -2.101162e+01 -9.885271e+00 3.300795e+01
    endloop
  endfacet
  facet normal 6.807380e-01 7.186463e-01 1.419269e-01
    outer loop
      vertex   -2.101162e+01 -9.885271e+00 3.300795e+01
      vertex   -2.061911e+01 -1.014720e+01 3.245164e+01
      vertex   -2.166569e+01 -9.155830e+00 3.245164e+01
    endloop
  endfacet
  facet normal 7.038847e-01 7.038847e-01 9.535600e-02
    outer loop
      vertex   -2.101162e+01 -9.885271e+00 3.300795e+01
      vertex   -2.166569e+01 -9.155830e+00 3.245164e+01
      vertex   -2.188527e+01 -9.011615e+00 3.300795e+01
    endloop
  endfacet
  facet normal 7.555087e-01 6.417349e-01 1.318442e-01
    outer loop
      vertex   -2.188527e+01 -9.011615e+00 3.300795e+01
      vertex   -2.166569e+01 -9.155830e+00 3.245164e+01
      vertex   -2.259895e+01 -8.057113e+00 3.245164e+01
    endloop
  endfacet
  facet normal 7.647915e-01 6.350748e-01 1.085079e-01
    outer loop
      vertex   -2.188527e+01 -9.011615e+00 3.300795e+01
      vertex   -2.259895e+01 -8.057113e+00 3.245164e+01
      vertex   -2.267459e+01 -8.061075e+00 3.300795e+01
    endloop
  endfacet
  facet normal 8.194839e-01 5.613595e-01 1.154192e-01
    outer loop
      vertex   -2.267459e+01 -8.061075e+00 3.300795e+01
      vertex   -2.259895e+01 -8.057113e+00 3.245164e+01
      vertex   -2.337284e+01 -7.041761e+00 3.300795e+01
    endloop
  endfacet
  facet normal 7.787920e-01 5.334849e-01 3.299650e-01
    outer loop
      vertex   -2.267459e+01 -8.061075e+00 3.300795e+01
      vertex   -2.337284e+01 -7.041761e+00 3.300795e+01
      vertex   -2.353004e+01 -7.139097e+00 3.353635e+01
    endloop
  endfacet
  facet normal 8.246936e-01 4.593513e-01 3.299650e-01
    outer loop
      vertex   -2.353004e+01 -7.139097e+00 3.353635e+01
      vertex   -2.337284e+01 -7.041761e+00 3.300795e+01
      vertex   -2.413957e+01 -6.044786e+00 3.353635e+01
    endloop
  endfacet
  facet normal 7.399406e-01 4.121442e-01 5.316249e-01
    outer loop
      vertex   -2.353004e+01 -7.139097e+00 3.353635e+01
      vertex   -2.413957e+01 -6.044786e+00 3.353635e+01
      vertex   -2.440618e+01 -6.177546e+00 3.401037e+01
    endloop
  endfacet
  facet normal 7.748120e-01 3.421130e-01 5.316249e-01
    outer loop
      vertex   -2.440618e+01 -6.177546e+00 3.401037e+01
      vertex   -2.413957e+01 -6.044786e+00 3.353635e+01
      vertex   -2.492325e+01 -5.006495e+00 3.401037e+01
    endloop
  endfacet
  facet normal 6.472021e-01 2.857677e-01 7.067292e-01
    outer loop
      vertex   -2.440618e+01 -6.177546e+00 3.401037e+01
      vertex   -2.492325e+01 -5.006495e+00 3.401037e+01
      vertex   -2.529238e+01 -5.149494e+00 3.440622e+01
    endloop
  endfacet
  facet normal 6.708086e-01 2.248324e-01 7.067292e-01
    outer loop
      vertex   -2.529238e+01 -5.149494e+00 3.440622e+01
      vertex   -2.492325e+01 -5.006495e+00 3.401037e+01
      vertex   -2.571081e+01 -3.901062e+00 3.440622e+01
    endloop
  endfacet
  facet normal 5.048380e-01 1.692047e-01 8.464682e-01
    outer loop
      vertex   -2.529238e+01 -5.149494e+00 3.440622e+01
      vertex   -2.571081e+01 -3.901062e+00 3.440622e+01
      vertex   -2.616673e+01 -4.030782e+00 3.470407e+01
    endloop
  endfacet
  facet normal 5.182967e-01 1.219023e-01 8.464682e-01
    outer loop
      vertex   -2.616673e+01 -4.030782e+00 3.470407e+01
      vertex   -2.571081e+01 -3.901062e+00 3.440622e+01
      vertex   -2.647821e+01 -2.706447e+00 3.470407e+01
    endloop
  endfacet
  facet normal 3.218121e-01 7.568952e-02 9.437733e-01
    outer loop
      vertex   -2.616673e+01 -4.030782e+00 3.470407e+01
      vertex   -2.647821e+01 -2.706447e+00 3.470407e+01
      vertex   -2.699762e+01 -2.803541e+00 3.488896e+01
    endloop
  endfacet
  facet normal 3.274231e-01 4.567357e-02 9.437733e-01
    outer loop
      vertex   -2.699762e+01 -2.803541e+00 3.488896e+01
      vertex   -2.647821e+01 -2.706447e+00 3.470407e+01
      vertex   -2.719232e+01 -1.407776e+00 3.488896e+01
    endloop
  endfacet
  facet normal 8.210786e-01 5.567051e-01 1.261327e-01
    outer loop
      vertex   -2.259895e+01 -8.057113e+00 3.245164e+01
      vertex   -2.340795e+01 -6.863934e+00 3.245164e+01
      vertex   -2.337284e+01 -7.041761e+00 3.300795e+01
    endloop
  endfacet
  facet normal 8.692516e-01 4.841700e-01 9.990568e-02
    outer loop
      vertex   -2.337284e+01 -7.041761e+00 3.300795e+01
      vertex   -2.340795e+01 -6.863934e+00 3.245164e+01
      vertex   -2.397405e+01 -5.962370e+00 3.300795e+01
    endloop
  endfacet
  facet normal 8.246936e-01 4.593513e-01 3.299650e-01
    outer loop
      vertex   -2.337284e+01 -7.041761e+00 3.300795e+01
      vertex   -2.397405e+01 -5.962370e+00 3.300795e+01
      vertex   -2.413957e+01 -6.044786e+00 3.353635e+01
    endloop
  endfacet
  facet normal 8.635591e-01 3.812987e-01 3.299650e-01
    outer loop
      vertex   -2.413957e+01 -6.044786e+00 3.353635e+01
      vertex   -2.397405e+01 -5.962370e+00 3.300795e+01
      vertex   -2.464552e+01 -4.898902e+00 3.353635e+01
    endloop
  endfacet
  facet normal 7.748120e-01 3.421130e-01 5.316249e-01
    outer loop
      vertex   -2.413957e+01 -6.044786e+00 3.353635e+01
      vertex   -2.464552e+01 -4.898902e+00 3.353635e+01
      vertex   -2.492325e+01 -5.006495e+00 3.401037e+01
    endloop
  endfacet
  facet normal 8.030730e-01 2.691629e-01 5.316249e-01
    outer loop
      vertex   -2.492325e+01 -5.006495e+00 3.401037e+01
      vertex   -2.464552e+01 -4.898902e+00 3.353635e+01
      vertex   -2.533007e+01 -3.792731e+00 3.401037e+01
    endloop
  endfacet
  facet normal 6.708086e-01 2.248324e-01 7.067292e-01
    outer loop
      vertex   -2.492325e+01 -5.006495e+00 3.401037e+01
      vertex   -2.533007e+01 -3.792731e+00 3.401037e+01
      vertex   -2.571081e+01 -3.901062e+00 3.440622e+01
    endloop
  endfacet
  facet normal 6.886920e-01 1.619789e-01 7.067292e-01
    outer loop
      vertex   -2.571081e+01 -3.901062e+00 3.440622e+01
      vertex   -2.533007e+01 -3.792731e+00 3.401037e+01
      vertex   -2.601227e+01 -2.619346e+00 3.440622e+01
    endloop
  endfacet
  facet normal 5.182967e-01 1.219023e-01 8.464682e-01
    outer loop
      vertex   -2.571081e+01 -3.901062e+00 3.440622e+01
      vertex   -2.601227e+01 -2.619346e+00 3.440622e+01
      vertex   -2.647821e+01 -2.706447e+00 3.470407e+01
    endloop
  endfacet
  facet normal 5.273335e-01 7.355988e-02 8.464682e-01
    outer loop
      vertex   -2.647821e+01 -2.706447e+00 3.470407e+01
      vertex   -2.601227e+01 -2.619346e+00 3.440622e+01
      vertex   -2.666617e+01 -1.359021e+00 3.470407e+01
    endloop
  endfacet
  facet normal 3.274231e-01 4.567357e-02 9.437733e-01
    outer loop
      vertex   -2.647821e+01 -2.706447e+00 3.470407e+01
      vertex   -2.666617e+01 -1.359021e+00 3.470407e+01
      vertex   -2.719232e+01 -1.407776e+00 3.488896e+01
    endloop
  endfacet
  facet normal 3.302406e-01 1.526794e-02 9.437733e-01
    outer loop
      vertex   -2.719232e+01 -1.407776e+00 3.488896e+01
      vertex   -2.666617e+01 -1.359021e+00 3.470407e+01
      vertex   -2.725741e+01 1.868493e-15 3.488896e+01
    endloop
  endfacet
  facet normal 8.749835e-01 4.638869e-01 1.386101e-01
    outer loop
      vertex   -2.340795e+01 -6.863934e+00 3.245164e+01
      vertex   -2.408319e+01 -5.590281e+00 3.245164e+01
      vertex   -2.397405e+01 -5.962370e+00 3.300795e+01
    endloop
  endfacet
  facet normal 9.110549e-01 4.022701e-01 9.032013e-02
    outer loop
      vertex   -2.397405e+01 -5.962370e+00 3.300795e+01
      vertex   -2.408319e+01 -5.590281e+00 3.245164e+01
      vertex   -2.447311e+01 -4.832109e+00 3.300795e+01
    endloop
  endfacet
  facet normal 8.635591e-01 3.812987e-01 3.299650e-01
    outer loop
      vertex   -2.397405e+01 -5.962370e+00 3.300795e+01
      vertex   -2.447311e+01 -4.832109e+00 3.300795e+01
      vertex   -2.464552e+01 -4.898902e+00 3.353635e+01
    endloop
  endfacet
  facet normal 8.950572e-01 2.999929e-01 3.299650e-01
    outer loop
      vertex   -2.464552e+01 -4.898902e+00 3.353635e+01
      vertex   -2.447311e+01 -4.832109e+00 3.300795e+01
      vertex   -2.504359e+01 -3.711222e+00 3.353635e+01
    endloop
  endfacet
  facet normal 8.030730e-01 2.691629e-01 5.316249e-01
    outer loop
      vertex   -2.464552e+01 -4.898902e+00 3.353635e+01
      vertex   -2.504359e+01 -3.711222e+00 3.353635e+01
      vertex   -2.533007e+01 -3.792731e+00 3.401037e+01
    endloop
  endfacet
  facet normal 8.244825e-01 1.939165e-01 5.316249e-01
    outer loop
      vertex   -2.533007e+01 -3.792731e+00 3.401037e+01
      vertex   -2.504359e+01 -3.711222e+00 3.353635e+01
      vertex   -2.562315e+01 -2.546608e+00 3.401037e+01
    endloop
  endfacet
  facet normal 6.886920e-01 1.619789e-01 7.067292e-01
    outer loop
      vertex   -2.533007e+01 -3.792731e+00 3.401037e+01
      vertex   -2.562315e+01 -2.546608e+00 3.401037e+01
      vertex   -2.601227e+01 -2.619346e+00 3.440622e+01
    endloop
  endfacet
  facet normal 7.006997e-01 9.774343e-02 7.067292e-01
    outer loop
      vertex   -2.601227e+01 -2.619346e+00 3.440622e+01
      vertex   -2.562315e+01 -2.546608e+00 3.401037e+01
      vertex   -2.619418e+01 -1.315284e+00 3.440622e+01
    endloop
  endfacet
  facet normal 5.273335e-01 7.355988e-02 8.464682e-01
    outer loop
      vertex   -2.601227e+01 -2.619346e+00 3.440622e+01
      vertex   -2.619418e+01 -1.315284e+00 3.440622e+01
      vertex   -2.666617e+01 -1.359021e+00 3.470407e+01
    endloop
  endfacet
  facet normal 5.318712e-01 2.458989e-02 8.464682e-01
    outer loop
      vertex   -2.666617e+01 -1.359021e+00 3.470407e+01
      vertex   -2.619418e+01 -1.315284e+00 3.440622e+01
      vertex   -2.672900e+01 1.803782e-15 3.470407e+01
    endloop
  endfacet
  facet normal 3.302406e-01 1.526794e-02 9.437733e-01
    outer loop
      vertex   -2.666617e+01 -1.359021e+00 3.470407e+01
      vertex   -2.672900e+01 1.803782e-15 3.470407e+01
      vertex   -2.725741e+01 1.868493e-15 3.488896e+01
    endloop
  endfacet
  facet normal 9.191425e-01 3.662198e-01 1.451209e-01
    outer loop
      vertex   -2.408319e+01 -5.590281e+00 3.245164e+01
      vertex   -2.461678e+01 -4.251088e+00 3.245164e+01
      vertex   -2.447311e+01 -4.832109e+00 3.300795e+01
    endloop
  endfacet
  facet normal 9.445888e-01 3.165943e-01 8.671858e-02
    outer loop
      vertex   -2.447311e+01 -4.832109e+00 3.300795e+01
      vertex   -2.461678e+01 -4.251088e+00 3.245164e+01
      vertex   -2.486575e+01 -3.660623e+00 3.300795e+01
    endloop
  endfacet
  facet normal 8.950572e-01 2.999929e-01 3.299650e-01
    outer loop
      vertex   -2.447311e+01 -4.832109e+00 3.300795e+01
      vertex   -2.486575e+01 -3.660623e+00 3.300795e+01
      vertex   -2.504359e+01 -3.711222e+00 3.353635e+01
    endloop
  endfacet
  facet normal 9.189189e-01 2.161278e-01 3.299650e-01
    outer loop
      vertex   -2.504359e+01 -3.711222e+00 3.353635e+01
      vertex   -2.486575e+01 -3.660623e+00 3.300795e+01
      vertex   -2.533038e+01 -2.491880e+00 3.353635e+01
    endloop
  endfacet
  facet normal 8.244825e-01 1.939165e-01 5.316249e-01
    outer loop
      vertex   -2.504359e+01 -3.711222e+00 3.353635e+01
      vertex   -2.533038e+01 -2.491880e+00 3.353635e+01
      vertex   -2.562315e+01 -2.546608e+00 3.401037e+01
    endloop
  endfacet
  facet normal 8.388577e-01 1.170157e-01 5.316249e-01
    outer loop
      vertex   -2.562315e+01 -2.546608e+00 3.401037e+01
      vertex   -2.533038e+01 -2.491880e+00 3.353635e+01
      vertex   -2.580001e+01 -1.278759e+00 3.401037e+01
    endloop
  endfacet
  facet normal 7.006997e-01 9.774343e-02 7.067292e-01
    outer loop
      vertex   -2.562315e+01 -2.546608e+00 3.401037e+01
      vertex   -2.580001e+01 -1.278759e+00 3.401037e+01
      vertex   -2.619418e+01 -1.315284e+00 3.440622e+01
    endloop
  endfacet
  facet normal 7.067292e-01 3.267406e-02 7.067292e-01
    outer loop
      vertex   -2.619418e+01 -1.315284e+00 3.440622e+01
      vertex   -2.580001e+01 -1.278759e+00 3.401037e+01
      vertex   -2.625498e+01 1.745732e-15 3.440622e+01
    endloop
  endfacet
  facet normal 5.318712e-01 2.458989e-02 8.464682e-01
    outer loop
      vertex   -2.619418e+01 -1.315284e+00 3.440622e+01
      vertex   -2.625498e+01 1.745732e-15 3.440622e+01
      vertex   -2.672900e+01 1.803782e-15 3.470407e+01
    endloop
  endfacet
  facet normal 9.532661e-01 2.646730e-01 1.457119e-01
    outer loop
      vertex   -2.461678e+01 -4.251088e+00 3.245164e+01
      vertex   -2.500244e+01 -2.862054e+00 3.245164e+01
      vertex   -2.486575e+01 -3.660623e+00 3.300795e+01
    endloop
  endfacet
  facet normal 9.695646e-01 2.280395e-01 8.912002e-02
    outer loop
      vertex   -2.486575e+01 -3.660623e+00 3.300795e+01
      vertex   -2.500244e+01 -2.862054e+00 3.245164e+01
      vertex   -2.514863e+01 -2.457905e+00 3.300795e+01
    endloop
  endfacet
  facet normal 9.189189e-01 2.161278e-01 3.299650e-01
    outer loop
      vertex   -2.486575e+01 -3.660623e+00 3.300795e+01
      vertex   -2.514863e+01 -2.457905e+00 3.300795e+01
      vertex   -2.533038e+01 -2.491880e+00 3.353635e+01
    endloop
  endfacet
  facet normal 9.349407e-01 1.304187e-01 3.299650e-01
    outer loop
      vertex   -2.533038e+01 -2.491880e+00 3.353635e+01
      vertex   -2.514863e+01 -2.457905e+00 3.300795e+01
      vertex   -2.550344e+01 -1.251278e+00 3.353635e+01
    endloop
  endfacet
  facet normal 8.388577e-01 1.170157e-01 5.316249e-01
    outer loop
      vertex   -2.533038e+01 -2.491880e+00 3.353635e+01
      vertex   -2.550344e+01 -1.251278e+00 3.353635e+01
      vertex   -2.580001e+01 -1.278759e+00 3.401037e+01
    endloop
  endfacet
  facet normal 8.460762e-01 3.911646e-02 5.316249e-01
    outer loop
      vertex   -2.580001e+01 -1.278759e+00 3.401037e+01
      vertex   -2.550344e+01 -1.251278e+00 3.353635e+01
      vertex   -2.585913e+01 1.697254e-15 3.401037e+01
    endloop
  endfacet
  facet normal 7.067292e-01 3.267406e-02 7.067292e-01
    outer loop
      vertex   -2.580001e+01 -1.278759e+00 3.401037e+01
      vertex   -2.585913e+01 1.697254e-15 3.401037e+01
      vertex   -2.625498e+01 1.745732e-15 3.440622e+01
    endloop
  endfacet
  facet normal 9.770536e-01 1.601798e-01 1.403875e-01
    outer loop
      vertex   -2.500244e+01 -2.862054e+00 3.245164e+01
      vertex   -2.523566e+01 -1.439465e+00 3.245164e+01
      vertex   -2.514863e+01 -2.457905e+00 3.300795e+01
    endloop
  endfacet
  facet normal 9.856905e-01 1.374980e-01 9.751191e-02
    outer loop
      vertex   -2.514863e+01 -2.457905e+00 3.300795e+01
      vertex   -2.523566e+01 -1.439465e+00 3.245164e+01
      vertex   -2.531933e+01 -1.234217e+00 3.300795e+01
    endloop
  endfacet
  facet normal 9.349407e-01 1.304187e-01 3.299650e-01
    outer loop
      vertex   -2.514863e+01 -2.457905e+00 3.300795e+01
      vertex   -2.531933e+01 -1.234217e+00 3.300795e+01
      vertex   -2.550344e+01 -1.251278e+00 3.353635e+01
    endloop
  endfacet
  facet normal 9.429859e-01 4.359687e-02 3.299650e-01
    outer loop
      vertex   -2.550344e+01 -1.251278e+00 3.353635e+01
      vertex   -2.531933e+01 -1.234217e+00 3.300795e+01
      vertex   -2.556129e+01 1.660779e-15 3.353635e+01
    endloop
  endfacet
  facet normal 8.460762e-01 3.911646e-02 5.316249e-01
    outer loop
      vertex   -2.550344e+01 -1.251278e+00 3.353635e+01
      vertex   -2.556129e+01 1.660779e-15 3.353635e+01
      vertex   -2.585913e+01 1.697254e-15 3.401037e+01
    endloop
  endfacet
  facet normal 9.901761e-01 5.368579e-02 1.291090e-01
    outer loop
      vertex   -2.523566e+01 -1.439465e+00 3.245164e+01
      vertex   -2.531371e+01 1.110223e-15 3.245164e+01
      vertex   -2.531933e+01 -1.234217e+00 3.300795e+01
    endloop
  endfacet
  facet normal 9.926652e-01 4.589368e-02 1.118465e-01
    outer loop
      vertex   -2.531933e+01 -1.234217e+00 3.300795e+01
      vertex   -2.531371e+01 1.110223e-15 3.245164e+01
      vertex   -2.537639e+01 1.638135e-15 3.300795e+01
    endloop
  endfacet
  facet normal 9.429859e-01 4.359687e-02 3.299650e-01
    outer loop
      vertex   -2.531933e+01 -1.234217e+00 3.300795e+01
      vertex   -2.537639e+01 1.638135e-15 3.300795e+01
      vertex   -2.556129e+01 1.660779e-15 3.353635e+01
    endloop
  endfacet
  facet normal 3.218121e-01 7.568952e-02 9.437733e-01
    outer loop
      vertex   -2.699762e+01 -2.803541e+00 3.488896e+01
      vertex   -2.667496e+01 -4.175387e+00 3.488896e+01
      vertex   -2.616673e+01 -4.030782e+00 3.470407e+01
    endloop
  endfacet
  facet normal 3.134556e-01 1.050597e-01 9.437733e-01
    outer loop
      vertex   -2.616673e+01 -4.030782e+00 3.470407e+01
      vertex   -2.667496e+01 -4.175387e+00 3.488896e+01
      vertex   -2.573438e+01 -5.320728e+00 3.470407e+01
    endloop
  endfacet
  facet normal 5.048380e-01 1.692047e-01 8.464682e-01
    outer loop
      vertex   -2.616673e+01 -4.030782e+00 3.470407e+01
      vertex   -2.573438e+01 -5.320728e+00 3.470407e+01
      vertex   -2.529238e+01 -5.149494e+00 3.440622e+01
    endloop
  endfacet
  facet normal 4.870722e-01 2.150634e-01 8.464682e-01
    outer loop
      vertex   -2.529238e+01 -5.149494e+00 3.440622e+01
      vertex   -2.573438e+01 -5.320728e+00 3.470407e+01
      vertex   -2.476054e+01 -6.353993e+00 3.440622e+01
    endloop
  endfacet
  facet normal 6.472021e-01 2.857677e-01 7.067292e-01
    outer loop
      vertex   -2.529238e+01 -5.149494e+00 3.440622e+01
      vertex   -2.476054e+01 -6.353993e+00 3.440622e+01
      vertex   -2.440618e+01 -6.177546e+00 3.401037e+01
    endloop
  endfacet
  facet normal 6.180740e-01 3.442649e-01 7.067292e-01
    outer loop
      vertex   -2.440618e+01 -6.177546e+00 3.401037e+01
      vertex   -2.476054e+01 -6.353993e+00 3.440622e+01
      vertex   -2.378327e+01 -7.295892e+00 3.401037e+01
    endloop
  endfacet
  facet normal 7.399406e-01 4.121442e-01 5.316249e-01
    outer loop
      vertex   -2.440618e+01 -6.177546e+00 3.401037e+01
      vertex   -2.378327e+01 -7.295892e+00 3.401037e+01
      vertex   -2.353004e+01 -7.139097e+00 3.353635e+01
    endloop
  endfacet
  facet normal 6.987563e-01 4.786592e-01 5.316249e-01
    outer loop
      vertex   -2.353004e+01 -7.139097e+00 3.353635e+01
      vertex   -2.378327e+01 -7.295892e+00 3.401037e+01
      vertex   -2.282214e+01 -8.172501e+00 3.353635e+01
    endloop
  endfacet
  facet normal 7.787920e-01 5.334849e-01 3.299650e-01
    outer loop
      vertex   -2.353004e+01 -7.139097e+00 3.353635e+01
      vertex   -2.282214e+01 -8.172501e+00 3.353635e+01
      vertex   -2.267459e+01 -8.061075e+00 3.300795e+01
    endloop
  endfacet
  facet normal 7.262460e-01 6.030670e-01 3.299650e-01
    outer loop
      vertex   -2.267459e+01 -8.061075e+00 3.300795e+01
      vertex   -2.282214e+01 -8.172501e+00 3.353635e+01
      vertex   -2.188527e+01 -9.011615e+00 3.300795e+01
    endloop
  endfacet
  facet normal 3.134556e-01 1.050597e-01 9.437733e-01
    outer loop
      vertex   -2.667496e+01 -4.175387e+00 3.488896e+01
      vertex   -2.622711e+01 -5.511611e+00 3.488896e+01
      vertex   -2.573438e+01 -5.320728e+00 3.470407e+01
    endloop
  endfacet
  facet normal 3.024247e-01 1.335336e-01 9.437733e-01
    outer loop
      vertex   -2.573438e+01 -5.320728e+00 3.470407e+01
      vertex   -2.622711e+01 -5.511611e+00 3.488896e+01
      vertex   -2.518486e+01 -6.565280e+00 3.470407e+01
    endloop
  endfacet
  facet normal 4.870722e-01 2.150634e-01 8.464682e-01
    outer loop
      vertex   -2.573438e+01 -5.320728e+00 3.470407e+01
      vertex   -2.518486e+01 -6.565280e+00 3.470407e+01
      vertex   -2.476054e+01 -6.353993e+00 3.440622e+01
    endloop
  endfacet
  facet normal 4.651509e-01 2.590874e-01 8.464682e-01
    outer loop
      vertex   -2.476054e+01 -6.353993e+00 3.440622e+01
      vertex   -2.518486e+01 -6.565280e+00 3.470407e+01
      vertex   -2.411983e+01 -7.504282e+00 3.440622e+01
    endloop
  endfacet
  facet normal 6.180740e-01 3.442649e-01 7.067292e-01
    outer loop
      vertex   -2.476054e+01 -6.353993e+00 3.440622e+01
      vertex   -2.411983e+01 -7.504282e+00 3.440622e+01
      vertex   -2.378327e+01 -7.295892e+00 3.401037e+01
    endloop
  endfacet
  facet normal 5.836726e-01 3.998250e-01 7.067292e-01
    outer loop
      vertex   -2.378327e+01 -7.295892e+00 3.401037e+01
      vertex   -2.411983e+01 -7.504282e+00 3.440622e+01
      vertex   -2.305982e+01 -8.351992e+00 3.401037e+01
    endloop
  endfacet
  facet normal 6.987563e-01 4.786592e-01 5.316249e-01
    outer loop
      vertex   -2.378327e+01 -7.295892e+00 3.401037e+01
      vertex   -2.305982e+01 -8.351992e+00 3.401037e+01
      vertex   -2.282214e+01 -8.172501e+00 3.353635e+01
    endloop
  endfacet
  facet normal 6.516104e-01 5.410904e-01 5.316249e-01
    outer loop
      vertex   -2.282214e+01 -8.172501e+00 3.353635e+01
      vertex   -2.305982e+01 -8.351992e+00 3.401037e+01
      vertex   -2.202191e+01 -9.136180e+00 3.353635e+01
    endloop
  endfacet
  facet normal 7.262460e-01 6.030670e-01 3.299650e-01
    outer loop
      vertex   -2.282214e+01 -8.172501e+00 3.353635e+01
      vertex   -2.202191e+01 -9.136180e+00 3.353635e+01
      vertex   -2.188527e+01 -9.011615e+00 3.300795e+01
    endloop
  endfacet
  facet normal 6.675040e-01 6.675040e-01 3.299650e-01
    outer loop
      vertex   -2.188527e+01 -9.011615e+00 3.300795e+01
      vertex   -2.202191e+01 -9.136180e+00 3.353635e+01
      vertex   -2.101162e+01 -9.885271e+00 3.300795e+01
    endloop
  endfacet
  facet normal 3.024247e-01 1.335336e-01 9.437733e-01
    outer loop
      vertex   -2.622711e+01 -5.511611e+00 3.488896e+01
      vertex   -2.565787e+01 -6.800811e+00 3.488896e+01
      vertex   -2.518486e+01 -6.565280e+00 3.470407e+01
    endloop
  endfacet
  facet normal 2.888137e-01 1.608682e-01 9.437733e-01
    outer loop
      vertex   -2.518486e+01 -6.565280e+00 3.470407e+01
      vertex   -2.565787e+01 -6.800811e+00 3.488896e+01
      vertex   -2.452285e+01 -7.753819e+00 3.470407e+01
    endloop
  endfacet
  facet normal 4.651509e-01 2.590874e-01 8.464682e-01
    outer loop
      vertex   -2.518486e+01 -6.565280e+00 3.470407e+01
      vertex   -2.452285e+01 -7.753819e+00 3.470407e+01
      vertex   -2.411983e+01 -7.504282e+00 3.440622e+01
    endloop
  endfacet
  facet normal 4.392611e-01 3.009009e-01 8.464682e-01
    outer loop
      vertex   -2.411983e+01 -7.504282e+00 3.440622e+01
      vertex   -2.452285e+01 -7.753819e+00 3.470407e+01
      vertex   -2.337572e+01 -8.590547e+00 3.440622e+01
    endloop
  endfacet
  facet normal 5.836726e-01 3.998250e-01 7.067292e-01
    outer loop
      vertex   -2.411983e+01 -7.504282e+00 3.440622e+01
      vertex   -2.337572e+01 -8.590547e+00 3.440622e+01
      vertex   -2.305982e+01 -8.351992e+00 3.401037e+01
    endloop
  endfacet
  facet normal 5.442916e-01 4.519740e-01 7.067292e-01
    outer loop
      vertex   -2.305982e+01 -8.351992e+00 3.401037e+01
      vertex   -2.337572e+01 -8.590547e+00 3.440622e+01
      vertex   -2.224202e+01 -9.336835e+00 3.401037e+01
    endloop
  endfacet
  facet normal 6.516104e-01 5.410904e-01 5.316249e-01
    outer loop
      vertex   -2.305982e+01 -8.351992e+00 3.401037e+01
      vertex   -2.224202e+01 -9.336835e+00 3.401037e+01
      vertex   -2.202191e+01 -9.136180e+00 3.353635e+01
    endloop
  endfacet
  facet normal 5.989052e-01 5.989052e-01 5.316249e-01
    outer loop
      vertex   -2.202191e+01 -9.136180e+00 3.353635e+01
      vertex   -2.224202e+01 -9.336835e+00 3.401037e+01
      vertex   -2.113618e+01 -1.002191e+01 3.353635e+01
    endloop
  endfacet
  facet normal 6.675040e-01 6.675040e-01 3.299650e-01
    outer loop
      vertex   -2.202191e+01 -9.136180e+00 3.353635e+01
      vertex   -2.113618e+01 -1.002191e+01 3.353635e+01
      vertex   -2.101162e+01 -9.885271e+00 3.300795e+01
    endloop
  endfacet
  facet normal 6.030670e-01 7.262460e-01 3.299650e-01
    outer loop
      vertex   -2.101162e+01 -9.885271e+00 3.300795e+01
      vertex   -2.113618e+01 -1.002191e+01 3.353635e+01
      vertex   -2.006108e+01 -1.067459e+01 3.300795e+01
    endloop
  endfacet
  facet normal 2.888137e-01 1.608682e-01 9.437733e-01
    outer loop
      vertex   -2.565787e+01 -6.800811e+00 3.488896e+01
      vertex   -2.497211e+01 -8.031989e+00 3.488896e+01
      vertex   -2.452285e+01 -7.753819e+00 3.470407e+01
    endloop
  endfacet
  facet normal 2.727387e-01 1.868303e-01 9.437733e-01
    outer loop
      vertex   -2.452285e+01 -7.753819e+00 3.470407e+01
      vertex   -2.497211e+01 -8.031989e+00 3.488896e+01
      vertex   -2.375400e+01 -8.876205e+00 3.470407e+01
    endloop
  endfacet
  facet normal 4.392611e-01 3.009009e-01 8.464682e-01
    outer loop
      vertex   -2.452285e+01 -7.753819e+00 3.470407e+01
      vertex   -2.375400e+01 -8.876205e+00 3.470407e+01
      vertex   -2.337572e+01 -8.590547e+00 3.440622e+01
    endloop
  endfacet
  facet normal 4.096237e-01 3.401472e-01 8.464682e-01
    outer loop
      vertex   -2.337572e+01 -8.590547e+00 3.440622e+01
      vertex   -2.375400e+01 -8.876205e+00 3.470407e+01
      vertex   -2.253456e+01 -9.603521e+00 3.440622e+01
    endloop
  endfacet
  facet normal 5.442916e-01 4.519740e-01 7.067292e-01
    outer loop
      vertex   -2.337572e+01 -8.590547e+00 3.440622e+01
      vertex   -2.253456e+01 -9.603521e+00 3.440622e+01
      vertex   -2.224202e+01 -9.336835e+00 3.401037e+01
    endloop
  endfacet
  facet normal 5.002668e-01 5.002668e-01 7.067292e-01
    outer loop
      vertex   -2.224202e+01 -9.336835e+00 3.401037e+01
      vertex   -2.253456e+01 -9.603521e+00 3.440622e+01
      vertex   -2.133684e+01 -1.024202e+01 3.401037e+01
    endloop
  endfacet
  facet normal 5.989052e-01 5.989052e-01 5.316249e-01
    outer loop
      vertex   -2.224202e+01 -9.336835e+00 3.401037e+01
      vertex   -2.133684e+01 -1.024202e+01 3.401037e+01
      vertex   -2.113618e+01 -1.002191e+01 3.353635e+01
    endloop
  endfacet
  facet normal 5.410904e-01 6.516104e-01 5.316249e-01
    outer loop
      vertex   -2.113618e+01 -1.002191e+01 3.353635e+01
      vertex   -2.133684e+01 -1.024202e+01 3.401037e+01
      vertex   -2.017250e+01 -1.082214e+01 3.353635e+01
    endloop
  endfacet
  facet normal 6.030670e-01 7.262460e-01 3.299650e-01
    outer loop
      vertex   -2.113618e+01 -1.002191e+01 3.353635e+01
      vertex   -2.017250e+01 -1.082214e+01 3.353635e+01
      vertex   -2.006108e+01 -1.067459e+01 3.300795e+01
    endloop
  endfacet
  facet normal 5.334849e-01 7.787920e-01 3.299650e-01
    outer loop
      vertex   -2.006108e+01 -1.067459e+01 3.300795e+01
      vertex   -2.017250e+01 -1.082214e+01 3.353635e+01
      vertex   -1.904176e+01 -1.137284e+01 3.300795e+01
    endloop
  endfacet
  facet normal 2.727387e-01 1.868303e-01 9.437733e-01
    outer loop
      vertex   -2.497211e+01 -8.031989e+00 3.488896e+01
      vertex   -2.417567e+01 -9.194642e+00 3.488896e+01
      vertex   -2.375400e+01 -8.876205e+00 3.470407e+01
    endloop
  endfacet
  facet normal 2.543367e-01 2.111985e-01 9.437733e-01
    outer loop
      vertex   -2.375400e+01 -8.876205e+00 3.470407e+01
      vertex   -2.417567e+01 -9.194642e+00 3.488896e+01
      vertex   -2.288486e+01 -9.922863e+00 3.470407e+01
    endloop
  endfacet
  facet normal 4.096237e-01 3.401472e-01 8.464682e-01
    outer loop
      vertex   -2.375400e+01 -8.876205e+00 3.470407e+01
      vertex   -2.288486e+01 -9.922863e+00 3.470407e+01
      vertex   -2.253456e+01 -9.603521e+00 3.440622e+01
    endloop
  endfacet
  facet normal 3.764915e-01 3.764915e-01 8.464682e-01
    outer loop
      vertex   -2.253456e+01 -9.603521e+00 3.440622e+01
      vertex   -2.288486e+01 -9.922863e+00 3.470407e+01
      vertex   -2.160352e+01 -1.053456e+01 3.440622e+01
    endloop
  endfacet
  facet normal 5.002668e-01 5.002668e-01 7.067292e-01
    outer loop
      vertex   -2.253456e+01 -9.603521e+00 3.440622e+01
      vertex   -2.160352e+01 -1.053456e+01 3.440622e+01
      vertex   -2.133684e+01 -1.024202e+01 3.401037e+01
    endloop
  endfacet
  facet normal 4.519740e-01 5.442916e-01 7.067292e-01
    outer loop
      vertex   -2.133684e+01 -1.024202e+01 3.401037e+01
      vertex   -2.160352e+01 -1.053456e+01 3.440622e+01
      vertex   -2.035199e+01 -1.105982e+01 3.401037e+01
    endloop
  endfacet
  facet normal 5.410904e-01 6.516104e-01 5.316249e-01
    outer loop
      vertex   -2.133684e+01 -1.024202e+01 3.401037e+01
      vertex   -2.035199e+01 -1.105982e+01 3.401037e+01
      vertex   -2.017250e+01 -1.082214e+01 3.353635e+01
    endloop
  endfacet
  facet normal 4.786592e-01 6.987563e-01 5.316249e-01
    outer loop
      vertex   -2.017250e+01 -1.082214e+01 3.353635e+01
      vertex   -2.035199e+01 -1.105982e+01 3.401037e+01
      vertex   -1.913910e+01 -1.153004e+01 3.353635e+01
    endloop
  endfacet
  facet normal 5.334849e-01 7.787920e-01 3.299650e-01
    outer loop
      vertex   -2.017250e+01 -1.082214e+01 3.353635e+01
      vertex   -1.913910e+01 -1.153004e+01 3.353635e+01
      vertex   -1.904176e+01 -1.137284e+01 3.300795e+01
    endloop
  endfacet
  facet normal 4.593513e-01 8.246936e-01 3.299650e-01
    outer loop
      vertex   -1.904176e+01 -1.137284e+01 3.300795e+01
      vertex   -1.913910e+01 -1.153004e+01 3.353635e+01
      vertex   -1.796237e+01 -1.197405e+01 3.300795e+01
    endloop
  endfacet
  facet normal 2.543367e-01 2.111985e-01 9.437733e-01
    outer loop
      vertex   -2.417567e+01 -9.194642e+00 3.488896e+01
      vertex   -2.327536e+01 -1.027885e+01 3.488896e+01
      vertex   -2.288486e+01 -9.922863e+00 3.470407e+01
    endloop
  endfacet
  facet normal 2.337648e-01 2.337648e-01 9.437733e-01
    outer loop
      vertex   -2.288486e+01 -9.922863e+00 3.470407e+01
      vertex   -2.327536e+01 -1.027885e+01 3.488896e+01
      vertex   -2.192286e+01 -1.088486e+01 3.470407e+01
    endloop
  endfacet
  facet normal 3.764915e-01 3.764915e-01 8.464682e-01
    outer loop
      vertex   -2.288486e+01 -9.922863e+00 3.470407e+01
      vertex   -2.192286e+01 -1.088486e+01 3.470407e+01
      vertex   -2.160352e+01 -1.053456e+01 3.440622e+01
    endloop
  endfacet
  facet normal 3.401472e-01 4.096237e-01 8.464682e-01
    outer loop
      vertex   -2.160352e+01 -1.053456e+01 3.440622e+01
      vertex   -2.192286e+01 -1.088486e+01 3.470407e+01
      vertex   -2.059055e+01 -1.137572e+01 3.440622e+01
    endloop
  endfacet
  facet normal 4.519740e-01 5.442916e-01 7.067292e-01
    outer loop
      vertex   -2.160352e+01 -1.053456e+01 3.440622e+01
      vertex   -2.059055e+01 -1.137572e+01 3.440622e+01
      vertex   -2.035199e+01 -1.105982e+01 3.401037e+01
    endloop
  endfacet
  facet normal 3.998250e-01 5.836726e-01 7.067292e-01
    outer loop
      vertex   -2.035199e+01 -1.105982e+01 3.401037e+01
      vertex   -2.059055e+01 -1.137572e+01 3.440622e+01
      vertex   -1.929589e+01 -1.178327e+01 3.401037e+01
    endloop
  endfacet
  facet normal 4.786592e-01 6.987563e-01 5.316249e-01
    outer loop
      vertex   -2.035199e+01 -1.105982e+01 3.401037e+01
      vertex   -1.929589e+01 -1.178327e+01 3.401037e+01
      vertex   -1.913910e+01 -1.153004e+01 3.353635e+01
    endloop
  endfacet
  facet normal 4.121442e-01 7.399406e-01 5.316249e-01
    outer loop
      vertex   -1.913910e+01 -1.153004e+01 3.353635e+01
      vertex   -1.929589e+01 -1.178327e+01 3.401037e+01
      vertex   -1.804479e+01 -1.213957e+01 3.353635e+01
    endloop
  endfacet
  facet normal 4.593513e-01 8.246936e-01 3.299650e-01
    outer loop
      vertex   -1.913910e+01 -1.153004e+01 3.353635e+01
      vertex   -1.804479e+01 -1.213957e+01 3.353635e+01
      vertex   -1.796237e+01 -1.197405e+01 3.300795e+01
    endloop
  endfacet
  facet normal 3.812987e-01 8.635591e-01 3.299650e-01
    outer loop
      vertex   -1.796237e+01 -1.197405e+01 3.300795e+01
      vertex   -1.804479e+01 -1.213957e+01 3.353635e+01
      vertex   -1.683211e+01 -1.247311e+01 3.300795e+01
    endloop
  endfacet
  facet normal 2.337648e-01 2.337648e-01 9.437733e-01
    outer loop
      vertex   -2.327536e+01 -1.027885e+01 3.488896e+01
      vertex   -2.227885e+01 -1.127536e+01 3.488896e+01
      vertex   -2.192286e+01 -1.088486e+01 3.470407e+01
    endloop
  endfacet
  facet normal 2.111985e-01 2.543367e-01 9.437733e-01
    outer loop
      vertex   -2.192286e+01 -1.088486e+01 3.470407e+01
      vertex   -2.227885e+01 -1.127536e+01 3.488896e+01
      vertex   -2.087621e+01 -1.175400e+01 3.470407e+01
    endloop
  endfacet
  facet normal 3.401472e-01 4.096237e-01 8.464682e-01
    outer loop
      vertex   -2.192286e+01 -1.088486e+01 3.470407e+01
      vertex   -2.087621e+01 -1.175400e+01 3.470407e+01
      vertex   -2.059055e+01 -1.137572e+01 3.440622e+01
    endloop
  endfacet
  facet normal 3.009009e-01 4.392611e-01 8.464682e-01
    outer loop
      vertex   -2.059055e+01 -1.137572e+01 3.440622e+01
      vertex   -2.087621e+01 -1.175400e+01 3.470407e+01
      vertex   -1.950428e+01 -1.211983e+01 3.440622e+01
    endloop
  endfacet
  facet normal 3.998250e-01 5.836726e-01 7.067292e-01
    outer loop
      vertex   -2.059055e+01 -1.137572e+01 3.440622e+01
      vertex   -1.950428e+01 -1.211983e+01 3.440622e+01
      vertex   -1.929589e+01 -1.178327e+01 3.401037e+01
    endloop
  endfacet
  facet normal 3.442649e-01 6.180740e-01 7.067292e-01
    outer loop
      vertex   -1.929589e+01 -1.178327e+01 3.401037e+01
      vertex   -1.950428e+01 -1.211983e+01 3.440622e+01
      vertex   -1.817755e+01 -1.240618e+01 3.401037e+01
    endloop
  endfacet
  facet normal 4.121442e-01 7.399406e-01 5.316249e-01
    outer loop
      vertex   -1.929589e+01 -1.178327e+01 3.401037e+01
      vertex   -1.817755e+01 -1.240618e+01 3.401037e+01
      vertex   -1.804479e+01 -1.213957e+01 3.353635e+01
    endloop
  endfacet
  facet normal 3.421130e-01 7.748120e-01 5.316249e-01
    outer loop
      vertex   -1.804479e+01 -1.213957e+01 3.353635e+01
      vertex   -1.817755e+01 -1.240618e+01 3.401037e+01
      vertex   -1.689890e+01 -1.264552e+01 3.353635e+01
    endloop
  endfacet
  facet normal 3.812987e-01 8.635591e-01 3.299650e-01
    outer loop
      vertex   -1.804479e+01 -1.213957e+01 3.353635e+01
      vertex   -1.689890e+01 -1.264552e+01 3.353635e+01
      vertex   -1.683211e+01 -1.247311e+01 3.300795e+01
    endloop
  endfacet
  facet normal 2.999929e-01 8.950572e-01 3.299650e-01
    outer loop
      vertex   -1.683211e+01 -1.247311e+01 3.300795e+01
      vertex   -1.689890e+01 -1.264552e+01 3.353635e+01
      vertex   -1.566062e+01 -1.286575e+01 3.300795e+01
    endloop
  endfacet
  facet normal -3.024247e-01 1.335336e-01 9.437733e-01
    outer loop
      vertex   1.657870e+00 -6.800811e+00 3.488896e+01
      vertex   2.227108e+00 -5.511611e+00 3.488896e+01
      vertex   1.734383e+00 -5.320728e+00 3.470407e+01
    endloop
  endfacet
  facet normal -3.134556e-01 1.050597e-01 9.437733e-01
    outer loop
      vertex   1.734383e+00 -5.320728e+00 3.470407e+01
      vertex   2.227108e+00 -5.511611e+00 3.488896e+01
      vertex   2.166729e+00 -4.030782e+00 3.470407e+01
    endloop
  endfacet
  facet normal -5.048380e-01 1.692047e-01 8.464682e-01
    outer loop
      vertex   1.734383e+00 -5.320728e+00 3.470407e+01
      vertex   2.166729e+00 -4.030782e+00 3.470407e+01
      vertex   1.710809e+00 -3.901062e+00 3.440622e+01
    endloop
  endfacet
  facet normal -5.182967e-01 1.219023e-01 8.464682e-01
    outer loop
      vertex   1.710809e+00 -3.901062e+00 3.440622e+01
      vertex   2.166729e+00 -4.030782e+00 3.470407e+01
      vertex   2.012266e+00 -2.619346e+00 3.440622e+01
    endloop
  endfacet
  facet normal -6.886920e-01 1.619789e-01 7.067292e-01
    outer loop
      vertex   1.710809e+00 -3.901062e+00 3.440622e+01
      vertex   2.012266e+00 -2.619346e+00 3.440622e+01
      vertex   1.623152e+00 -2.546608e+00 3.401037e+01
    endloop
  endfacet
  facet normal -7.006997e-01 9.774343e-02 7.067292e-01
    outer loop
      vertex   1.623152e+00 -2.546608e+00 3.401037e+01
      vertex   2.012266e+00 -2.619346e+00 3.440622e+01
      vertex   1.800009e+00 -1.278759e+00 3.401037e+01
    endloop
  endfacet
  facet normal -8.388577e-01 1.170157e-01 5.316249e-01
    outer loop
      vertex   1.623152e+00 -2.546608e+00 3.401037e+01
      vertex   1.800009e+00 -1.278759e+00 3.401037e+01
      vertex   1.503436e+00 -1.251278e+00 3.353635e+01
    endloop
  endfacet
  facet normal -8.460762e-01 3.911646e-02 5.316249e-01
    outer loop
      vertex   1.503436e+00 -1.251278e+00 3.353635e+01
      vertex   1.800009e+00 -1.278759e+00 3.401037e+01
      vertex   1.561286e+00 -1.186270e-15 3.353635e+01
    endloop
  endfacet
  facet normal -9.429859e-01 4.359687e-02 3.299650e-01
    outer loop
      vertex   1.503436e+00 -1.251278e+00 3.353635e+01
      vertex   1.561286e+00 -1.186270e-15 3.353635e+01
      vertex   1.376389e+00 -1.404116e-15 3.300795e+01
    endloop
  endfacet
  facet normal -9.429859e-01 -4.359687e-02 3.299650e-01
    outer loop
      vertex   1.376389e+00 -1.404116e-15 3.300795e+01
      vertex   1.561286e+00 -1.186270e-15 3.353635e+01
      vertex   1.319327e+00 1.234217e+00 3.300795e+01
    endloop
  endfacet
  facet normal -3.134556e-01 1.050597e-01 9.437733e-01
    outer loop
      vertex   2.227108e+00 -5.511611e+00 3.488896e+01
      vertex   2.674964e+00 -4.175387e+00 3.488896e+01
      vertex   2.166729e+00 -4.030782e+00 3.470407e+01
    endloop
  endfacet
  facet normal -3.218121e-01 7.568952e-02 9.437733e-01
    outer loop
      vertex   2.166729e+00 -4.030782e+00 3.470407e+01
      vertex   2.674964e+00 -4.175387e+00 3.488896e+01
      vertex   2.478210e+00 -2.706447e+00 3.470407e+01
    endloop
  endfacet
  facet normal -5.182967e-01 1.219023e-01 8.464682e-01
    outer loop
      vertex   2.166729e+00 -4.030782e+00 3.470407e+01
      vertex   2.478210e+00 -2.706447e+00 3.470407e+01
      vertex   2.012266e+00 -2.619346e+00 3.440622e+01
    endloop
  endfacet
  facet normal -5.273335e-01 7.355988e-02 8.464682e-01
    outer loop
      vertex   2.012266e+00 -2.619346e+00 3.440622e+01
      vertex   2.478210e+00 -2.706447e+00 3.470407e+01
      vertex   2.194175e+00 -1.315284e+00 3.440622e+01
    endloop
  endfacet
  facet normal -7.006997e-01 9.774343e-02 7.067292e-01
    outer loop
      vertex   2.012266e+00 -2.619346e+00 3.440622e+01
      vertex   2.194175e+00 -1.315284e+00 3.440622e+01
      vertex   1.800009e+00 -1.278759e+00 3.401037e+01
    endloop
  endfacet
  facet normal -7.067292e-01 3.267406e-02 7.067292e-01
    outer loop
      vertex   1.800009e+00 -1.278759e+00 3.401037e+01
      vertex   2.194175e+00 -1.315284e+00 3.440622e+01
      vertex   1.859130e+00 -9.698594e-16 3.401037e+01
    endloop
  endfacet
  facet normal -8.460762e-01 3.911646e-02 5.316249e-01
    outer loop
      vertex   1.800009e+00 -1.278759e+00 3.401037e+01
      vertex   1.859130e+00 -9.698594e-16 3.401037e+01
      vertex   1.561286e+00 -1.186270e-15 3.353635e+01
    endloop
  endfacet
  facet normal -8.460762e-01 -3.911646e-02 5.316249e-01
    outer loop
      vertex   1.561286e+00 -1.186270e-15 3.353635e+01
      vertex   1.859130e+00 -9.698594e-16 3.401037e+01
      vertex   1.503436e+00 1.251278e+00 3.353635e+01
    endloop
  endfacet
  facet normal -9.429859e-01 -4.359687e-02 3.299650e-01
    outer loop
      vertex   1.561286e+00 -1.186270e-15 3.353635e+01
      vertex   1.503436e+00 1.251278e+00 3.353635e+01
      vertex   1.319327e+00 1.234217e+00 3.300795e+01
    endloop
  endfacet
  facet normal -9.349407e-01 -1.304187e-01 3.299650e-01
    outer loop
      vertex   1.319327e+00 1.234217e+00 3.300795e+01
      vertex   1.503436e+00 1.251278e+00 3.353635e+01
      vertex   1.148630e+00 2.457905e+00 3.300795e+01
    endloop
  endfacet
  facet normal -3.218121e-01 7.568952e-02 9.437733e-01
    outer loop
      vertex   2.674964e+00 -4.175387e+00 3.488896e+01
      vertex   2.997620e+00 -2.803541e+00 3.488896e+01
      vertex   2.478210e+00 -2.706447e+00 3.470407e+01
    endloop
  endfacet
  facet normal -3.274231e-01 4.567357e-02 9.437733e-01
    outer loop
      vertex   2.478210e+00 -2.706447e+00 3.470407e+01
      vertex   2.997620e+00 -2.803541e+00 3.488896e+01
      vertex   2.666168e+00 -1.359021e+00 3.470407e+01
    endloop
  endfacet
  facet normal -5.273335e-01 7.355988e-02 8.464682e-01
    outer loop
      vertex   2.478210e+00 -2.706447e+00 3.470407e+01
      vertex   2.666168e+00 -1.359021e+00 3.470407e+01
      vertex   2.194175e+00 -1.315284e+00 3.440622e+01
    endloop
  endfacet
  facet normal -5.318712e-01 2.458989e-02 8.464682e-01
    outer loop
      vertex   2.194175e+00 -1.315284e+00 3.440622e+01
      vertex   2.666168e+00 -1.359021e+00 3.470407e+01
      vertex   2.254984e+00 -7.481709e-16 3.440622e+01
    endloop
  endfacet
  facet normal -7.067292e-01 3.267406e-02 7.067292e-01
    outer loop
      vertex   2.194175e+00 -1.315284e+00 3.440622e+01
      vertex   2.254984e+00 -7.481709e-16 3.440622e+01
      vertex   1.859130e+00 -9.698594e-16 3.401037e+01
    endloop
  endfacet
  facet normal -7.067292e-01 -3.267406e-02 7.067292e-01
    outer loop
      vertex   1.859130e+00 -9.698594e-16 3.401037e+01
      vertex   2.254984e+00 -7.481709e-16 3.440622e+01
      vertex   1.800009e+00 1.278759e+00 3.401037e+01
    endloop
  endfacet
  facet normal -8.460762e-01 -3.911646e-02 5.316249e-01
    outer loop
      vertex   1.859130e+00 -9.698594e-16 3.401037e+01
      vertex   1.800009e+00 1.278759e+00 3.401037e+01
      vertex   1.503436e+00 1.251278e+00 3.353635e+01
    endloop
  endfacet
  facet normal -8.388577e-01 -1.170157e-01 5.316249e-01
    outer loop
      vertex   1.503436e+00 1.251278e+00 3.353635e+01
      vertex   1.800009e+00 1.278759e+00 3.401037e+01
      vertex   1.330380e+00 2.491880e+00 3.353635e+01
    endloop
  endfacet
  facet normal -9.349407e-01 -1.304187e-01 3.299650e-01
    outer loop
      vertex   1.503436e+00 1.251278e+00 3.353635e+01
      vertex   1.330380e+00 2.491880e+00 3.353635e+01
      vertex   1.148630e+00 2.457905e+00 3.300795e+01
    endloop
  endfacet
  facet normal -9.189189e-01 -2.161278e-01 3.299650e-01
    outer loop
      vertex   1.148630e+00 2.457905e+00 3.300795e+01
      vertex   1.330380e+00 2.491880e+00 3.353635e+01
      vertex   8.657537e-01 3.660623e+00 3.300795e+01
    endloop
  endfacet
  facet normal -3.274231e-01 4.567357e-02 9.437733e-01
    outer loop
      vertex   2.997620e+00 -2.803541e+00 3.488896e+01
      vertex   3.192321e+00 -1.407776e+00 3.488896e+01
      vertex   2.666168e+00 -1.359021e+00 3.470407e+01
    endloop
  endfacet
  facet normal -3.302406e-01 1.526794e-02 9.437733e-01
    outer loop
      vertex   2.666168e+00 -1.359021e+00 3.470407e+01
      vertex   3.192321e+00 -1.407776e+00 3.488896e+01
      vertex   2.728999e+00 -5.153663e-16 3.470407e+01
    endloop
  endfacet
  facet normal -5.318712e-01 2.458989e-02 8.464682e-01
    outer loop
      vertex   2.666168e+00 -1.359021e+00 3.470407e+01
      vertex   2.728999e+00 -5.153663e-16 3.470407e+01
      vertex   2.254984e+00 -7.481709e-16 3.440622e+01
    endloop
  endfacet
  facet normal -5.318712e-01 -2.458989e-02 8.464682e-01
    outer loop
      vertex   2.254984e+00 -7.481709e-16 3.440622e+01
      vertex   2.728999e+00 -5.153663e-16 3.470407e+01
      vertex   2.194175e+00 1.315284e+00 3.440622e+01
    endloop
  endfacet
  facet normal -7.067292e-01 -3.267406e-02 7.067292e-01
    outer loop
      vertex   2.254984e+00 -7.481709e-16 3.440622e+01
      vertex   2.194175e+00 1.315284e+00 3.440622e+01
      vertex   1.800009e+00 1.278759e+00 3.401037e+01
    endloop
  endfacet
  facet normal -7.006997e-01 -9.774343e-02 7.067292e-01
    outer loop
      vertex   1.800009e+00 1.278759e+00 3.401037e+01
      vertex   2.194175e+00 1.315284e+00 3.440622e+01
      vertex   1.623152e+00 2.546608e+00 3.401037e+01
    endloop
  endfacet
  facet normal -8.388577e-01 -1.170157e-01 5.316249e-01
    outer loop
      vertex   1.800009e+00 1.278759e+00 3.401037e+01
      vertex   1.623152e+00 2.546608e+00 3.401037e+01
      vertex   1.330380e+00 2.491880e+00 3.353635e+01
    endloop
  endfacet
  facet normal -8.244825e-01 -1.939165e-01 5.316249e-01
    outer loop
      vertex   1.330380e+00 2.491880e+00 3.353635e+01
      vertex   1.623152e+00 2.546608e+00 3.401037e+01
      vertex   1.043593e+00 3.711222e+00 3.353635e+01
    endloop
  endfacet
  facet normal -9.189189e-01 -2.161278e-01 3.299650e-01
    outer loop
      vertex   1.330380e+00 2.491880e+00 3.353635e+01
      vertex   1.043593e+00 3.711222e+00 3.353635e+01
      vertex   8.657537e-01 3.660623e+00 3.300795e+01
    endloop
  endfacet
  facet normal -8.950572e-01 -2.999929e-01 3.299650e-01
    outer loop
      vertex   8.657537e-01 3.660623e+00 3.300795e+01
      vertex   1.043593e+00 3.711222e+00 3.353635e+01
      vertex   4.731110e-01 4.832109e+00 3.300795e+01
    endloop
  endfacet
  facet normal -3.302406e-01 1.526794e-02 9.437733e-01
    outer loop
      vertex   3.192321e+00 -1.407776e+00 3.488896e+01
      vertex   3.257406e+00 -2.669276e-16 3.488896e+01
      vertex   2.728999e+00 -5.153663e-16 3.470407e+01
    endloop
  endfacet
  facet normal -3.302406e-01 -1.526794e-02 9.437733e-01
    outer loop
      vertex   2.728999e+00 -5.153663e-16 3.470407e+01
      vertex   3.257406e+00 -2.669276e-16 3.488896e+01
      vertex   2.666168e+00 1.359021e+00 3.470407e+01
    endloop
  endfacet
  facet normal -5.318712e-01 -2.458989e-02 8.464682e-01
    outer loop
      vertex   2.728999e+00 -5.153663e-16 3.470407e+01
      vertex   2.666168e+00 1.359021e+00 3.470407e+01
      vertex   2.194175e+00 1.315284e+00 3.440622e+01
    endloop
  endfacet
  facet normal -5.273335e-01 -7.355988e-02 8.464682e-01
    outer loop
      vertex   2.194175e+00 1.315284e+00 3.440622e+01
      vertex   2.666168e+00 1.359021e+00 3.470407e+01
      vertex   2.012266e+00 2.619346e+00 3.440622e+01
    endloop
  endfacet
  facet normal -7.006997e-01 -9.774343e-02 7.067292e-01
    outer loop
      vertex   2.194175e+00 1.315284e+00 3.440622e+01
      vertex   2.012266e+00 2.619346e+00 3.440622e+01
      vertex   1.623152e+00 2.546608e+00 3.401037e+01
    endloop
  endfacet
  facet normal -6.886920e-01 -1.619789e-01 7.067292e-01
    outer loop
      vertex   1.623152e+00 2.546608e+00 3.401037e+01
      vertex   2.012266e+00 2.619346e+00 3.440622e+01
      vertex   1.330066e+00 3.792731e+00 3.401037e+01
    endloop
  endfacet
  facet normal -8.244825e-01 -1.939165e-01 5.316249e-01
    outer loop
      vertex   1.623152e+00 2.546608e+00 3.401037e+01
      vertex   1.330066e+00 3.792731e+00 3.401037e+01
      vertex   1.043593e+00 3.711222e+00 3.353635e+01
    endloop
  endfacet
  facet normal -8.030730e-01 -2.691629e-01 5.316249e-01
    outer loop
      vertex   1.043593e+00 3.711222e+00 3.353635e+01
      vertex   1.330066e+00 3.792731e+00 3.401037e+01
      vertex   6.455229e-01 4.898902e+00 3.353635e+01
    endloop
  endfacet
  facet normal -8.950572e-01 -2.999929e-01 3.299650e-01
    outer loop
      vertex   1.043593e+00 3.711222e+00 3.353635e+01
      vertex   6.455229e-01 4.898902e+00 3.353635e+01
      vertex   4.731110e-01 4.832109e+00 3.300795e+01
    endloop
  endfacet
  facet normal -8.635591e-01 -3.812987e-01 3.299650e-01
    outer loop
      vertex   4.731110e-01 4.832109e+00 3.300795e+01
      vertex   6.455229e-01 4.898902e+00 3.353635e+01
      vertex   -2.594788e-02 5.962370e+00 3.300795e+01
    endloop
  endfacet
  facet normal -3.302406e-01 -1.526794e-02 9.437733e-01
    outer loop
      vertex   3.257406e+00 -2.669276e-16 3.488896e+01
      vertex   3.192321e+00 1.407776e+00 3.488896e+01
      vertex   2.666168e+00 1.359021e+00 3.470407e+01
    endloop
  endfacet
  facet normal -3.274231e-01 -4.567357e-02 9.437733e-01
    outer loop
      vertex   2.666168e+00 1.359021e+00 3.470407e+01
      vertex   3.192321e+00 1.407776e+00 3.488896e+01
      vertex   2.478210e+00 2.706447e+00 3.470407e+01
    endloop
  endfacet
  facet normal -5.273335e-01 -7.355988e-02 8.464682e-01
    outer loop
      vertex   2.666168e+00 1.359021e+00 3.470407e+01
      vertex   2.478210e+00 2.706447e+00 3.470407e+01
      vertex   2.012266e+00 2.619346e+00 3.440622e+01
    endloop
  endfacet
  facet normal -5.182967e-01 -1.219023e-01 8.464682e-01
    outer loop
      vertex   2.012266e+00 2.619346e+00 3.440622e+01
      vertex   2.478210e+00 2.706447e+00 3.470407e+01
      vertex   1.710809e+00 3.901062e+00 3.440622e+01
    endloop
  endfacet
  facet normal -6.886920e-01 -1.619789e-01 7.067292e-01
    outer loop
      vertex   2.012266e+00 2.619346e+00 3.440622e+01
      vertex   1.710809e+00 3.901062e+00 3.440622e+01
      vertex   1.330066e+00 3.792731e+00 3.401037e+01
    endloop
  endfacet
  facet normal -6.708086e-01 -2.248324e-01 7.067292e-01
    outer loop
      vertex   1.330066e+00 3.792731e+00 3.401037e+01
      vertex   1.710809e+00 3.901062e+00 3.440622e+01
      vertex   9.232536e-01 5.006495e+00 3.401037e+01
    endloop
  endfacet
  facet normal -8.030730e-01 -2.691629e-01 5.316249e-01
    outer loop
      vertex   1.330066e+00 3.792731e+00 3.401037e+01
      vertex   9.232536e-01 5.006495e+00 3.401037e+01
      vertex   6.455229e-01 4.898902e+00 3.353635e+01
    endloop
  endfacet
  facet normal -7.748120e-01 -3.421130e-01 5.316249e-01
    outer loop
      vertex   6.455229e-01 4.898902e+00 3.353635e+01
      vertex   9.232536e-01 5.006495e+00 3.401037e+01
      vertex   1.395657e-01 6.044786e+00 3.353635e+01
    endloop
  endfacet
  facet normal -8.635591e-01 -3.812987e-01 3.299650e-01
    outer loop
      vertex   6.455229e-01 4.898902e+00 3.353635e+01
      vertex   1.395657e-01 6.044786e+00 3.353635e+01
      vertex   -2.594788e-02 5.962370e+00 3.300795e+01
    endloop
  endfacet
  facet normal -8.246936e-01 -4.593513e-01 3.299650e-01
    outer loop
      vertex   -2.594788e-02 5.962370e+00 3.300795e+01
      vertex   1.395657e-01 6.044786e+00 3.353635e+01
      vertex   -6.271651e-01 7.041761e+00 3.300795e+01
    endloop
  endfacet
  facet normal -3.274231e-01 -4.567357e-02 9.437733e-01
    outer loop
      vertex   3.192321e+00 1.407776e+00 3.488896e+01
      vertex   2.997620e+00 2.803541e+00 3.488896e+01
      vertex   2.478210e+00 2.706447e+00 3.470407e+01
    endloop
  endfacet
  facet normal -3.218121e-01 -7.568952e-02 9.437733e-01
    outer loop
      vertex   2.478210e+00 2.706447e+00 3.470407e+01
      vertex   2.997620e+00 2.803541e+00 3.488896e+01
      vertex   2.166729e+00 4.030782e+00 3.470407e+01
    endloop
  endfacet
  facet normal -5.182967e-01 -1.219023e-01 8.464682e-01
    outer loop
      vertex   2.478210e+00 2.706447e+00 3.470407e+01
      vertex   2.166729e+00 4.030782e+00 3.470407e+01
      vertex   1.710809e+00 3.901062e+00 3.440622e+01
    endloop
  endfacet
  facet normal -5.048380e-01 -1.692047e-01 8.464682e-01
    outer loop
      vertex   1.710809e+00 3.901062e+00 3.440622e+01
      vertex   2.166729e+00 4.030782e+00 3.470407e+01
      vertex   1.292377e+00 5.149494e+00 3.440622e+01
    endloop
  endfacet
  facet normal -6.708086e-01 -2.248324e-01 7.067292e-01
    outer loop
      vertex   1.710809e+00 3.901062e+00 3.440622e+01
      vertex   1.292377e+00 5.149494e+00 3.440622e+01
      vertex   9.232536e-01 5.006495e+00 3.401037e+01
    endloop
  endfacet
  facet normal -6.472021e-01 -2.857677e-01 7.067292e-01
    outer loop
      vertex   9.232536e-01 5.006495e+00 3.401037e+01
      vertex   1.292377e+00 5.149494e+00 3.440622e+01
      vertex   4.061842e-01 6.177546e+00 3.401037e+01
    endloop
  endfacet
  facet normal -7.748120e-01 -3.421130e-01 5.316249e-01
    outer loop
      vertex   9.232536e-01 5.006495e+00 3.401037e+01
      vertex   4.061842e-01 6.177546e+00 3.401037e+01
      vertex   1.395657e-01 6.044786e+00 3.353635e+01
    endloop
  endfacet
  facet normal -7.399406e-01 -4.121442e-01 5.316249e-01
    outer loop
      vertex   1.395657e-01 6.044786e+00 3.353635e+01
      vertex   4.061842e-01 6.177546e+00 3.401037e+01
      vertex   -4.699620e-01 7.139097e+00 3.353635e+01
    endloop
  endfacet
  facet normal -8.246936e-01 -4.593513e-01 3.299650e-01
    outer loop
      vertex   1.395657e-01 6.044786e+00 3.353635e+01
      vertex   -4.699620e-01 7.139097e+00 3.353635e+01
      vertex   -6.271651e-01 7.041761e+00 3.300795e+01
    endloop
  endfacet
  facet normal -7.787920e-01 -5.334849e-01 3.299650e-01
    outer loop
      vertex   -6.271651e-01 7.041761e+00 3.300795e+01
      vertex   -4.699620e-01 7.139097e+00 3.353635e+01
      vertex   -1.325411e+00 8.061075e+00 3.300795e+01
    endloop
  endfacet
  facet normal -4.567357e-02 -3.274231e-01 9.437733e-01
    outer loop
      vertex   -9.196459e+00 1.499762e+01 3.488896e+01
      vertex   -1.064098e+01 1.466617e+01 3.470407e+01
      vertex   -9.293554e+00 1.447821e+01 3.470407e+01
    endloop
  endfacet
  facet normal -7.355988e-02 -5.273335e-01 8.464682e-01
    outer loop
      vertex   -9.293554e+00 1.447821e+01 3.470407e+01
      vertex   -1.064098e+01 1.466617e+01 3.470407e+01
      vertex   -1.068472e+01 1.419417e+01 3.440622e+01
    endloop
  endfacet
  facet normal -7.355988e-02 -5.273335e-01 8.464682e-01
    outer loop
      vertex   -9.293554e+00 1.447821e+01 3.470407e+01
      vertex   -1.068472e+01 1.419417e+01 3.440622e+01
      vertex   -9.380654e+00 1.401227e+01 3.440622e+01
    endloop
  endfacet
  facet normal -9.774343e-02 -7.006997e-01 7.067292e-01
    outer loop
      vertex   -9.380654e+00 1.401227e+01 3.440622e+01
      vertex   -1.068472e+01 1.419417e+01 3.440622e+01
      vertex   -1.072124e+01 1.380001e+01 3.401037e+01
    endloop
  endfacet
  facet normal -9.774343e-02 -7.006997e-01 7.067292e-01
    outer loop
      vertex   -9.380654e+00 1.401227e+01 3.440622e+01
      vertex   -1.072124e+01 1.380001e+01 3.401037e+01
      vertex   -9.453392e+00 1.362315e+01 3.401037e+01
    endloop
  endfacet
  facet normal -1.170157e-01 -8.388577e-01 5.316249e-01
    outer loop
      vertex   -9.453392e+00 1.362315e+01 3.401037e+01
      vertex   -1.072124e+01 1.380001e+01 3.401037e+01
      vertex   -1.074872e+01 1.350344e+01 3.353635e+01
    endloop
  endfacet
  facet normal -1.170157e-01 -8.388577e-01 5.316249e-01
    outer loop
      vertex   -9.453392e+00 1.362315e+01 3.401037e+01
      vertex   -1.074872e+01 1.350344e+01 3.353635e+01
      vertex   -9.508120e+00 1.333038e+01 3.353635e+01
    endloop
  endfacet
  facet normal -1.304187e-01 -9.349407e-01 3.299650e-01
    outer loop
      vertex   -9.508120e+00 1.333038e+01 3.353635e+01
      vertex   -1.074872e+01 1.350344e+01 3.353635e+01
      vertex   -1.076578e+01 1.331933e+01 3.300795e+01
    endloop
  endfacet
  facet normal -1.304187e-01 -9.349407e-01 3.299650e-01
    outer loop
      vertex   -9.508120e+00 1.333038e+01 3.353635e+01
      vertex   -1.076578e+01 1.331933e+01 3.300795e+01
      vertex   -9.542095e+00 1.314863e+01 3.300795e+01
    endloop
  endfacet
  facet normal -2.458989e-02 -5.318712e-01 8.464682e-01
    outer loop
      vertex   -1.064098e+01 1.466617e+01 3.470407e+01
      vertex   -1.200000e+01 1.425498e+01 3.440622e+01
      vertex   -1.068472e+01 1.419417e+01 3.440622e+01
    endloop
  endfacet
  facet normal -3.267406e-02 -7.067292e-01 7.067292e-01
    outer loop
      vertex   -1.068472e+01 1.419417e+01 3.440622e+01
      vertex   -1.200000e+01 1.425498e+01 3.440622e+01
      vertex   -1.200000e+01 1.385913e+01 3.401037e+01
    endloop
  endfacet
  facet normal -3.267406e-02 -7.067292e-01 7.067292e-01
    outer loop
      vertex   -1.068472e+01 1.419417e+01 3.440622e+01
      vertex   -1.200000e+01 1.385913e+01 3.401037e+01
      vertex   -1.072124e+01 1.380001e+01 3.401037e+01
    endloop
  endfacet
  facet normal -3.911646e-02 -8.460762e-01 5.316249e-01
    outer loop
      vertex   -1.072124e+01 1.380001e+01 3.401037e+01
      vertex   -1.200000e+01 1.385913e+01 3.401037e+01
      vertex   -1.200000e+01 1.356129e+01 3.353635e+01
    endloop
  endfacet
  facet normal -3.911646e-02 -8.460762e-01 5.316249e-01
    outer loop
      vertex   -1.072124e+01 1.380001e+01 3.401037e+01
      vertex   -1.200000e+01 1.356129e+01 3.353635e+01
      vertex   -1.074872e+01 1.350344e+01 3.353635e+01
    endloop
  endfacet
  facet normal -4.359687e-02 -9.429859e-01 3.299650e-01
    outer loop
      vertex   -1.074872e+01 1.350344e+01 3.353635e+01
      vertex   -1.200000e+01 1.356129e+01 3.353635e+01
      vertex   -1.200000e+01 1.337639e+01 3.300795e+01
    endloop
  endfacet
  facet normal -4.359687e-02 -9.429859e-01 3.299650e-01
    outer loop
      vertex   -1.074872e+01 1.350344e+01 3.353635e+01
      vertex   -1.200000e+01 1.337639e+01 3.300795e+01
      vertex   -1.076578e+01 1.331933e+01 3.300795e+01
    endloop
  endfacet
  facet normal 3.267406e-02 -7.067292e-01 7.067292e-01
    outer loop
      vertex   -1.200000e+01 1.425498e+01 3.440622e+01
      vertex   -1.327876e+01 1.380001e+01 3.401037e+01
      vertex   -1.200000e+01 1.385913e+01 3.401037e+01
    endloop
  endfacet
  facet normal 3.911646e-02 -8.460762e-01 5.316249e-01
    outer loop
      vertex   -1.200000e+01 1.385913e+01 3.401037e+01
      vertex   -1.327876e+01 1.380001e+01 3.401037e+01
      vertex   -1.325128e+01 1.350344e+01 3.353635e+01
    endloop
  endfacet
  facet normal 3.911646e-02 -8.460762e-01 5.316249e-01
    outer loop
      vertex   -1.200000e+01 1.385913e+01 3.401037e+01
      vertex   -1.325128e+01 1.350344e+01 3.353635e+01
      vertex   -1.200000e+01 1.356129e+01 3.353635e+01
    endloop
  endfacet
  facet normal 4.359687e-02 -9.429859e-01 3.299650e-01
    outer loop
      vertex   -1.200000e+01 1.356129e+01 3.353635e+01
      vertex   -1.325128e+01 1.350344e+01 3.353635e+01
      vertex   -1.323422e+01 1.331933e+01 3.300795e+01
    endloop
  endfacet
  facet normal 4.359687e-02 -9.429859e-01 3.299650e-01
    outer loop
      vertex   -1.200000e+01 1.356129e+01 3.353635e+01
      vertex   -1.323422e+01 1.331933e+01 3.300795e+01
      vertex   -1.200000e+01 1.337639e+01 3.300795e+01
    endloop
  endfacet
  facet normal 1.304187e-01 -9.349407e-01 3.299650e-01
    outer loop
      vertex   -1.445791e+01 1.314863e+01 3.300795e+01
      vertex   -1.323422e+01 1.331933e+01 3.300795e+01
      vertex   -1.325128e+01 1.350344e+01 3.353635e+01
    endloop
  endfacet
  facet normal 1.304187e-01 -9.349407e-01 3.299650e-01
    outer loop
      vertex   -1.445791e+01 1.314863e+01 3.300795e+01
      vertex   -1.325128e+01 1.350344e+01 3.353635e+01
      vertex   -1.449188e+01 1.333038e+01 3.353635e+01
    endloop
  endfacet
  facet normal 1.170157e-01 -8.388577e-01 5.316249e-01
    outer loop
      vertex   -1.449188e+01 1.333038e+01 3.353635e+01
      vertex   -1.325128e+01 1.350344e+01 3.353635e+01
      vertex   -1.327876e+01 1.380001e+01 3.401037e+01
    endloop
  endfacet
  facet normal 2.161278e-01 -9.189189e-01 3.299650e-01
    outer loop
      vertex   -1.566062e+01 1.286575e+01 3.300795e+01
      vertex   -1.445791e+01 1.314863e+01 3.300795e+01
      vertex   -1.449188e+01 1.333038e+01 3.353635e+01
    endloop
  endfacet
  facet normal 2.888137e-01 -1.608682e-01 9.437733e-01
    outer loop
      vertex   -2.452285e+01 7.753819e+00 3.470407e+01
      vertex   -2.497211e+01 8.031989e+00 3.488896e+01
      vertex   -2.518486e+01 6.565280e+00 3.470407e+01
    endloop
  endfacet
  facet normal 2.888137e-01 -1.608682e-01 9.437733e-01
    outer loop
      vertex   -2.518486e+01 6.565280e+00 3.470407e+01
      vertex   -2.497211e+01 8.031989e+00 3.488896e+01
      vertex   -2.565787e+01 6.800811e+00 3.488896e+01
    endloop
  endfacet
  facet normal 3.024247e-01 -1.335336e-01 9.437733e-01
    outer loop
      vertex   -2.518486e+01 6.565280e+00 3.470407e+01
      vertex   -2.565787e+01 6.800811e+00 3.488896e+01
      vertex   -2.573438e+01 5.320728e+00 3.470407e+01
    endloop
  endfacet
  facet normal 3.024247e-01 -1.335336e-01 9.437733e-01
    outer loop
      vertex   -2.573438e+01 5.320728e+00 3.470407e+01
      vertex   -2.565787e+01 6.800811e+00 3.488896e+01
      vertex   -2.622711e+01 5.511611e+00 3.488896e+01
    endloop
  endfacet
  facet normal 3.134556e-01 -1.050597e-01 9.437733e-01
    outer loop
      vertex   -2.573438e+01 5.320728e+00 3.470407e+01
      vertex   -2.622711e+01 5.511611e+00 3.488896e+01
      vertex   -2.616673e+01 4.030782e+00 3.470407e+01
    endloop
  endfacet
  facet normal 3.134556e-01 -1.050597e-01 9.437733e-01
    outer loop
      vertex   -2.616673e+01 4.030782e+00 3.470407e+01
      vertex   -2.622711e+01 5.511611e+00 3.488896e+01
      vertex   -2.667496e+01 4.175387e+00 3.488896e+01
    endloop
  endfacet
  facet normal 3.218121e-01 -7.568952e-02 9.437733e-01
    outer loop
      vertex   -2.616673e+01 4.030782e+00 3.470407e+01
      vertex   -2.667496e+01 4.175387e+00 3.488896e+01
      vertex   -2.647821e+01 2.706447e+00 3.470407e+01
    endloop
  endfacet
  facet normal 3.218121e-01 -7.568952e-02 9.437733e-01
    outer loop
      vertex   -2.647821e+01 2.706447e+00 3.470407e+01
      vertex   -2.667496e+01 4.175387e+00 3.488896e+01
      vertex   -2.699762e+01 2.803541e+00 3.488896e+01
    endloop
  endfacet
  facet normal 3.274231e-01 -4.567357e-02 9.437733e-01
    outer loop
      vertex   -2.647821e+01 2.706447e+00 3.470407e+01
      vertex   -2.699762e+01 2.803541e+00 3.488896e+01
      vertex   -2.666617e+01 1.359021e+00 3.470407e+01
    endloop
  endfacet
  facet normal 3.274231e-01 -4.567357e-02 9.437733e-01
    outer loop
      vertex   -2.666617e+01 1.359021e+00 3.470407e+01
      vertex   -2.699762e+01 2.803541e+00 3.488896e+01
      vertex   -2.719232e+01 1.407776e+00 3.488896e+01
    endloop
  endfacet
  facet normal 4.651509e-01 -2.590874e-01 8.464682e-01
    outer loop
      vertex   -2.411983e+01 7.504282e+00 3.440622e+01
      vertex   -2.452285e+01 7.753819e+00 3.470407e+01
      vertex   -2.476054e+01 6.353993e+00 3.440622e+01
    endloop
  endfacet
  facet normal 4.651509e-01 -2.590874e-01 8.464682e-01
    outer loop
      vertex   -2.476054e+01 6.353993e+00 3.440622e+01
      vertex   -2.452285e+01 7.753819e+00 3.470407e+01
      vertex   -2.518486e+01 6.565280e+00 3.470407e+01
    endloop
  endfacet
  facet normal 4.870722e-01 -2.150634e-01 8.464682e-01
    outer loop
      vertex   -2.476054e+01 6.353993e+00 3.440622e+01
      vertex   -2.518486e+01 6.565280e+00 3.470407e+01
      vertex   -2.529238e+01 5.149494e+00 3.440622e+01
    endloop
  endfacet
  facet normal 4.870722e-01 -2.150634e-01 8.464682e-01
    outer loop
      vertex   -2.529238e+01 5.149494e+00 3.440622e+01
      vertex   -2.518486e+01 6.565280e+00 3.470407e+01
      vertex   -2.573438e+01 5.320728e+00 3.470407e+01
    endloop
  endfacet
  facet normal 5.048380e-01 -1.692047e-01 8.464682e-01
    outer loop
      vertex   -2.529238e+01 5.149494e+00 3.440622e+01
      vertex   -2.573438e+01 5.320728e+00 3.470407e+01
      vertex   -2.571081e+01 3.901062e+00 3.440622e+01
    endloop
  endfacet
  facet normal 5.048380e-01 -1.692047e-01 8.464682e-01
    outer loop
      vertex   -2.571081e+01 3.901062e+00 3.440622e+01
      vertex   -2.573438e+01 5.320728e+00 3.470407e+01
      vertex   -2.616673e+01 4.030782e+00 3.470407e+01
    endloop
  endfacet
  facet normal 5.182967e-01 -1.219023e-01 8.464682e-01
    outer loop
      vertex   -2.571081e+01 3.901062e+00 3.440622e+01
      vertex   -2.616673e+01 4.030782e+00 3.470407e+01
      vertex   -2.601227e+01 2.619346e+00 3.440622e+01
    endloop
  endfacet
  facet normal 5.182967e-01 -1.219023e-01 8.464682e-01
    outer loop
      vertex   -2.601227e+01 2.619346e+00 3.440622e+01
      vertex   -2.616673e+01 4.030782e+00 3.470407e+01
      vertex   -2.647821e+01 2.706447e+00 3.470407e+01
    endloop
  endfacet
  facet normal 5.273335e-01 -7.355988e-02 8.464682e-01
    outer loop
      vertex   -2.601227e+01 2.619346e+00 3.440622e+01
      vertex   -2.647821e+01 2.706447e+00 3.470407e+01
      vertex   -2.619418e+01 1.315284e+00 3.440622e+01
    endloop
  endfacet
  facet normal 5.273335e-01 -7.355988e-02 8.464682e-01
    outer loop
      vertex   -2.619418e+01 1.315284e+00 3.440622e+01
      vertex   -2.647821e+01 2.706447e+00 3.470407e+01
      vertex   -2.666617e+01 1.359021e+00 3.470407e+01
    endloop
  endfacet
  facet normal 6.180740e-01 -3.442649e-01 7.067292e-01
    outer loop
      vertex   -2.378327e+01 7.295892e+00 3.401037e+01
      vertex   -2.411983e+01 7.504282e+00 3.440622e+01
      vertex   -2.440618e+01 6.177546e+00 3.401037e+01
    endloop
  endfacet
  facet normal 6.180740e-01 -3.442649e-01 7.067292e-01
    outer loop
      vertex   -2.440618e+01 6.177546e+00 3.401037e+01
      vertex   -2.411983e+01 7.504282e+00 3.440622e+01
      vertex   -2.476054e+01 6.353993e+00 3.440622e+01
    endloop
  endfacet
  facet normal 6.472021e-01 -2.857677e-01 7.067292e-01
    outer loop
      vertex   -2.440618e+01 6.177546e+00 3.401037e+01
      vertex   -2.476054e+01 6.353993e+00 3.440622e+01
      vertex   -2.492325e+01 5.006495e+00 3.401037e+01
    endloop
  endfacet
  facet normal 6.472021e-01 -2.857677e-01 7.067292e-01
    outer loop
      vertex   -2.492325e+01 5.006495e+00 3.401037e+01
      vertex   -2.476054e+01 6.353993e+00 3.440622e+01
      vertex   -2.529238e+01 5.149494e+00 3.440622e+01
    endloop
  endfacet
  facet normal 6.708086e-01 -2.248324e-01 7.067292e-01
    outer loop
      vertex   -2.492325e+01 5.006495e+00 3.401037e+01
      vertex   -2.529238e+01 5.149494e+00 3.440622e+01
      vertex   -2.533007e+01 3.792731e+00 3.401037e+01
    endloop
  endfacet
  facet normal 6.708086e-01 -2.248324e-01 7.067292e-01
    outer loop
      vertex   -2.533007e+01 3.792731e+00 3.401037e+01
      vertex   -2.529238e+01 5.149494e+00 3.440622e+01
      vertex   -2.571081e+01 3.901062e+00 3.440622e+01
    endloop
  endfacet
  facet normal 6.886920e-01 -1.619789e-01 7.067292e-01
    outer loop
      vertex   -2.533007e+01 3.792731e+00 3.401037e+01
      vertex   -2.571081e+01 3.901062e+00 3.440622e+01
      vertex   -2.562315e+01 2.546608e+00 3.401037e+01
    endloop
  endfacet
  facet normal 6.886920e-01 -1.619789e-01 7.067292e-01
    outer loop
      vertex   -2.562315e+01 2.546608e+00 3.401037e+01
      vertex   -2.571081e+01 3.901062e+00 3.440622e+01
      vertex   -2.601227e+01 2.619346e+00 3.440622e+01
    endloop
  endfacet
  facet normal 7.006997e-01 -9.774343e-02 7.067292e-01
    outer loop
      vertex   -2.562315e+01 2.546608e+00 3.401037e+01
      vertex   -2.601227e+01 2.619346e+00 3.440622e+01
      vertex   -2.580001e+01 1.278759e+00 3.401037e+01
    endloop
  endfacet
  facet normal 7.006997e-01 -9.774343e-02 7.067292e-01
    outer loop
      vertex   -2.580001e+01 1.278759e+00 3.401037e+01
      vertex   -2.601227e+01 2.619346e+00 3.440622e+01
      vertex   -2.619418e+01 1.315284e+00 3.440622e+01
    endloop
  endfacet
  facet normal 8.246936e-01 -4.593513e-01 3.299650e-01
    outer loop
      vertex   -2.397405e+01 5.962370e+00 3.300795e+01
      vertex   -2.337284e+01 7.041761e+00 3.300795e+01
      vertex   -2.353004e+01 7.139097e+00 3.353635e+01
    endloop
  endfacet
  facet normal 7.399406e-01 -4.121442e-01 5.316249e-01
    outer loop
      vertex   -2.353004e+01 7.139097e+00 3.353635e+01
      vertex   -2.378327e+01 7.295892e+00 3.401037e+01
      vertex   -2.413957e+01 6.044786e+00 3.353635e+01
    endloop
  endfacet
  facet normal 7.399406e-01 -4.121442e-01 5.316249e-01
    outer loop
      vertex   -2.413957e+01 6.044786e+00 3.353635e+01
      vertex   -2.378327e+01 7.295892e+00 3.401037e+01
      vertex   -2.440618e+01 6.177546e+00 3.401037e+01
    endloop
  endfacet
  facet normal 7.748120e-01 -3.421130e-01 5.316249e-01
    outer loop
      vertex   -2.413957e+01 6.044786e+00 3.353635e+01
      vertex   -2.440618e+01 6.177546e+00 3.401037e+01
      vertex   -2.464552e+01 4.898902e+00 3.353635e+01
    endloop
  endfacet
  facet normal 7.748120e-01 -3.421130e-01 5.316249e-01
    outer loop
      vertex   -2.464552e+01 4.898902e+00 3.353635e+01
      vertex   -2.440618e+01 6.177546e+00 3.401037e+01
      vertex   -2.492325e+01 5.006495e+00 3.401037e+01
    endloop
  endfacet
  facet normal 8.030730e-01 -2.691629e-01 5.316249e-01
    outer loop
      vertex   -2.464552e+01 4.898902e+00 3.353635e+01
      vertex   -2.492325e+01 5.006495e+00 3.401037e+01
      vertex   -2.504359e+01 3.711222e+00 3.353635e+01
    endloop
  endfacet
  facet normal 8.030730e-01 -2.691629e-01 5.316249e-01
    outer loop
      vertex   -2.504359e+01 3.711222e+00 3.353635e+01
      vertex   -2.492325e+01 5.006495e+00 3.401037e+01
      vertex   -2.533007e+01 3.792731e+00 3.401037e+01
    endloop
  endfacet
  facet normal 8.244825e-01 -1.939165e-01 5.316249e-01
    outer loop
      vertex   -2.504359e+01 3.711222e+00 3.353635e+01
      vertex   -2.533007e+01 3.792731e+00 3.401037e+01
      vertex   -2.533038e+01 2.491880e+00 3.353635e+01
    endloop
  endfacet
  facet normal 8.244825e-01 -1.939165e-01 5.316249e-01
    outer loop
      vertex   -2.533038e+01 2.491880e+00 3.353635e+01
      vertex   -2.533007e+01 3.792731e+00 3.401037e+01
      vertex   -2.562315e+01 2.546608e+00 3.401037e+01
    endloop
  endfacet
  facet normal 8.388577e-01 -1.170157e-01 5.316249e-01
    outer loop
      vertex   -2.533038e+01 2.491880e+00 3.353635e+01
      vertex   -2.562315e+01 2.546608e+00 3.401037e+01
      vertex   -2.550344e+01 1.251278e+00 3.353635e+01
    endloop
  endfacet
  facet normal 8.388577e-01 -1.170157e-01 5.316249e-01
    outer loop
      vertex   -2.550344e+01 1.251278e+00 3.353635e+01
      vertex   -2.562315e+01 2.546608e+00 3.401037e+01
      vertex   -2.580001e+01 1.278759e+00 3.401037e+01
    endloop
  endfacet
  facet normal 8.635591e-01 -3.812987e-01 3.299650e-01
    outer loop
      vertex   -2.447311e+01 4.832109e+00 3.300795e+01
      vertex   -2.397405e+01 5.962370e+00 3.300795e+01
      vertex   -2.413957e+01 6.044786e+00 3.353635e+01
    endloop
  endfacet
  facet normal 8.246936e-01 -4.593513e-01 3.299650e-01
    outer loop
      vertex   -2.413957e+01 6.044786e+00 3.353635e+01
      vertex   -2.397405e+01 5.962370e+00 3.300795e+01
      vertex   -2.353004e+01 7.139097e+00 3.353635e+01
    endloop
  endfacet
  facet normal 8.635591e-01 -3.812987e-01 3.299650e-01
    outer loop
      vertex   -2.447311e+01 4.832109e+00 3.300795e+01
      vertex   -2.413957e+01 6.044786e+00 3.353635e+01
      vertex   -2.464552e+01 4.898902e+00 3.353635e+01
    endloop
  endfacet
  facet normal 8.950572e-01 -2.999929e-01 3.299650e-01
    outer loop
      vertex   -2.486575e+01 3.660623e+00 3.300795e+01
      vertex   -2.447311e+01 4.832109e+00 3.300795e+01
      vertex   -2.464552e+01 4.898902e+00 3.353635e+01
    endloop
  endfacet
  facet normal 8.950572e-01 -2.999929e-01 3.299650e-01
    outer loop
      vertex   -2.486575e+01 3.660623e+00 3.300795e+01
      vertex   -2.464552e+01 4.898902e+00 3.353635e+01
      vertex   -2.504359e+01 3.711222e+00 3.353635e+01
    endloop
  endfacet
  facet normal 9.189189e-01 -2.161278e-01 3.299650e-01
    outer loop
      vertex   -2.514863e+01 2.457905e+00 3.300795e+01
      vertex   -2.486575e+01 3.660623e+00 3.300795e+01
      vertex   -2.504359e+01 3.711222e+00 3.353635e+01
    endloop
  endfacet
  facet normal 9.189189e-01 -2.161278e-01 3.299650e-01
    outer loop
      vertex   -2.514863e+01 2.457905e+00 3.300795e+01
      vertex   -2.504359e+01 3.711222e+00 3.353635e+01
      vertex   -2.533038e+01 2.491880e+00 3.353635e+01
    endloop
  endfacet
  facet normal 9.349407e-01 -1.304187e-01 3.299650e-01
    outer loop
      vertex   -2.531933e+01 1.234217e+00 3.300795e+01
      vertex   -2.514863e+01 2.457905e+00 3.300795e+01
      vertex   -2.533038e+01 2.491880e+00 3.353635e+01
    endloop
  endfacet
  facet normal 9.349407e-01 -1.304187e-01 3.299650e-01
    outer loop
      vertex   -2.531933e+01 1.234217e+00 3.300795e+01
      vertex   -2.533038e+01 2.491880e+00 3.353635e+01
      vertex   -2.550344e+01 1.251278e+00 3.353635e+01
    endloop
  endfacet
  facet normal 0.000000e+00 0.000000e+00 -1.000000e+00
    outer loop
      vertex   1.803318e+01 2.244325e+01 3.245164e+01
      vertex   3.346609e+01 6.889318e+01 3.245164e+01
      vertex   1.811173e+01 2.154532e+01 3.245164e+01
    endloop
  endfacet
  facet normal 0.000000e+00 0.000000e+00 -1.000000e+00
    outer loop
      vertex   1.811173e+01 2.154532e+01 3.245164e+01
      vertex   3.346609e+01 6.889318e+01 3.245164e+01
      vertex   3.346609e+01 -2.450000e+01 3.245164e+01
    endloop
  endfacet
  facet normal 0.000000e+00 -0.000000e+00 -1.000000e+00
    outer loop
      vertex   1.811173e+01 2.154532e+01 3.245164e+01
      vertex   3.346609e+01 -2.450000e+01 3.245164e+01
      vertex   1.803318e+01 2.064739e+01 3.245164e+01
    endloop
  endfacet
  facet normal 0.000000e+00 -0.000000e+00 -1.000000e+00
    outer loop
      vertex   1.803318e+01 2.064739e+01 3.245164e+01
      vertex   3.346609e+01 -2.450000e+01 3.245164e+01
      vertex   1.779989e+01 1.977674e+01 3.245164e+01
    endloop
  endfacet
  facet normal 0.000000e+00 -0.000000e+00 -1.000000e+00
    outer loop
      vertex   1.779989e+01 1.977674e+01 3.245164e+01
      vertex   3.346609e+01 -2.450000e+01 3.245164e+01
      vertex   1.741895e+01 1.895983e+01 3.245164e+01
    endloop
  endfacet
  facet normal 0.000000e+00 -0.000000e+00 -1.000000e+00
    outer loop
      vertex   1.741895e+01 1.895983e+01 3.245164e+01
      vertex   3.346609e+01 -2.450000e+01 3.245164e+01
      vertex   1.690195e+01 1.822147e+01 3.245164e+01
    endloop
  endfacet
  facet normal 0.000000e+00 -0.000000e+00 -1.000000e+00
    outer loop
      vertex   1.690195e+01 1.822147e+01 3.245164e+01
      vertex   3.346609e+01 -2.450000e+01 3.245164e+01
      vertex   1.626459e+01 1.758411e+01 3.245164e+01
    endloop
  endfacet
  facet normal 0.000000e+00 -0.000000e+00 -1.000000e+00
    outer loop
      vertex   1.626459e+01 1.758411e+01 3.245164e+01
      vertex   3.346609e+01 -2.450000e+01 3.245164e+01
      vertex   1.552624e+01 1.706711e+01 3.245164e+01
    endloop
  endfacet
  facet normal 0.000000e+00 -0.000000e+00 -1.000000e+00
    outer loop
      vertex   1.552624e+01 1.706711e+01 3.245164e+01
      vertex   3.346609e+01 -2.450000e+01 3.245164e+01
      vertex   1.470933e+01 1.668618e+01 3.245164e+01
    endloop
  endfacet
  facet normal 0.000000e+00 -0.000000e+00 -1.000000e+00
    outer loop
      vertex   1.470933e+01 1.668618e+01 3.245164e+01
      vertex   3.346609e+01 -2.450000e+01 3.245164e+01
      vertex   1.235663e+00 -1.439465e+00 3.245164e+01
    endloop
  endfacet
  facet normal 0.000000e+00 0.000000e+00 -1.000000e+00
    outer loop
      vertex   1.470933e+01 1.668618e+01 3.245164e+01
      vertex   1.235663e+00 -1.439465e+00 3.245164e+01
      vertex   1.383868e+01 1.645289e+01 3.245164e+01
    endloop
  endfacet
  facet normal 0.000000e+00 0.000000e+00 -1.000000e+00
    outer loop
      vertex   1.383868e+01 1.645289e+01 3.245164e+01
      vertex   1.235663e+00 -1.439465e+00 3.245164e+01
      vertex   1.313708e+00 -1.630459e-15 3.245164e+01
    endloop
  endfacet
  facet normal 0.000000e+00 0.000000e+00 -1.000000e+00
    outer loop
      vertex   1.383868e+01 1.645289e+01 3.245164e+01
      vertex   1.313708e+00 -1.630459e-15 3.245164e+01
      vertex   1.294074e+01 1.637433e+01 3.245164e+01
    endloop
  endfacet
  facet normal 0.000000e+00 0.000000e+00 -1.000000e+00
    outer loop
      vertex   1.294074e+01 1.637433e+01 3.245164e+01
      vertex   1.313708e+00 -1.630459e-15 3.245164e+01
      vertex   1.235663e+00 1.439465e+00 3.245164e+01
    endloop
  endfacet
  facet normal -0.000000e+00 0.000000e+00 -1.000000e+00
    outer loop
      vertex   1.294074e+01 1.637433e+01 3.245164e+01
      vertex   1.235663e+00 1.439465e+00 3.245164e+01
      vertex   1.204281e+01 1.645289e+01 3.245164e+01
    endloop
  endfacet
  facet normal 0.000000e+00 0.000000e+00 -1.000000e+00
    outer loop
      vertex   1.204281e+01 1.645289e+01 3.245164e+01
      vertex   1.235663e+00 1.439465e+00 3.245164e+01
      vertex   1.002441e+00 2.862054e+00 3.245164e+01
    endloop
  endfacet
  facet normal -0.000000e+00 0.000000e+00 -1.000000e+00
    outer loop
      vertex   1.204281e+01 1.645289e+01 3.245164e+01
      vertex   1.002441e+00 2.862054e+00 3.245164e+01
      vertex   1.117216e+01 1.668618e+01 3.245164e+01
    endloop
  endfacet
  facet normal 0.000000e+00 0.000000e+00 -1.000000e+00
    outer loop
      vertex   1.117216e+01 1.668618e+01 3.245164e+01
      vertex   1.002441e+00 2.862054e+00 3.245164e+01
      vertex   6.167781e-01 4.251088e+00 3.245164e+01
    endloop
  endfacet
  facet normal -0.000000e+00 0.000000e+00 -1.000000e+00
    outer loop
      vertex   1.117216e+01 1.668618e+01 3.245164e+01
      vertex   6.167781e-01 4.251088e+00 3.245164e+01
      vertex   1.035525e+01 1.706711e+01 3.245164e+01
    endloop
  endfacet
  facet normal -0.000000e+00 0.000000e+00 -1.000000e+00
    outer loop
      vertex   1.035525e+01 1.706711e+01 3.245164e+01
      vertex   6.167781e-01 4.251088e+00 3.245164e+01
      vertex   9.616894e+00 1.758411e+01 3.245164e+01
    endloop
  endfacet
  facet normal 0.000000e+00 0.000000e+00 -1.000000e+00
    outer loop
      vertex   9.616894e+00 1.758411e+01 3.245164e+01
      vertex   6.167781e-01 4.251088e+00 3.245164e+01
      vertex   8.319455e-02 5.590281e+00 3.245164e+01
    endloop
  endfacet
  facet normal -0.000000e+00 0.000000e+00 -1.000000e+00
    outer loop
      vertex   9.616894e+00 1.758411e+01 3.245164e+01
      vertex   8.319455e-02 5.590281e+00 3.245164e+01
      vertex   8.979534e+00 1.822147e+01 3.245164e+01
    endloop
  endfacet
  facet normal 0.000000e+00 0.000000e+00 -1.000000e+00
    outer loop
      vertex   8.979534e+00 1.822147e+01 3.245164e+01
      vertex   8.319455e-02 5.590281e+00 3.245164e+01
      vertex   -5.920534e-01 6.863934e+00 3.245164e+01
    endloop
  endfacet
  facet normal -0.000000e+00 0.000000e+00 -1.000000e+00
    outer loop
      vertex   8.979534e+00 1.822147e+01 3.245164e+01
      vertex   -5.920534e-01 6.863934e+00 3.245164e+01
      vertex   8.462533e+00 1.895983e+01 3.245164e+01
    endloop
  endfacet
  facet normal 0.000000e+00 0.000000e+00 -1.000000e+00
    outer loop
      vertex   8.462533e+00 1.895983e+01 3.245164e+01
      vertex   -5.920534e-01 6.863934e+00 3.245164e+01
      vertex   -1.401049e+00 8.057113e+00 3.245164e+01
    endloop
  endfacet
  facet normal -0.000000e+00 0.000000e+00 -1.000000e+00
    outer loop
      vertex   8.462533e+00 1.895983e+01 3.245164e+01
      vertex   -1.401049e+00 8.057113e+00 3.245164e+01
      vertex   8.081601e+00 1.977674e+01 3.245164e+01
    endloop
  endfacet
  facet normal 0.000000e+00 0.000000e+00 -1.000000e+00
    outer loop
      vertex   8.081601e+00 1.977674e+01 3.245164e+01
      vertex   -1.401049e+00 8.057113e+00 3.245164e+01
      vertex   -2.334308e+00 9.155830e+00 3.245164e+01
    endloop
  endfacet
  facet normal -0.000000e+00 0.000000e+00 -1.000000e+00
    outer loop
      vertex   8.081601e+00 1.977674e+01 3.245164e+01
      vertex   -2.334308e+00 9.155830e+00 3.245164e+01
      vertex   7.848311e+00 2.064739e+01 3.245164e+01
    endloop
  endfacet
  facet normal 0.000000e+00 0.000000e+00 -1.000000e+00
    outer loop
      vertex   7.848311e+00 2.064739e+01 3.245164e+01
      vertex   -2.334308e+00 9.155830e+00 3.245164e+01
      vertex   -3.380888e+00 1.014720e+01 3.245164e+01
    endloop
  endfacet
  facet normal 0.000000e+00 0.000000e+00 -1.000000e+00
    outer loop
      vertex   7.848311e+00 2.064739e+01 3.245164e+01
      vertex   -3.380888e+00 1.014720e+01 3.245164e+01
      vertex   -4.528519e+00 1.101961e+01 3.245164e+01
    endloop
  endfacet
  facet normal 0.000000e+00 0.000000e+00 -1.000000e+00
    outer loop
      vertex   1.803318e+01 2.244325e+01 3.245164e+01
      vertex   1.779989e+01 2.331390e+01 3.245164e+01
      vertex   3.346609e+01 6.889318e+01 3.245164e+01
    endloop
  endfacet
  facet normal 0.000000e+00 0.000000e+00 -1.000000e+00
    outer loop
      vertex   3.346609e+01 6.889318e+01 3.245164e+01
      vertex   1.779989e+01 2.331390e+01 3.245164e+01
      vertex   1.741895e+01 2.413082e+01 3.245164e+01
    endloop
  endfacet
  facet normal 0.000000e+00 0.000000e+00 -1.000000e+00
    outer loop
      vertex   3.346609e+01 6.889318e+01 3.245164e+01
      vertex   1.741895e+01 2.413082e+01 3.245164e+01
      vertex   1.690195e+01 2.486917e+01 3.245164e+01
    endloop
  endfacet
  facet normal -0.000000e+00 0.000000e+00 -1.000000e+00
    outer loop
      vertex   3.346609e+01 6.889318e+01 3.245164e+01
      vertex   1.690195e+01 2.486917e+01 3.245164e+01
      vertex   2.950000e+01 6.946609e+01 3.245164e+01
    endloop
  endfacet
  facet normal 0.000000e+00 0.000000e+00 -1.000000e+00
    outer loop
      vertex   2.950000e+01 6.946609e+01 3.245164e+01
      vertex   1.690195e+01 2.486917e+01 3.245164e+01
      vertex   1.626459e+01 2.550653e+01 3.245164e+01
    endloop
  endfacet
  facet normal 0.000000e+00 0.000000e+00 -1.000000e+00
    outer loop
      vertex   2.950000e+01 6.946609e+01 3.245164e+01
      vertex   1.626459e+01 2.550653e+01 3.245164e+01
      vertex   1.552624e+01 2.602353e+01 3.245164e+01
    endloop
  endfacet
  facet normal 0.000000e+00 0.000000e+00 -1.000000e+00
    outer loop
      vertex   1.552624e+01 2.602353e+01 3.245164e+01
      vertex   1.470933e+01 2.640446e+01 3.245164e+01
      vertex   2.950000e+01 6.946609e+01 3.245164e+01
    endloop
  endfacet
  facet normal 0.000000e+00 0.000000e+00 -1.000000e+00
    outer loop
      vertex   2.950000e+01 6.946609e+01 3.245164e+01
      vertex   1.470933e+01 2.640446e+01 3.245164e+01
      vertex   1.235663e+00 4.443947e+01 3.245164e+01
    endloop
  endfacet
  facet normal 0.000000e+00 0.000000e+00 -1.000000e+00
    outer loop
      vertex   2.950000e+01 6.946609e+01 3.245164e+01
      vertex   1.235663e+00 4.443947e+01 3.245164e+01
      vertex   1.002441e+00 4.586205e+01 3.245164e+01
    endloop
  endfacet
  facet normal 0.000000e+00 0.000000e+00 -1.000000e+00
    outer loop
      vertex   1.470933e+01 2.640446e+01 3.245164e+01
      vertex   1.383868e+01 2.663775e+01 3.245164e+01
      vertex   1.235663e+00 4.443947e+01 3.245164e+01
    endloop
  endfacet
  facet normal 0.000000e+00 0.000000e+00 -1.000000e+00
    outer loop
      vertex   1.235663e+00 4.443947e+01 3.245164e+01
      vertex   1.383868e+01 2.663775e+01 3.245164e+01
      vertex   1.313708e+00 4.300000e+01 3.245164e+01
    endloop
  endfacet
  facet normal 0.000000e+00 0.000000e+00 -1.000000e+00
    outer loop
      vertex   1.313708e+00 4.300000e+01 3.245164e+01
      vertex   1.383868e+01 2.663775e+01 3.245164e+01
      vertex   1.294074e+01 2.671631e+01 3.245164e+01
    endloop
  endfacet
  facet normal 0.000000e+00 -0.000000e+00 -1.000000e+00
    outer loop
      vertex   1.313708e+00 4.300000e+01 3.245164e+01
      vertex   1.294074e+01 2.671631e+01 3.245164e+01
      vertex   1.235663e+00 4.156053e+01 3.245164e+01
    endloop
  endfacet
  facet normal 0.000000e+00 0.000000e+00 -1.000000e+00
    outer loop
      vertex   1.235663e+00 4.156053e+01 3.245164e+01
      vertex   1.294074e+01 2.671631e+01 3.245164e+01
      vertex   1.204281e+01 2.663775e+01 3.245164e+01
    endloop
  endfacet
  facet normal 0.000000e+00 -0.000000e+00 -1.000000e+00
    outer loop
      vertex   1.235663e+00 4.156053e+01 3.245164e+01
      vertex   1.204281e+01 2.663775e+01 3.245164e+01
      vertex   1.002441e+00 4.013795e+01 3.245164e+01
    endloop
  endfacet
  facet normal 0.000000e+00 0.000000e+00 -1.000000e+00
    outer loop
      vertex   1.002441e+00 4.013795e+01 3.245164e+01
      vertex   1.204281e+01 2.663775e+01 3.245164e+01
      vertex   1.117216e+01 2.640446e+01 3.245164e+01
    endloop
  endfacet
  facet normal 0.000000e+00 0.000000e+00 -1.000000e+00
    outer loop
      vertex   1.002441e+00 4.013795e+01 3.245164e+01
      vertex   1.117216e+01 2.640446e+01 3.245164e+01
      vertex   1.035525e+01 2.602353e+01 3.245164e+01
    endloop
  endfacet
  facet normal 0.000000e+00 -0.000000e+00 -1.000000e+00
    outer loop
      vertex   1.002441e+00 4.013795e+01 3.245164e+01
      vertex   1.035525e+01 2.602353e+01 3.245164e+01
      vertex   6.167781e-01 3.874891e+01 3.245164e+01
    endloop
  endfacet
  facet normal 0.000000e+00 0.000000e+00 -1.000000e+00
    outer loop
      vertex   6.167781e-01 3.874891e+01 3.245164e+01
      vertex   1.035525e+01 2.602353e+01 3.245164e+01
      vertex   9.616894e+00 2.550653e+01 3.245164e+01
    endloop
  endfacet
  facet normal 0.000000e+00 -0.000000e+00 -1.000000e+00
    outer loop
      vertex   6.167781e-01 3.874891e+01 3.245164e+01
      vertex   9.616894e+00 2.550653e+01 3.245164e+01
      vertex   8.319455e-02 3.740972e+01 3.245164e+01
    endloop
  endfacet
  facet normal 0.000000e+00 0.000000e+00 -1.000000e+00
    outer loop
      vertex   8.319455e-02 3.740972e+01 3.245164e+01
      vertex   9.616894e+00 2.550653e+01 3.245164e+01
      vertex   8.979534e+00 2.486917e+01 3.245164e+01
    endloop
  endfacet
  facet normal 0.000000e+00 -0.000000e+00 -1.000000e+00
    outer loop
      vertex   8.319455e-02 3.740972e+01 3.245164e+01
      vertex   8.979534e+00 2.486917e+01 3.245164e+01
      vertex   -5.920534e-01 3.613607e+01 3.245164e+01
    endloop
  endfacet
  facet normal 0.000000e+00 0.000000e+00 -1.000000e+00
    outer loop
      vertex   -5.920534e-01 3.613607e+01 3.245164e+01
      vertex   8.979534e+00 2.486917e+01 3.245164e+01
      vertex   8.462533e+00 2.413082e+01 3.245164e+01
    endloop
  endfacet
  facet normal 0.000000e+00 -0.000000e+00 -1.000000e+00
    outer loop
      vertex   -5.920534e-01 3.613607e+01 3.245164e+01
      vertex   8.462533e+00 2.413082e+01 3.245164e+01
      vertex   -1.401049e+00 3.494289e+01 3.245164e+01
    endloop
  endfacet
  facet normal 0.000000e+00 0.000000e+00 -1.000000e+00
    outer loop
      vertex   -1.401049e+00 3.494289e+01 3.245164e+01
      vertex   8.462533e+00 2.413082e+01 3.245164e+01
      vertex   8.081601e+00 2.331390e+01 3.245164e+01
    endloop
  endfacet
  facet normal 0.000000e+00 -0.000000e+00 -1.000000e+00
    outer loop
      vertex   -1.401049e+00 3.494289e+01 3.245164e+01
      vertex   8.081601e+00 2.331390e+01 3.245164e+01
      vertex   -2.334308e+00 3.384417e+01 3.245164e+01
    endloop
  endfacet
  facet normal 0.000000e+00 0.000000e+00 -1.000000e+00
    outer loop
      vertex   -2.334308e+00 3.384417e+01 3.245164e+01
      vertex   8.081601e+00 2.331390e+01 3.245164e+01
      vertex   7.848311e+00 2.244325e+01 3.245164e+01
    endloop
  endfacet
  facet normal 0.000000e+00 -0.000000e+00 -1.000000e+00
    outer loop
      vertex   -2.334308e+00 3.384417e+01 3.245164e+01
      vertex   7.848311e+00 2.244325e+01 3.245164e+01
      vertex   -3.380888e+00 3.285280e+01 3.245164e+01
    endloop
  endfacet
  facet normal 0.000000e+00 -0.000000e+00 -1.000000e+00
    outer loop
      vertex   -3.380888e+00 3.285280e+01 3.245164e+01
      vertex   7.848311e+00 2.244325e+01 3.245164e+01
      vertex   -4.528519e+00 3.198039e+01 3.245164e+01
    endloop
  endfacet
  facet normal 0.000000e+00 0.000000e+00 -1.000000e+00
    outer loop
      vertex   -4.528519e+00 3.198039e+01 3.245164e+01
      vertex   7.848311e+00 2.244325e+01 3.245164e+01
      vertex   7.769752e+00 2.154532e+01 3.245164e+01
    endloop
  endfacet
  facet normal 0.000000e+00 0.000000e+00 -1.000000e+00
    outer loop
      vertex   -4.528519e+00 3.198039e+01 3.245164e+01
      vertex   7.769752e+00 2.154532e+01 3.245164e+01
      vertex   -4.528519e+00 1.101961e+01 3.245164e+01
    endloop
  endfacet
  facet normal 0.000000e+00 0.000000e+00 -1.000000e+00
    outer loop
      vertex   -4.528519e+00 1.101961e+01 3.245164e+01
      vertex   7.769752e+00 2.154532e+01 3.245164e+01
      vertex   7.848311e+00 2.064739e+01 3.245164e+01
    endloop
  endfacet
  facet normal 0.000000e+00 0.000000e+00 -1.000000e+00
    outer loop
      vertex   -3.885003e+01 -2.616662e+01 3.245164e+01
      vertex   -3.946609e+01 -2.551722e+01 3.245164e+01
      vertex   -3.851722e+01 -2.646609e+01 3.245164e+01
    endloop
  endfacet
  facet normal 0.000000e+00 0.000000e+00 -1.000000e+00
    outer loop
      vertex   -3.851722e+01 -2.646609e+01 3.245164e+01
      vertex   -3.946609e+01 -2.551722e+01 3.245164e+01
      vertex   -2.340795e+01 -6.863934e+00 3.245164e+01
    endloop
  endfacet
  facet normal 0.000000e+00 0.000000e+00 -1.000000e+00
    outer loop
      vertex   -3.851722e+01 -2.646609e+01 3.245164e+01
      vertex   -2.340795e+01 -6.863934e+00 3.245164e+01
      vertex   -2.259895e+01 -8.057113e+00 3.245164e+01
    endloop
  endfacet
  facet normal 0.000000e+00 0.000000e+00 -1.000000e+00
    outer loop
      vertex   -3.885003e+01 -2.616662e+01 3.245164e+01
      vertex   -3.916662e+01 -2.585003e+01 3.245164e+01
      vertex   -3.946609e+01 -2.551722e+01 3.245164e+01
    endloop
  endfacet
  facet normal 0.000000e+00 0.000000e+00 -1.000000e+00
    outer loop
      vertex   -3.946609e+01 6.946609e+01 3.245164e+01
      vertex   -2.500244e+01 4.013795e+01 3.245164e+01
      vertex   -3.946609e+01 -2.551722e+01 3.245164e+01
    endloop
  endfacet
  facet normal 0.000000e+00 0.000000e+00 -1.000000e+00
    outer loop
      vertex   -3.946609e+01 -2.551722e+01 3.245164e+01
      vertex   -2.500244e+01 4.013795e+01 3.245164e+01
      vertex   -2.500244e+01 2.862054e+00 3.245164e+01
    endloop
  endfacet
  facet normal 0.000000e+00 0.000000e+00 -1.000000e+00
    outer loop
      vertex   -3.946609e+01 -2.551722e+01 3.245164e+01
      vertex   -2.500244e+01 2.862054e+00 3.245164e+01
      vertex   -2.523566e+01 1.439465e+00 3.245164e+01
    endloop
  endfacet
  facet normal 0.000000e+00 -0.000000e+00 -1.000000e+00
    outer loop
      vertex   -3.750000e+01 6.946609e+01 3.245164e+01
      vertex   -2.500244e+01 4.586205e+01 3.245164e+01
      vertex   -3.946609e+01 6.946609e+01 3.245164e+01
    endloop
  endfacet
  facet normal 0.000000e+00 0.000000e+00 -1.000000e+00
    outer loop
      vertex   -3.946609e+01 6.946609e+01 3.245164e+01
      vertex   -2.500244e+01 4.586205e+01 3.245164e+01
      vertex   -2.523566e+01 4.443947e+01 3.245164e+01
    endloop
  endfacet
  facet normal 0.000000e+00 0.000000e+00 -1.000000e+00
    outer loop
      vertex   -3.946609e+01 6.946609e+01 3.245164e+01
      vertex   -2.523566e+01 4.443947e+01 3.245164e+01
      vertex   -2.531371e+01 4.300000e+01 3.245164e+01
    endloop
  endfacet
  facet normal -0.000000e+00 0.000000e+00 -1.000000e+00
    outer loop
      vertex   2.950000e+01 6.946609e+01 3.245164e+01
      vertex   -9.846082e+00 5.613832e+01 3.245164e+01
      vertex   -3.750000e+01 6.946609e+01 3.245164e+01
    endloop
  endfacet
  facet normal 0.000000e+00 0.000000e+00 -1.000000e+00
    outer loop
      vertex   -3.750000e+01 6.946609e+01 3.245164e+01
      vertex   -9.846082e+00 5.613832e+01 3.245164e+01
      vertex   -1.127921e+01 5.629418e+01 3.245164e+01
    endloop
  endfacet
  facet normal 0.000000e+00 0.000000e+00 -1.000000e+00
    outer loop
      vertex   -3.750000e+01 6.946609e+01 3.245164e+01
      vertex   -1.127921e+01 5.629418e+01 3.245164e+01
      vertex   -1.272079e+01 5.629418e+01 3.245164e+01
    endloop
  endfacet
  facet normal -0.000000e+00 -0.000000e+00 -1.000000e+00
    outer loop
      vertex   3.292961e+01 6.946609e+01 3.245164e+01
      vertex   3.311429e+01 6.928066e+01 3.245164e+01
      vertex   2.950000e+01 6.946609e+01 3.245164e+01
    endloop
  endfacet
  facet normal 0.000000e+00 0.000000e+00 -1.000000e+00
    outer loop
      vertex   2.950000e+01 6.946609e+01 3.245164e+01
      vertex   3.311429e+01 6.928066e+01 3.245164e+01
      vertex   3.329317e+01 6.908963e+01 3.245164e+01
    endloop
  endfacet
  facet normal 0.000000e+00 0.000000e+00 -1.000000e+00
    outer loop
      vertex   2.950000e+01 6.946609e+01 3.245164e+01
      vertex   3.329317e+01 6.908963e+01 3.245164e+01
      vertex   3.346609e+01 6.889318e+01 3.245164e+01
    endloop
  endfacet
  facet normal 0.000000e+00 0.000000e+00 -1.000000e+00
    outer loop
      vertex   3.346609e+01 -2.646609e+01 3.245164e+01
      vertex   -1.401049e+00 -8.057113e+00 3.245164e+01
      vertex   3.346609e+01 -2.450000e+01 3.245164e+01
    endloop
  endfacet
  facet normal 0.000000e+00 0.000000e+00 -1.000000e+00
    outer loop
      vertex   3.346609e+01 -2.450000e+01 3.245164e+01
      vertex   -1.401049e+00 -8.057113e+00 3.245164e+01
      vertex   -5.920534e-01 -6.863934e+00 3.245164e+01
    endloop
  endfacet
  facet normal 0.000000e+00 0.000000e+00 -1.000000e+00
    outer loop
      vertex   3.346609e+01 -2.450000e+01 3.245164e+01
      vertex   -5.920534e-01 -6.863934e+00 3.245164e+01
      vertex   8.319455e-02 -5.590281e+00 3.245164e+01
    endloop
  endfacet
  facet normal 0.000000e+00 0.000000e+00 -1.000000e+00
    outer loop
      vertex   -3.851722e+01 -2.646609e+01 3.245164e+01
      vertex   -9.846082e+00 -1.313832e+01 3.245164e+01
      vertex   3.346609e+01 -2.646609e+01 3.245164e+01
    endloop
  endfacet
  facet normal 0.000000e+00 0.000000e+00 -1.000000e+00
    outer loop
      vertex   3.346609e+01 -2.646609e+01 3.245164e+01
      vertex   -9.846082e+00 -1.313832e+01 3.245164e+01
      vertex   -8.438206e+00 -1.282842e+01 3.245164e+01
    endloop
  endfacet
  facet normal 0.000000e+00 0.000000e+00 -1.000000e+00
    outer loop
      vertex   3.346609e+01 -2.646609e+01 3.245164e+01
      vertex   -8.438206e+00 -1.282842e+01 3.245164e+01
      vertex   -7.072089e+00 -1.236813e+01 3.245164e+01
    endloop
  endfacet
  facet normal -0.000000e+00 -0.000000e+00 -1.000000e+00
    outer loop
      vertex   -2.531371e+01 4.300000e+01 3.245164e+01
      vertex   -2.523566e+01 4.156053e+01 3.245164e+01
      vertex   -3.946609e+01 6.946609e+01 3.245164e+01
    endloop
  endfacet
  facet normal 0.000000e+00 0.000000e+00 -1.000000e+00
    outer loop
      vertex   -3.946609e+01 6.946609e+01 3.245164e+01
      vertex   -2.523566e+01 4.156053e+01 3.245164e+01
      vertex   -2.500244e+01 4.013795e+01 3.245164e+01
    endloop
  endfacet
  facet normal 0.000000e+00 0.000000e+00 -1.000000e+00
    outer loop
      vertex   -2.500244e+01 4.013795e+01 3.245164e+01
      vertex   -2.461678e+01 3.874891e+01 3.245164e+01
      vertex   -2.500244e+01 2.862054e+00 3.245164e+01
    endloop
  endfacet
  facet normal 0.000000e+00 0.000000e+00 -1.000000e+00
    outer loop
      vertex   -2.500244e+01 2.862054e+00 3.245164e+01
      vertex   -2.461678e+01 3.874891e+01 3.245164e+01
      vertex   -2.461678e+01 4.251088e+00 3.245164e+01
    endloop
  endfacet
  facet normal 0.000000e+00 0.000000e+00 -1.000000e+00
    outer loop
      vertex   -2.461678e+01 4.251088e+00 3.245164e+01
      vertex   -2.461678e+01 3.874891e+01 3.245164e+01
      vertex   -2.408319e+01 3.740972e+01 3.245164e+01
    endloop
  endfacet
  facet normal 0.000000e+00 0.000000e+00 -1.000000e+00
    outer loop
      vertex   -2.461678e+01 4.251088e+00 3.245164e+01
      vertex   -2.408319e+01 3.740972e+01 3.245164e+01
      vertex   -2.408319e+01 5.590281e+00 3.245164e+01
    endloop
  endfacet
  facet normal 0.000000e+00 0.000000e+00 -1.000000e+00
    outer loop
      vertex   -2.408319e+01 5.590281e+00 3.245164e+01
      vertex   -2.408319e+01 3.740972e+01 3.245164e+01
      vertex   -2.340795e+01 6.863934e+00 3.245164e+01
    endloop
  endfacet
  facet normal 0.000000e+00 0.000000e+00 -1.000000e+00
    outer loop
      vertex   -2.340795e+01 6.863934e+00 3.245164e+01
      vertex   -2.408319e+01 3.740972e+01 3.245164e+01
      vertex   -2.340795e+01 3.613607e+01 3.245164e+01
    endloop
  endfacet
  facet normal 0.000000e+00 0.000000e+00 -1.000000e+00
    outer loop
      vertex   -2.340795e+01 6.863934e+00 3.245164e+01
      vertex   -2.340795e+01 3.613607e+01 3.245164e+01
      vertex   -2.259895e+01 8.057113e+00 3.245164e+01
    endloop
  endfacet
  facet normal 0.000000e+00 0.000000e+00 -1.000000e+00
    outer loop
      vertex   -2.259895e+01 8.057113e+00 3.245164e+01
      vertex   -2.340795e+01 3.613607e+01 3.245164e+01
      vertex   -2.259895e+01 3.494289e+01 3.245164e+01
    endloop
  endfacet
  facet normal 0.000000e+00 0.000000e+00 -1.000000e+00
    outer loop
      vertex   -2.259895e+01 8.057113e+00 3.245164e+01
      vertex   -2.259895e+01 3.494289e+01 3.245164e+01
      vertex   -2.166569e+01 9.155830e+00 3.245164e+01
    endloop
  endfacet
  facet normal 0.000000e+00 0.000000e+00 -1.000000e+00
    outer loop
      vertex   -2.166569e+01 9.155830e+00 3.245164e+01
      vertex   -2.259895e+01 3.494289e+01 3.245164e+01
      vertex   -2.166569e+01 3.384417e+01 3.245164e+01
    endloop
  endfacet
  facet normal 0.000000e+00 0.000000e+00 -1.000000e+00
    outer loop
      vertex   -2.166569e+01 9.155830e+00 3.245164e+01
      vertex   -2.166569e+01 3.384417e+01 3.245164e+01
      vertex   -2.061911e+01 1.014720e+01 3.245164e+01
    endloop
  endfacet
  facet normal 0.000000e+00 0.000000e+00 -1.000000e+00
    outer loop
      vertex   -2.061911e+01 1.014720e+01 3.245164e+01
      vertex   -2.166569e+01 3.384417e+01 3.245164e+01
      vertex   -2.061911e+01 3.285280e+01 3.245164e+01
    endloop
  endfacet
  facet normal 0.000000e+00 0.000000e+00 -1.000000e+00
    outer loop
      vertex   -2.061911e+01 1.014720e+01 3.245164e+01
      vertex   -2.061911e+01 3.285280e+01 3.245164e+01
      vertex   -1.947148e+01 1.101961e+01 3.245164e+01
    endloop
  endfacet
  facet normal 0.000000e+00 0.000000e+00 -1.000000e+00
    outer loop
      vertex   -1.947148e+01 1.101961e+01 3.245164e+01
      vertex   -2.061911e+01 3.285280e+01 3.245164e+01
      vertex   -1.947148e+01 3.198039e+01 3.245164e+01
    endloop
  endfacet
  facet normal 0.000000e+00 0.000000e+00 -1.000000e+00
    outer loop
      vertex   -1.947148e+01 1.101961e+01 3.245164e+01
      vertex   -1.947148e+01 3.198039e+01 3.245164e+01
      vertex   -1.823625e+01 1.176282e+01 3.245164e+01
    endloop
  endfacet
  facet normal 0.000000e+00 0.000000e+00 -1.000000e+00
    outer loop
      vertex   -1.823625e+01 1.176282e+01 3.245164e+01
      vertex   -1.947148e+01 3.198039e+01 3.245164e+01
      vertex   -1.823625e+01 3.123718e+01 3.245164e+01
    endloop
  endfacet
  facet normal 0.000000e+00 0.000000e+00 -1.000000e+00
    outer loop
      vertex   -1.823625e+01 1.176282e+01 3.245164e+01
      vertex   -1.823625e+01 3.123718e+01 3.245164e+01
      vertex   -1.692791e+01 1.236813e+01 3.245164e+01
    endloop
  endfacet
  facet normal 0.000000e+00 0.000000e+00 -1.000000e+00
    outer loop
      vertex   -1.692791e+01 1.236813e+01 3.245164e+01
      vertex   -1.823625e+01 3.123718e+01 3.245164e+01
      vertex   -1.692791e+01 3.063187e+01 3.245164e+01
    endloop
  endfacet
  facet normal 0.000000e+00 0.000000e+00 -1.000000e+00
    outer loop
      vertex   -1.692791e+01 1.236813e+01 3.245164e+01
      vertex   -1.692791e+01 3.063187e+01 3.245164e+01
      vertex   -1.556179e+01 1.282842e+01 3.245164e+01
    endloop
  endfacet
  facet normal 0.000000e+00 0.000000e+00 -1.000000e+00
    outer loop
      vertex   -1.556179e+01 1.282842e+01 3.245164e+01
      vertex   -1.692791e+01 3.063187e+01 3.245164e+01
      vertex   -1.556179e+01 3.017158e+01 3.245164e+01
    endloop
  endfacet
  facet normal 0.000000e+00 0.000000e+00 -1.000000e+00
    outer loop
      vertex   -1.556179e+01 1.282842e+01 3.245164e+01
      vertex   -1.556179e+01 3.017158e+01 3.245164e+01
      vertex   -1.415392e+01 1.313832e+01 3.245164e+01
    endloop
  endfacet
  facet normal 0.000000e+00 0.000000e+00 -1.000000e+00
    outer loop
      vertex   -1.415392e+01 1.313832e+01 3.245164e+01
      vertex   -1.556179e+01 3.017158e+01 3.245164e+01
      vertex   -1.415392e+01 2.986168e+01 3.245164e+01
    endloop
  endfacet
  facet normal 0.000000e+00 0.000000e+00 -1.000000e+00
    outer loop
      vertex   -1.415392e+01 1.313832e+01 3.245164e+01
      vertex   -1.415392e+01 2.986168e+01 3.245164e+01
      vertex   -1.272079e+01 1.329418e+01 3.245164e+01
    endloop
  endfacet
  facet normal 0.000000e+00 0.000000e+00 -1.000000e+00
    outer loop
      vertex   -1.272079e+01 1.329418e+01 3.245164e+01
      vertex   -1.415392e+01 2.986168e+01 3.245164e+01
      vertex   -1.272079e+01 2.970582e+01 3.245164e+01
    endloop
  endfacet
  facet normal 0.000000e+00 0.000000e+00 -1.000000e+00
    outer loop
      vertex   -1.272079e+01 1.329418e+01 3.245164e+01
      vertex   -1.272079e+01 2.970582e+01 3.245164e+01
      vertex   -1.127921e+01 2.970582e+01 3.245164e+01
    endloop
  endfacet
  facet normal 0.000000e+00 -0.000000e+00 -1.000000e+00
    outer loop
      vertex   -9.846082e+00 2.986168e+01 3.245164e+01
      vertex   -9.846082e+00 1.313832e+01 3.245164e+01
      vertex   -1.127921e+01 2.970582e+01 3.245164e+01
    endloop
  endfacet
  facet normal 0.000000e+00 0.000000e+00 -1.000000e+00
    outer loop
      vertex   -1.127921e+01 2.970582e+01 3.245164e+01
      vertex   -9.846082e+00 1.313832e+01 3.245164e+01
      vertex   -1.127921e+01 1.329418e+01 3.245164e+01
    endloop
  endfacet
  facet normal 0.000000e+00 -0.000000e+00 -1.000000e+00
    outer loop
      vertex   -1.127921e+01 2.970582e+01 3.245164e+01
      vertex   -1.127921e+01 1.329418e+01 3.245164e+01
      vertex   -1.272079e+01 1.329418e+01 3.245164e+01
    endloop
  endfacet
  facet normal 0.000000e+00 0.000000e+00 -1.000000e+00
    outer loop
      vertex   -9.846082e+00 1.313832e+01 3.245164e+01
      vertex   -9.846082e+00 2.986168e+01 3.245164e+01
      vertex   -8.438206e+00 1.282842e+01 3.245164e+01
    endloop
  endfacet
  facet normal 0.000000e+00 0.000000e+00 -1.000000e+00
    outer loop
      vertex   -8.438206e+00 1.282842e+01 3.245164e+01
      vertex   -9.846082e+00 2.986168e+01 3.245164e+01
      vertex   -8.438206e+00 3.017158e+01 3.245164e+01
    endloop
  endfacet
  facet normal 0.000000e+00 0.000000e+00 -1.000000e+00
    outer loop
      vertex   -8.438206e+00 1.282842e+01 3.245164e+01
      vertex   -8.438206e+00 3.017158e+01 3.245164e+01
      vertex   -7.072089e+00 1.236813e+01 3.245164e+01
    endloop
  endfacet
  facet normal 0.000000e+00 0.000000e+00 -1.000000e+00
    outer loop
      vertex   -7.072089e+00 1.236813e+01 3.245164e+01
      vertex   -8.438206e+00 3.017158e+01 3.245164e+01
      vertex   -7.072089e+00 3.063187e+01 3.245164e+01
    endloop
  endfacet
  facet normal 0.000000e+00 0.000000e+00 -1.000000e+00
    outer loop
      vertex   -7.072089e+00 1.236813e+01 3.245164e+01
      vertex   -7.072089e+00 3.063187e+01 3.245164e+01
      vertex   -5.763747e+00 1.176282e+01 3.245164e+01
    endloop
  endfacet
  facet normal 0.000000e+00 0.000000e+00 -1.000000e+00
    outer loop
      vertex   -5.763747e+00 1.176282e+01 3.245164e+01
      vertex   -7.072089e+00 3.063187e+01 3.245164e+01
      vertex   -5.763747e+00 3.123718e+01 3.245164e+01
    endloop
  endfacet
  facet normal 0.000000e+00 0.000000e+00 -1.000000e+00
    outer loop
      vertex   -5.763747e+00 1.176282e+01 3.245164e+01
      vertex   -5.763747e+00 3.123718e+01 3.245164e+01
      vertex   -4.528519e+00 1.101961e+01 3.245164e+01
    endloop
  endfacet
  facet normal 0.000000e+00 0.000000e+00 -1.000000e+00
    outer loop
      vertex   -4.528519e+00 1.101961e+01 3.245164e+01
      vertex   -5.763747e+00 3.123718e+01 3.245164e+01
      vertex   -4.528519e+00 3.198039e+01 3.245164e+01
    endloop
  endfacet
  facet normal 0.000000e+00 0.000000e+00 -1.000000e+00
    outer loop
      vertex   1.002441e+00 4.586205e+01 3.245164e+01
      vertex   6.167781e-01 4.725109e+01 3.245164e+01
      vertex   2.950000e+01 6.946609e+01 3.245164e+01
    endloop
  endfacet
  facet normal 0.000000e+00 0.000000e+00 -1.000000e+00
    outer loop
      vertex   2.950000e+01 6.946609e+01 3.245164e+01
      vertex   6.167781e-01 4.725109e+01 3.245164e+01
      vertex   8.319455e-02 4.859028e+01 3.245164e+01
    endloop
  endfacet
  facet normal 0.000000e+00 0.000000e+00 -1.000000e+00
    outer loop
      vertex   2.950000e+01 6.946609e+01 3.245164e+01
      vertex   8.319455e-02 4.859028e+01 3.245164e+01
      vertex   -5.920534e-01 4.986393e+01 3.245164e+01
    endloop
  endfacet
  facet normal 0.000000e+00 0.000000e+00 -1.000000e+00
    outer loop
      vertex   -5.920534e-01 4.986393e+01 3.245164e+01
      vertex   -1.401049e+00 5.105711e+01 3.245164e+01
      vertex   2.950000e+01 6.946609e+01 3.245164e+01
    endloop
  endfacet
  facet normal 0.000000e+00 0.000000e+00 -1.000000e+00
    outer loop
      vertex   2.950000e+01 6.946609e+01 3.245164e+01
      vertex   -1.401049e+00 5.105711e+01 3.245164e+01
      vertex   -2.334308e+00 5.215583e+01 3.245164e+01
    endloop
  endfacet
  facet normal 0.000000e+00 0.000000e+00 -1.000000e+00
    outer loop
      vertex   2.950000e+01 6.946609e+01 3.245164e+01
      vertex   -2.334308e+00 5.215583e+01 3.245164e+01
      vertex   -3.380888e+00 5.314720e+01 3.245164e+01
    endloop
  endfacet
  facet normal 0.000000e+00 0.000000e+00 -1.000000e+00
    outer loop
      vertex   -3.380888e+00 5.314720e+01 3.245164e+01
      vertex   -4.528519e+00 5.401961e+01 3.245164e+01
      vertex   2.950000e+01 6.946609e+01 3.245164e+01
    endloop
  endfacet
  facet normal 0.000000e+00 0.000000e+00 -1.000000e+00
    outer loop
      vertex   2.950000e+01 6.946609e+01 3.245164e+01
      vertex   -4.528519e+00 5.401961e+01 3.245164e+01
      vertex   -5.763747e+00 5.476282e+01 3.245164e+01
    endloop
  endfacet
  facet normal 0.000000e+00 0.000000e+00 -1.000000e+00
    outer loop
      vertex   2.950000e+01 6.946609e+01 3.245164e+01
      vertex   -5.763747e+00 5.476282e+01 3.245164e+01
      vertex   -7.072089e+00 5.536813e+01 3.245164e+01
    endloop
  endfacet
  facet normal 0.000000e+00 0.000000e+00 -1.000000e+00
    outer loop
      vertex   -7.072089e+00 5.536813e+01 3.245164e+01
      vertex   -8.438206e+00 5.582842e+01 3.245164e+01
      vertex   2.950000e+01 6.946609e+01 3.245164e+01
    endloop
  endfacet
  facet normal 0.000000e+00 0.000000e+00 -1.000000e+00
    outer loop
      vertex   2.950000e+01 6.946609e+01 3.245164e+01
      vertex   -8.438206e+00 5.582842e+01 3.245164e+01
      vertex   -9.846082e+00 5.613832e+01 3.245164e+01
    endloop
  endfacet
  facet normal -0.000000e+00 0.000000e+00 -1.000000e+00
    outer loop
      vertex   -1.272079e+01 5.629418e+01 3.245164e+01
      vertex   -1.415392e+01 5.613832e+01 3.245164e+01
      vertex   -3.750000e+01 6.946609e+01 3.245164e+01
    endloop
  endfacet
  facet normal 0.000000e+00 0.000000e+00 -1.000000e+00
    outer loop
      vertex   -3.750000e+01 6.946609e+01 3.245164e+01
      vertex   -1.415392e+01 5.613832e+01 3.245164e+01
      vertex   -1.556179e+01 5.582842e+01 3.245164e+01
    endloop
  endfacet
  facet normal 0.000000e+00 0.000000e+00 -1.000000e+00
    outer loop
      vertex   -3.750000e+01 6.946609e+01 3.245164e+01
      vertex   -1.556179e+01 5.582842e+01 3.245164e+01
      vertex   -1.692791e+01 5.536813e+01 3.245164e+01
    endloop
  endfacet
  facet normal -0.000000e+00 0.000000e+00 -1.000000e+00
    outer loop
      vertex   -1.692791e+01 5.536813e+01 3.245164e+01
      vertex   -1.823625e+01 5.476282e+01 3.245164e+01
      vertex   -3.750000e+01 6.946609e+01 3.245164e+01
    endloop
  endfacet
  facet normal 0.000000e+00 0.000000e+00 -1.000000e+00
    outer loop
      vertex   -3.750000e+01 6.946609e+01 3.245164e+01
      vertex   -1.823625e+01 5.476282e+01 3.245164e+01
      vertex   -1.947148e+01 5.401961e+01 3.245164e+01
    endloop
  endfacet
  facet normal 0.000000e+00 0.000000e+00 -1.000000e+00
    outer loop
      vertex   -3.750000e+01 6.946609e+01 3.245164e+01
      vertex   -1.947148e+01 5.401961e+01 3.245164e+01
      vertex   -2.061911e+01 5.314720e+01 3.245164e+01
    endloop
  endfacet
  facet normal -0.000000e+00 0.000000e+00 -1.000000e+00
    outer loop
      vertex   -2.061911e+01 5.314720e+01 3.245164e+01
      vertex   -2.166569e+01 5.215583e+01 3.245164e+01
      vertex   -3.750000e+01 6.946609e+01 3.245164e+01
    endloop
  endfacet
  facet normal 0.000000e+00 0.000000e+00 -1.000000e+00
    outer loop
      vertex   -3.750000e+01 6.946609e+01 3.245164e+01
      vertex   -2.166569e+01 5.215583e+01 3.245164e+01
      vertex   -2.259895e+01 5.105711e+01 3.245164e+01
    endloop
  endfacet
  facet normal 0.000000e+00 0.000000e+00 -1.000000e+00
    outer loop
      vertex   -3.750000e+01 6.946609e+01 3.245164e+01
      vertex   -2.259895e+01 5.105711e+01 3.245164e+01
      vertex   -2.340795e+01 4.986393e+01 3.245164e+01
    endloop
  endfacet
  facet normal -0.000000e+00 0.000000e+00 -1.000000e+00
    outer loop
      vertex   -2.340795e+01 4.986393e+01 3.245164e+01
      vertex   -2.408319e+01 4.859028e+01 3.245164e+01
      vertex   -3.750000e+01 6.946609e+01 3.245164e+01
    endloop
  endfacet
  facet normal 0.000000e+00 0.000000e+00 -1.000000e+00
    outer loop
      vertex   -3.750000e+01 6.946609e+01 3.245164e+01
      vertex   -2.408319e+01 4.859028e+01 3.245164e+01
      vertex   -2.461678e+01 4.725109e+01 3.245164e+01
    endloop
  endfacet
  facet normal 0.000000e+00 0.000000e+00 -1.000000e+00
    outer loop
      vertex   -3.750000e+01 6.946609e+01 3.245164e+01
      vertex   -2.461678e+01 4.725109e+01 3.245164e+01
      vertex   -2.500244e+01 4.586205e+01 3.245164e+01
    endloop
  endfacet
  facet normal 0.000000e+00 0.000000e+00 -1.000000e+00
    outer loop
      vertex   -2.523566e+01 1.439465e+00 3.245164e+01
      vertex   -2.531371e+01 1.110223e-15 3.245164e+01
      vertex   -3.946609e+01 -2.551722e+01 3.245164e+01
    endloop
  endfacet
  facet normal 0.000000e+00 0.000000e+00 -1.000000e+00
    outer loop
      vertex   -3.946609e+01 -2.551722e+01 3.245164e+01
      vertex   -2.531371e+01 1.110223e-15 3.245164e+01
      vertex   -2.523566e+01 -1.439465e+00 3.245164e+01
    endloop
  endfacet
  facet normal 0.000000e+00 0.000000e+00 -1.000000e+00
    outer loop
      vertex   -3.946609e+01 -2.551722e+01 3.245164e+01
      vertex   -2.523566e+01 -1.439465e+00 3.245164e+01
      vertex   -2.500244e+01 -2.862054e+00 3.245164e+01
    endloop
  endfacet
  facet normal 0.000000e+00 -0.000000e+00 -1.000000e+00
    outer loop
      vertex   -2.500244e+01 -2.862054e+00 3.245164e+01
      vertex   -2.461678e+01 -4.251088e+00 3.245164e+01
      vertex   -3.946609e+01 -2.551722e+01 3.245164e+01
    endloop
  endfacet
  facet normal 0.000000e+00 0.000000e+00 -1.000000e+00
    outer loop
      vertex   -3.946609e+01 -2.551722e+01 3.245164e+01
      vertex   -2.461678e+01 -4.251088e+00 3.245164e+01
      vertex   -2.408319e+01 -5.590281e+00 3.245164e+01
    endloop
  endfacet
  facet normal 0.000000e+00 0.000000e+00 -1.000000e+00
    outer loop
      vertex   -3.946609e+01 -2.551722e+01 3.245164e+01
      vertex   -2.408319e+01 -5.590281e+00 3.245164e+01
      vertex   -2.340795e+01 -6.863934e+00 3.245164e+01
    endloop
  endfacet
  facet normal 0.000000e+00 -0.000000e+00 -1.000000e+00
    outer loop
      vertex   -2.259895e+01 -8.057113e+00 3.245164e+01
      vertex   -2.166569e+01 -9.155830e+00 3.245164e+01
      vertex   -3.851722e+01 -2.646609e+01 3.245164e+01
    endloop
  endfacet
  facet normal 0.000000e+00 0.000000e+00 -1.000000e+00
    outer loop
      vertex   -3.851722e+01 -2.646609e+01 3.245164e+01
      vertex   -2.166569e+01 -9.155830e+00 3.245164e+01
      vertex   -2.061911e+01 -1.014720e+01 3.245164e+01
    endloop
  endfacet
  facet normal 0.000000e+00 0.000000e+00 -1.000000e+00
    outer loop
      vertex   -3.851722e+01 -2.646609e+01 3.245164e+01
      vertex   -2.061911e+01 -1.014720e+01 3.245164e+01
      vertex   -1.947148e+01 -1.101961e+01 3.245164e+01
    endloop
  endfacet
  facet normal 0.000000e+00 -0.000000e+00 -1.000000e+00
    outer loop
      vertex   -1.947148e+01 -1.101961e+01 3.245164e+01
      vertex   -1.823625e+01 -1.176282e+01 3.245164e+01
      vertex   -3.851722e+01 -2.646609e+01 3.245164e+01
    endloop
  endfacet
  facet normal 0.000000e+00 0.000000e+00 -1.000000e+00
    outer loop
      vertex   -3.851722e+01 -2.646609e+01 3.245164e+01
      vertex   -1.823625e+01 -1.176282e+01 3.245164e+01
      vertex   -1.692791e+01 -1.236813e+01 3.245164e+01
    endloop
  endfacet
  facet normal 0.000000e+00 0.000000e+00 -1.000000e+00
    outer loop
      vertex   -3.851722e+01 -2.646609e+01 3.245164e+01
      vertex   -1.692791e+01 -1.236813e+01 3.245164e+01
      vertex   -1.556179e+01 -1.282842e+01 3.245164e+01
    endloop
  endfacet
  facet normal 0.000000e+00 -0.000000e+00 -1.000000e+00
    outer loop
      vertex   -1.556179e+01 -1.282842e+01 3.245164e+01
      vertex   -1.415392e+01 -1.313832e+01 3.245164e+01
      vertex   -3.851722e+01 -2.646609e+01 3.245164e+01
    endloop
  endfacet
  facet normal 0.000000e+00 0.000000e+00 -1.000000e+00
    outer loop
      vertex   -3.851722e+01 -2.646609e+01 3.245164e+01
      vertex   -1.415392e+01 -1.313832e+01 3.245164e+01
      vertex   -1.272079e+01 -1.329418e+01 3.245164e+01
    endloop
  endfacet
  facet normal 0.000000e+00 0.000000e+00 -1.000000e+00
    outer loop
      vertex   -3.851722e+01 -2.646609e+01 3.245164e+01
      vertex   -1.272079e+01 -1.329418e+01 3.245164e+01
      vertex   -1.127921e+01 -1.329418e+01 3.245164e+01
    endloop
  endfacet
  facet normal 0.000000e+00 -0.000000e+00 -1.000000e+00
    outer loop
      vertex   -1.127921e+01 -1.329418e+01 3.245164e+01
      vertex   -9.846082e+00 -1.313832e+01 3.245164e+01
      vertex   -3.851722e+01 -2.646609e+01 3.245164e+01
    endloop
  endfacet
  facet normal 0.000000e+00 0.000000e+00 -1.000000e+00
    outer loop
      vertex   -7.072089e+00 -1.236813e+01 3.245164e+01
      vertex   -5.763747e+00 -1.176282e+01 3.245164e+01
      vertex   3.346609e+01 -2.646609e+01 3.245164e+01
    endloop
  endfacet
  facet normal 0.000000e+00 0.000000e+00 -1.000000e+00
    outer loop
      vertex   3.346609e+01 -2.646609e+01 3.245164e+01
      vertex   -5.763747e+00 -1.176282e+01 3.245164e+01
      vertex   -4.528519e+00 -1.101961e+01 3.245164e+01
    endloop
  endfacet
  facet normal 0.000000e+00 0.000000e+00 -1.000000e+00
    outer loop
      vertex   3.346609e+01 -2.646609e+01 3.245164e+01
      vertex   -4.528519e+00 -1.101961e+01 3.245164e+01
      vertex   -3.380888e+00 -1.014720e+01 3.245164e+01
    endloop
  endfacet
  facet normal 0.000000e+00 0.000000e+00 -1.000000e+00
    outer loop
      vertex   -3.380888e+00 -1.014720e+01 3.245164e+01
      vertex   -2.334308e+00 -9.155830e+00 3.245164e+01
      vertex   3.346609e+01 -2.646609e+01 3.245164e+01
    endloop
  endfacet
  facet normal 0.000000e+00 0.000000e+00 -1.000000e+00
    outer loop
      vertex   3.346609e+01 -2.646609e+01 3.245164e+01
      vertex   -2.334308e+00 -9.155830e+00 3.245164e+01
      vertex   -1.401049e+00 -8.057113e+00 3.245164e+01
    endloop
  endfacet
  facet normal 0.000000e+00 0.000000e+00 -1.000000e+00
    outer loop
      vertex   8.319455e-02 -5.590281e+00 3.245164e+01
      vertex   6.167781e-01 -4.251088e+00 3.245164e+01
      vertex   3.346609e+01 -2.450000e+01 3.245164e+01
    endloop
  endfacet
  facet normal 0.000000e+00 0.000000e+00 -1.000000e+00
    outer loop
      vertex   3.346609e+01 -2.450000e+01 3.245164e+01
      vertex   6.167781e-01 -4.251088e+00 3.245164e+01
      vertex   1.002441e+00 -2.862054e+00 3.245164e+01
    endloop
  endfacet
  facet normal 0.000000e+00 0.000000e+00 -1.000000e+00
    outer loop
      vertex   3.346609e+01 -2.450000e+01 3.245164e+01
      vertex   1.002441e+00 -2.862054e+00 3.245164e+01
      vertex   1.235663e+00 -1.439465e+00 3.245164e+01
    endloop
  endfacet
endsolid
